timestamp,sound,decibels
2024-12-17 16:54:49,69,6.9
2024-12-17 16:54:50,94,9.4
2024-12-17 16:54:51,55,5.5
2024-12-17 16:54:52,66,6.6
2024-12-17 16:54:53,106,10.6
2024-12-17 16:54:54,85,8.5
2024-12-17 16:54:55,113,11.3
2024-12-17 16:54:56,146,14.6
2024-12-17 16:54:57,59,5.9
2024-12-17 16:54:58,78,7.8
2024-12-17 16:54:59,95,9.5
2024-12-17 16:55:00,76,7.6
2024-12-17 16:55:01,64,6.4
2024-12-17 16:55:02,132,13.2
2024-12-17 16:55:03,75,7.5
2024-12-17 16:55:04,145,14.5
2024-12-17 16:55:05,140,14.0
2024-12-17 16:55:06,103,10.3
2024-12-17 16:55:07,77,7.7
2024-12-17 16:55:08,156,15.6
2024-12-17 16:55:09,56,5.6
2024-12-17 16:55:10,127,12.7
2024-12-17 16:55:11,114,11.4
2024-12-17 16:55:12,111,11.1
2024-12-17 16:55:13,148,14.8
2024-12-17 16:55:14,152,15.2
2024-12-17 16:55:15,112,11.2
2024-12-17 16:55:16,147,14.7
2024-12-17 16:55:17,102,10.2
2024-12-17 16:55:18,62,6.2
2024-12-17 16:55:19,110,11.0
2024-12-17 16:55:20,88,8.8
2024-12-17 16:55:21,74,7.4
2024-12-17 16:55:22,79,7.9
2024-12-17 16:55:23,118,11.8
2024-12-17 16:55:24,82,8.2
2024-12-17 16:55:25,159,15.9
2024-12-17 16:55:26,80,8.0
2024-12-17 16:55:27,86,8.6
2024-12-17 16:55:28,157,15.7
2024-12-17 16:55:29,154,15.4
2024-12-17 16:55:30,94,9.4
2024-12-17 16:55:31,104,10.4
2024-12-17 16:55:32,146,14.6
2024-12-17 16:55:33,94,9.4
2024-12-17 16:55:34,141,14.1
2024-12-17 16:55:35,58,5.8
2024-12-17 16:55:36,85,8.5
2024-12-17 16:55:37,88,8.8
2024-12-17 16:55:38,108,10.8
2024-12-17 16:55:39,109,10.9
2024-12-17 16:55:40,99,9.9
2024-12-17 16:55:41,121,12.1
2024-12-17 16:55:42,127,12.7
2024-12-17 16:55:43,149,14.9
2024-12-17 16:55:44,85,8.5
2024-12-17 16:55:45,149,14.9
2024-12-17 16:55:46,155,15.5
2024-12-17 16:55:47,96,9.6
2024-12-17 16:55:48,155,15.5
2024-12-17 16:55:49,134,13.4
2024-12-17 16:55:50,160,16.0
2024-12-17 16:55:51,150,15.0
2024-12-17 16:55:52,132,13.2
2024-12-17 16:55:53,117,11.7
2024-12-17 16:55:54,121,12.1
2024-12-17 16:55:55,144,14.4
2024-12-17 16:55:56,88,8.8
2024-12-17 16:55:57,123,12.3
2024-12-17 16:55:58,124,12.4
2024-12-17 16:55:59,119,11.9
2024-12-17 16:56:00,50,5.0
2024-12-17 16:56:01,98,9.8
2024-12-17 16:56:02,54,5.4
2024-12-17 16:56:03,54,5.4
2024-12-17 16:56:04,52,5.2
2024-12-17 16:56:05,70,7.0
2024-12-17 16:56:06,144,14.4
2024-12-17 16:56:07,120,12.0
2024-12-17 16:56:08,120,12.0
2024-12-17 16:56:09,97,9.7
2024-12-17 16:56:10,110,11.0
2024-12-17 16:56:11,53,5.3
2024-12-17 16:56:12,130,13.0
2024-12-17 16:56:13,159,15.9
2024-12-17 16:56:14,142,14.2
2024-12-17 16:56:15,130,13.0
2024-12-17 16:56:16,66,6.6
2024-12-17 16:56:17,147,14.7
2024-12-17 16:56:18,108,10.8
2024-12-17 16:56:19,141,14.1
2024-12-17 16:56:20,60,6.0
2024-12-17 16:56:21,136,13.6
2024-12-17 16:56:22,130,13.0
2024-12-17 16:56:23,91,9.1
2024-12-17 16:56:24,121,12.1
2024-12-17 16:56:25,117,11.7
2024-12-17 16:56:26,67,6.7
2024-12-17 16:56:27,143,14.3
2024-12-17 16:56:28,58,5.8
2024-12-17 16:56:29,70,7.0
2024-12-17 16:56:30,91,9.1
2024-12-17 16:56:31,104,10.4
2024-12-17 16:56:32,77,7.7
2024-12-17 16:56:33,155,15.5
2024-12-17 16:56:34,106,10.6
2024-12-17 16:56:35,57,5.7
2024-12-17 16:56:36,95,9.5
2024-12-17 16:56:37,137,13.7
2024-12-17 16:56:38,143,14.3
2024-12-17 16:56:39,147,14.7
2024-12-17 16:56:40,151,15.1
2024-12-17 16:56:41,67,6.7
2024-12-17 16:56:42,134,13.4
2024-12-17 16:56:43,59,5.9
2024-12-17 16:56:44,135,13.5
2024-12-17 16:56:45,117,11.7
2024-12-17 16:56:46,54,5.4
2024-12-17 16:56:47,142,14.2
2024-12-17 16:56:48,137,13.7
2024-12-17 16:56:49,105,10.5
2024-12-17 16:56:50,88,8.8
2024-12-17 16:56:51,96,9.6
2024-12-17 16:56:52,146,14.6
2024-12-17 16:56:53,81,8.1
2024-12-17 16:56:54,101,10.1
2024-12-17 16:56:55,145,14.5
2024-12-17 16:56:56,157,15.7
2024-12-17 16:56:57,103,10.3
2024-12-17 16:56:58,151,15.1
2024-12-17 16:56:59,128,12.8
2024-12-17 16:57:00,68,6.8
2024-12-17 16:57:01,145,14.5
2024-12-17 16:57:02,127,12.7
2024-12-17 16:57:03,56,5.6
2024-12-17 16:57:04,119,11.9
2024-12-17 16:57:05,53,5.3
2024-12-17 16:57:06,78,7.8
2024-12-17 16:57:07,101,10.1
2024-12-17 16:57:08,107,10.7
2024-12-17 16:57:09,121,12.1
2024-12-17 16:57:10,146,14.6
2024-12-17 16:57:11,89,8.9
2024-12-17 16:57:12,122,12.2
2024-12-17 16:57:13,146,14.6
2024-12-17 16:57:14,72,7.2
2024-12-17 16:57:15,143,14.3
2024-12-17 16:57:16,96,9.6
2024-12-17 16:57:17,128,12.8
2024-12-17 16:57:18,71,7.1
2024-12-17 16:57:19,140,14.0
2024-12-17 16:57:20,133,13.3
2024-12-17 16:57:21,159,15.9
2024-12-17 16:57:22,82,8.2
2024-12-17 16:57:23,52,5.2
2024-12-17 16:57:24,144,14.4
2024-12-17 16:57:25,121,12.1
2024-12-17 16:57:26,51,5.1
2024-12-17 16:57:27,81,8.1
2024-12-17 16:57:28,69,6.9
2024-12-17 16:57:29,159,15.9
2024-12-17 16:57:30,146,14.6
2024-12-17 16:57:31,159,15.9
2024-12-17 16:57:32,74,7.4
2024-12-17 16:57:33,139,13.9
2024-12-17 16:57:34,121,12.1
2024-12-17 16:57:35,55,5.5
2024-12-17 16:57:36,92,9.2
2024-12-17 16:57:37,74,7.4
2024-12-17 16:57:38,95,9.5
2024-12-17 16:57:39,136,13.6
2024-12-17 16:57:40,99,9.9
2024-12-17 16:57:41,125,12.5
2024-12-17 16:57:42,132,13.2
2024-12-17 16:57:43,160,16.0
2024-12-17 16:57:44,57,5.7
2024-12-17 16:57:45,103,10.3
2024-12-17 16:57:46,63,6.3
2024-12-17 16:57:47,87,8.7
2024-12-17 16:57:48,103,10.3
2024-12-17 16:57:49,119,11.9
2024-12-17 16:57:50,157,15.7
2024-12-17 16:57:51,143,14.3
2024-12-17 16:57:52,122,12.2
2024-12-17 16:57:53,155,15.5
2024-12-17 16:57:54,117,11.7
2024-12-17 16:57:55,146,14.6
2024-12-17 16:57:56,142,14.2
2024-12-17 16:57:57,160,16.0
2024-12-17 16:57:58,129,12.9
2024-12-17 16:57:59,84,8.4
2024-12-17 16:58:00,109,10.9
2024-12-17 16:58:01,58,5.8
2024-12-17 16:58:02,66,6.6
2024-12-17 16:58:03,150,15.0
2024-12-17 16:58:04,109,10.9
2024-12-17 16:58:05,75,7.5
2024-12-17 16:58:06,70,7.0
2024-12-17 16:58:07,121,12.1
2024-12-17 16:58:08,117,11.7
2024-12-17 16:58:09,61,6.1
2024-12-17 16:58:10,108,10.8
2024-12-17 16:58:11,131,13.1
2024-12-17 16:58:12,148,14.8
2024-12-17 16:58:13,54,5.4
2024-12-17 16:58:14,122,12.2
2024-12-17 16:58:15,115,11.5
2024-12-17 16:58:16,75,7.5
2024-12-17 16:58:17,128,12.8
2024-12-17 16:58:18,50,5.0
2024-12-17 16:58:19,115,11.5
2024-12-17 16:58:20,52,5.2
2024-12-17 16:58:21,115,11.5
2024-12-17 16:58:22,157,15.7
2024-12-17 16:58:23,68,6.8
2024-12-17 16:58:24,155,15.5
2024-12-17 16:58:25,68,6.8
2024-12-17 16:58:26,101,10.1
2024-12-17 16:58:27,101,10.1
2024-12-17 16:58:28,65,6.5
2024-12-17 16:58:29,158,15.8
2024-12-17 16:58:30,87,8.7
2024-12-17 16:58:31,63,6.3
2024-12-17 16:58:32,159,15.9
2024-12-17 16:58:33,104,10.4
2024-12-17 16:58:34,116,11.6
2024-12-17 16:58:35,147,14.7
2024-12-17 16:58:36,79,7.9
2024-12-17 16:58:37,96,9.6
2024-12-17 16:58:38,88,8.8
2024-12-17 16:58:39,78,7.8
2024-12-17 16:58:40,55,5.5
2024-12-17 16:58:41,132,13.2
2024-12-17 16:58:42,144,14.4
2024-12-17 16:58:43,100,10.0
2024-12-17 16:58:44,110,11.0
2024-12-17 16:58:45,143,14.3
2024-12-17 16:58:46,98,9.8
2024-12-17 16:58:47,93,9.3
2024-12-17 16:58:48,52,5.2
2024-12-17 16:58:49,129,12.9
2024-12-17 16:58:50,93,9.3
2024-12-17 16:58:51,122,12.2
2024-12-17 16:58:52,155,15.5
2024-12-17 16:58:53,79,7.9
2024-12-17 16:58:54,143,14.3
2024-12-17 16:58:55,124,12.4
2024-12-17 16:58:56,99,9.9
2024-12-17 16:58:57,113,11.3
2024-12-17 16:58:58,99,9.9
2024-12-17 16:58:59,93,9.3
2024-12-17 16:59:00,73,7.3
2024-12-17 16:59:01,98,9.8
2024-12-17 16:59:02,128,12.8
2024-12-17 16:59:03,153,15.3
2024-12-17 16:59:04,131,13.1
2024-12-17 16:59:05,72,7.2
2024-12-17 16:59:06,107,10.7
2024-12-17 16:59:07,55,5.5
2024-12-17 16:59:08,96,9.6
2024-12-17 16:59:09,153,15.3
2024-12-17 16:59:10,157,15.7
2024-12-17 16:59:11,91,9.1
2024-12-17 16:59:12,77,7.7
2024-12-17 16:59:13,149,14.9
2024-12-17 16:59:14,62,6.2
2024-12-17 16:59:15,134,13.4
2024-12-17 16:59:16,122,12.2
2024-12-17 16:59:17,67,6.7
2024-12-17 16:59:18,123,12.3
2024-12-17 16:59:19,100,10.0
2024-12-17 16:59:20,87,8.7
2024-12-17 16:59:21,125,12.5
2024-12-17 16:59:22,96,9.6
2024-12-17 16:59:23,110,11.0
2024-12-17 16:59:24,82,8.2
2024-12-17 16:59:25,105,10.5
2024-12-17 16:59:26,143,14.3
2024-12-17 16:59:27,146,14.6
2024-12-17 16:59:28,149,14.9
2024-12-17 16:59:29,150,15.0
2024-12-17 16:59:30,68,6.8
2024-12-17 16:59:31,78,7.8
2024-12-17 16:59:32,69,6.9
2024-12-17 16:59:33,60,6.0
2024-12-17 16:59:34,150,15.0
2024-12-17 16:59:35,130,13.0
2024-12-17 16:59:36,51,5.1
2024-12-17 16:59:37,55,5.5
2024-12-17 16:59:38,52,5.2
2024-12-17 16:59:39,102,10.2
2024-12-17 16:59:40,64,6.4
2024-12-17 16:59:41,51,5.1
2024-12-17 16:59:42,59,5.9
2024-12-17 16:59:43,127,12.7
2024-12-17 16:59:44,150,15.0
2024-12-17 16:59:45,133,13.3
2024-12-17 16:59:46,93,9.3
2024-12-17 16:59:47,129,12.9
2024-12-17 16:59:48,91,9.1
2024-12-17 16:59:49,158,15.8
2024-12-17 16:59:50,108,10.8
2024-12-17 16:59:51,159,15.9
2024-12-17 16:59:52,75,7.5
2024-12-17 16:59:53,96,9.6
2024-12-17 16:59:54,131,13.1
2024-12-17 16:59:55,86,8.6
2024-12-17 16:59:56,95,9.5
2024-12-17 16:59:57,70,7.0
2024-12-17 16:59:58,77,7.7
2024-12-17 16:59:59,119,11.9
2024-12-17 17:00:00,149,14.9
2024-12-17 17:00:01,79,7.9
2024-12-17 17:00:02,78,7.8
2024-12-17 17:00:03,116,11.6
2024-12-17 17:00:04,138,13.8
2024-12-17 17:00:05,79,7.9
2024-12-17 17:00:06,159,15.9
2024-12-17 17:00:07,80,8.0
2024-12-17 17:00:08,61,6.1
2024-12-17 17:00:09,107,10.7
2024-12-17 17:00:10,83,8.3
2024-12-17 17:00:11,58,5.8
2024-12-17 17:00:12,76,7.6
2024-12-17 17:00:13,72,7.2
2024-12-17 17:00:14,81,8.1
2024-12-17 17:00:15,70,7.0
2024-12-17 17:00:16,67,6.7
2024-12-17 17:00:17,55,5.5
2024-12-17 17:00:18,98,9.8
2024-12-17 17:00:19,82,8.2
2024-12-17 17:00:20,60,6.0
2024-12-17 17:00:21,80,8.0
2024-12-17 17:00:22,109,10.9
2024-12-17 17:00:23,147,14.7
2024-12-17 17:00:24,152,15.2
2024-12-17 17:00:25,117,11.7
2024-12-17 17:00:26,54,5.4
2024-12-17 17:00:27,65,6.5
2024-12-17 17:00:28,50,5.0
2024-12-17 17:00:29,102,10.2
2024-12-17 17:00:30,111,11.1
2024-12-17 17:00:31,51,5.1
2024-12-17 17:00:32,100,10.0
2024-12-17 17:00:33,133,13.3
2024-12-17 17:00:34,107,10.7
2024-12-17 17:00:35,100,10.0
2024-12-17 17:00:36,65,6.5
2024-12-17 17:00:37,127,12.7
2024-12-17 17:00:38,118,11.8
2024-12-17 17:00:39,55,5.5
2024-12-17 17:00:40,90,9.0
2024-12-17 17:00:41,99,9.9
2024-12-17 17:00:42,108,10.8
2024-12-17 17:00:43,155,15.5
2024-12-17 17:00:44,55,5.5
2024-12-17 17:00:45,84,8.4
2024-12-17 17:00:46,128,12.8
2024-12-17 17:00:47,93,9.3
2024-12-17 17:00:48,151,15.1
2024-12-17 17:00:49,115,11.5
2024-12-17 17:00:50,91,9.1
2024-12-17 17:00:51,116,11.6
2024-12-17 17:00:52,70,7.0
2024-12-17 17:00:53,89,8.9
2024-12-17 17:00:54,121,12.1
2024-12-17 17:00:55,145,14.5
2024-12-17 17:00:56,120,12.0
2024-12-17 17:00:57,151,15.1
2024-12-17 17:00:58,123,12.3
2024-12-17 17:00:59,50,5.0
2024-12-17 17:01:00,158,15.8
2024-12-17 17:01:01,94,9.4
2024-12-17 17:01:02,149,14.9
2024-12-17 17:01:03,131,13.1
2024-12-17 17:01:04,91,9.1
2024-12-17 17:01:05,65,6.5
2024-12-17 17:01:06,76,7.6
2024-12-17 17:01:07,157,15.7
2024-12-17 17:01:08,152,15.2
2024-12-17 17:01:09,120,12.0
2024-12-17 17:01:10,90,9.0
2024-12-17 17:01:11,151,15.1
2024-12-17 17:01:12,131,13.1
2024-12-17 17:01:13,157,15.7
2024-12-17 17:01:14,65,6.5
2024-12-17 17:01:15,103,10.3
2024-12-17 17:01:16,114,11.4
2024-12-17 17:01:17,128,12.8
2024-12-17 17:01:18,108,10.8
2024-12-17 17:01:19,96,9.6
2024-12-17 17:01:20,128,12.8
2024-12-17 17:01:21,148,14.8
2024-12-17 17:01:22,62,6.2
2024-12-17 17:01:23,138,13.8
2024-12-17 17:01:24,51,5.1
2024-12-17 17:01:25,98,9.8
2024-12-17 17:01:26,130,13.0
2024-12-17 17:01:27,128,12.8
2024-12-17 17:01:28,62,6.2
2024-12-17 17:01:29,62,6.2
2024-12-17 17:01:30,111,11.1
2024-12-17 17:01:31,77,7.7
2024-12-17 17:01:32,112,11.2
2024-12-17 17:01:33,155,15.5
2024-12-17 17:01:34,51,5.1
2024-12-17 17:01:35,98,9.8
2024-12-17 17:01:36,103,10.3
2024-12-17 17:01:37,114,11.4
2024-12-17 17:01:38,105,10.5
2024-12-17 17:01:39,55,5.5
2024-12-17 17:01:40,59,5.9
2024-12-17 17:01:41,139,13.9
2024-12-17 17:01:42,71,7.1
2024-12-17 17:01:43,103,10.3
2024-12-17 17:01:44,107,10.7
2024-12-17 17:01:45,108,10.8
2024-12-17 17:01:46,96,9.6
2024-12-17 17:01:47,131,13.1
2024-12-17 17:01:48,99,9.9
2024-12-17 17:01:49,116,11.6
2024-12-17 17:01:50,101,10.1
2024-12-17 17:01:51,81,8.1
2024-12-17 17:01:52,125,12.5
2024-12-17 17:01:53,120,12.0
2024-12-17 17:01:54,121,12.1
2024-12-17 17:01:55,147,14.7
2024-12-17 17:01:56,52,5.2
2024-12-17 17:01:57,52,5.2
2024-12-17 17:01:58,123,12.3
2024-12-17 17:01:59,124,12.4
2024-12-17 17:02:00,89,8.9
2024-12-17 17:02:01,102,10.2
2024-12-17 17:02:02,145,14.5
2024-12-17 17:02:03,138,13.8
2024-12-17 17:02:04,157,15.7
2024-12-17 17:02:05,155,15.5
2024-12-17 17:02:06,84,8.4
2024-12-17 17:02:07,120,12.0
2024-12-17 17:02:08,52,5.2
2024-12-17 17:02:09,160,16.0
2024-12-17 17:02:10,74,7.4
2024-12-17 17:02:11,57,5.7
2024-12-17 17:02:12,140,14.0
2024-12-17 17:02:13,95,9.5
2024-12-17 17:02:14,119,11.9
2024-12-17 17:02:15,116,11.6
2024-12-17 17:02:16,160,16.0
2024-12-17 17:02:17,65,6.5
2024-12-17 17:02:18,63,6.3
2024-12-17 17:02:19,108,10.8
2024-12-17 17:02:20,73,7.3
2024-12-17 17:02:21,81,8.1
2024-12-17 17:02:22,58,5.8
2024-12-17 17:02:23,156,15.6
2024-12-17 17:02:24,113,11.3
2024-12-17 17:02:25,130,13.0
2024-12-17 17:02:26,110,11.0
2024-12-17 17:02:27,58,5.8
2024-12-17 17:02:28,121,12.1
2024-12-17 17:02:29,74,7.4
2024-12-17 17:02:30,59,5.9
2024-12-17 17:02:31,74,7.4
2024-12-17 17:02:32,95,9.5
2024-12-17 17:02:33,124,12.4
2024-12-17 17:02:34,92,9.2
2024-12-17 17:02:35,109,10.9
2024-12-17 17:02:36,57,5.7
2024-12-17 17:02:37,135,13.5
2024-12-17 17:02:38,64,6.4
2024-12-17 17:02:39,115,11.5
2024-12-17 17:02:40,71,7.1
2024-12-17 17:02:41,105,10.5
2024-12-17 17:02:42,71,7.1
2024-12-17 17:02:43,122,12.2
2024-12-17 17:02:44,147,14.7
2024-12-17 17:02:45,152,15.2
2024-12-17 17:02:46,121,12.1
2024-12-17 17:02:47,84,8.4
2024-12-17 17:02:48,91,9.1
2024-12-17 17:02:49,117,11.7
2024-12-17 17:02:50,146,14.6
2024-12-17 17:02:51,152,15.2
2024-12-17 17:02:52,90,9.0
2024-12-17 17:02:53,68,6.8
2024-12-17 17:02:54,138,13.8
2024-12-17 17:02:55,74,7.4
2024-12-17 17:02:56,108,10.8
2024-12-17 17:02:57,103,10.3
2024-12-17 17:02:58,74,7.4
2024-12-17 17:02:59,158,15.8
2024-12-17 17:03:00,129,12.9
2024-12-17 17:03:01,130,13.0
2024-12-17 17:03:02,102,10.2
2024-12-17 17:03:03,51,5.1
2024-12-17 17:03:04,132,13.2
2024-12-17 17:03:05,143,14.3
2024-12-17 17:03:06,62,6.2
2024-12-17 17:03:07,151,15.1
2024-12-17 17:03:08,108,10.8
2024-12-17 17:03:09,78,7.8
2024-12-17 17:03:10,73,7.3
2024-12-17 17:03:11,148,14.8
2024-12-17 17:03:12,101,10.1
2024-12-17 17:03:13,68,6.8
2024-12-17 17:03:14,143,14.3
2024-12-17 17:03:15,87,8.7
2024-12-17 17:03:16,135,13.5
2024-12-17 17:03:17,91,9.1
2024-12-17 17:03:18,147,14.7
2024-12-17 17:03:19,76,7.6
2024-12-17 17:03:20,138,13.8
2024-12-17 17:03:21,147,14.7
2024-12-17 17:03:22,80,8.0
2024-12-17 17:03:23,61,6.1
2024-12-17 17:03:24,138,13.8
2024-12-17 17:03:25,72,7.2
2024-12-17 17:03:26,133,13.3
2024-12-17 17:03:27,116,11.6
2024-12-17 17:03:28,82,8.2
2024-12-17 17:03:29,155,15.5
2024-12-17 17:03:30,108,10.8
2024-12-17 17:03:31,55,5.5
2024-12-17 17:03:32,158,15.8
2024-12-17 17:03:33,104,10.4
2024-12-17 17:03:34,109,10.9
2024-12-17 17:03:35,90,9.0
2024-12-17 17:03:36,65,6.5
2024-12-17 17:03:37,87,8.7
2024-12-17 17:03:38,130,13.0
2024-12-17 17:03:39,65,6.5
2024-12-17 17:03:40,140,14.0
2024-12-17 17:03:41,111,11.1
2024-12-17 17:03:42,113,11.3
2024-12-17 17:03:43,60,6.0
2024-12-17 17:03:44,104,10.4
2024-12-17 17:03:45,102,10.2
2024-12-17 17:03:46,75,7.5
2024-12-17 17:03:47,140,14.0
2024-12-17 17:03:48,61,6.1
2024-12-17 17:03:49,116,11.6
2024-12-17 17:03:50,117,11.7
2024-12-17 17:03:51,52,5.2
2024-12-17 17:03:52,151,15.1
2024-12-17 17:03:53,125,12.5
2024-12-17 17:03:54,128,12.8
2024-12-17 17:03:55,131,13.1
2024-12-17 17:03:56,82,8.2
2024-12-17 17:03:57,91,9.1
2024-12-17 17:03:58,61,6.1
2024-12-17 17:03:59,73,7.3
2024-12-17 17:04:00,91,9.1
2024-12-17 17:04:01,123,12.3
2024-12-17 17:04:02,106,10.6
2024-12-17 17:04:03,66,6.6
2024-12-17 17:04:04,124,12.4
2024-12-17 17:04:05,82,8.2
2024-12-17 17:04:06,81,8.1
2024-12-17 17:04:07,50,5.0
2024-12-17 17:04:08,50,5.0
2024-12-17 17:04:09,66,6.6
2024-12-17 17:04:10,116,11.6
2024-12-17 17:04:11,129,12.9
2024-12-17 17:04:12,121,12.1
2024-12-17 17:04:13,108,10.8
2024-12-17 17:04:14,99,9.9
2024-12-17 17:04:15,90,9.0
2024-12-17 17:04:16,155,15.5
2024-12-17 17:04:17,104,10.4
2024-12-17 17:04:18,138,13.8
2024-12-17 17:04:19,117,11.7
2024-12-17 17:04:20,73,7.3
2024-12-17 17:04:21,159,15.9
2024-12-17 17:04:22,132,13.2
2024-12-17 17:04:23,59,5.9
2024-12-17 17:04:24,97,9.7
2024-12-17 17:04:25,52,5.2
2024-12-17 17:04:26,110,11.0
2024-12-17 17:04:27,152,15.2
2024-12-17 17:04:28,109,10.9
2024-12-17 17:04:29,144,14.4
2024-12-17 17:04:30,56,5.6
2024-12-17 17:04:31,69,6.9
2024-12-17 17:04:32,81,8.1
2024-12-17 17:04:33,98,9.8
2024-12-17 17:04:34,102,10.2
2024-12-17 17:04:35,79,7.9
2024-12-17 17:04:36,141,14.1
2024-12-17 17:04:37,97,9.7
2024-12-17 17:04:38,126,12.6
2024-12-17 17:04:39,92,9.2
2024-12-17 17:04:40,94,9.4
2024-12-17 17:04:41,117,11.7
2024-12-17 17:04:42,103,10.3
2024-12-17 17:04:43,53,5.3
2024-12-17 17:04:44,113,11.3
2024-12-17 17:04:45,137,13.7
2024-12-17 17:04:46,153,15.3
2024-12-17 17:04:47,146,14.6
2024-12-17 17:04:48,158,15.8
2024-12-17 17:04:49,115,11.5
2024-12-17 17:04:50,57,5.7
2024-12-17 17:04:51,159,15.9
2024-12-17 17:04:52,111,11.1
2024-12-17 17:04:53,78,7.8
2024-12-17 17:04:54,153,15.3
2024-12-17 17:04:55,135,13.5
2024-12-17 17:04:56,63,6.3
2024-12-17 17:04:57,108,10.8
2024-12-17 17:04:58,144,14.4
2024-12-17 17:04:59,59,5.9
2024-12-17 17:05:00,120,12.0
2024-12-17 17:05:01,105,10.5
2024-12-17 17:05:02,59,5.9
2024-12-17 17:05:03,74,7.4
2024-12-17 17:05:04,128,12.8
2024-12-17 17:05:05,54,5.4
2024-12-17 17:05:06,147,14.7
2024-12-17 17:05:07,66,6.6
2024-12-17 17:05:08,160,16.0
2024-12-17 17:05:09,113,11.3
2024-12-17 17:05:10,126,12.6
2024-12-17 17:05:11,146,14.6
2024-12-17 17:05:12,111,11.1
2024-12-17 17:05:13,64,6.4
2024-12-17 17:05:14,79,7.9
2024-12-17 17:05:15,67,6.7
2024-12-17 17:05:16,123,12.3
2024-12-17 17:05:17,76,7.6
2024-12-17 17:05:18,158,15.8
2024-12-17 17:05:19,113,11.3
2024-12-17 17:05:20,103,10.3
2024-12-17 17:05:21,90,9.0
2024-12-17 17:05:22,150,15.0
2024-12-17 17:05:23,80,8.0
2024-12-17 17:05:24,133,13.3
2024-12-17 17:05:25,110,11.0
2024-12-17 17:05:26,61,6.1
2024-12-17 17:05:27,89,8.9
2024-12-17 17:05:28,118,11.8
2024-12-17 17:05:29,126,12.6
2024-12-17 17:05:30,146,14.6
2024-12-17 17:05:31,142,14.2
2024-12-17 17:05:32,103,10.3
2024-12-17 17:05:33,141,14.1
2024-12-17 17:05:34,120,12.0
2024-12-17 17:05:35,103,10.3
2024-12-17 17:05:36,97,9.7
2024-12-17 17:05:37,121,12.1
2024-12-17 17:05:38,137,13.7
2024-12-17 17:05:39,136,13.6
2024-12-17 17:05:40,139,13.9
2024-12-17 17:05:41,86,8.6
2024-12-17 17:05:42,63,6.3
2024-12-17 17:05:43,126,12.6
2024-12-17 17:05:44,78,7.8
2024-12-17 17:05:45,136,13.6
2024-12-17 17:05:46,107,10.7
2024-12-17 17:05:47,137,13.7
2024-12-17 17:05:48,108,10.8
2024-12-17 17:05:49,87,8.7
2024-12-17 17:05:50,143,14.3
2024-12-17 17:05:51,100,10.0
2024-12-17 17:05:52,122,12.2
2024-12-17 17:05:53,61,6.1
2024-12-17 17:05:54,129,12.9
2024-12-17 17:05:55,152,15.2
2024-12-17 17:05:56,134,13.4
2024-12-17 17:05:57,71,7.1
2024-12-17 17:05:58,77,7.7
2024-12-17 17:05:59,70,7.0
2024-12-17 17:06:00,107,10.7
2024-12-17 17:06:01,70,7.0
2024-12-17 17:06:02,140,14.0
2024-12-17 17:06:03,91,9.1
2024-12-17 17:06:04,110,11.0
2024-12-17 17:06:05,76,7.6
2024-12-17 17:06:06,149,14.9
2024-12-17 17:06:07,146,14.6
2024-12-17 17:06:08,139,13.9
2024-12-17 17:06:09,112,11.2
2024-12-17 17:06:10,129,12.9
2024-12-17 17:06:11,126,12.6
2024-12-17 17:06:12,68,6.8
2024-12-17 17:06:13,121,12.1
2024-12-17 17:06:14,82,8.2
2024-12-17 17:06:15,101,10.1
2024-12-17 17:06:16,131,13.1
2024-12-17 17:06:17,80,8.0
2024-12-17 17:06:18,103,10.3
2024-12-17 17:06:19,130,13.0
2024-12-17 17:06:20,86,8.6
2024-12-17 17:06:21,81,8.1
2024-12-17 17:06:22,99,9.9
2024-12-17 17:06:23,137,13.7
2024-12-17 17:06:24,85,8.5
2024-12-17 17:06:25,63,6.3
2024-12-17 17:06:26,130,13.0
2024-12-17 17:06:27,95,9.5
2024-12-17 17:06:28,84,8.4
2024-12-17 17:06:29,151,15.1
2024-12-17 17:06:30,88,8.8
2024-12-17 17:06:31,64,6.4
2024-12-17 17:06:32,80,8.0
2024-12-17 17:06:33,85,8.5
2024-12-17 17:06:34,71,7.1
2024-12-17 17:06:35,82,8.2
2024-12-17 17:06:36,140,14.0
2024-12-17 17:06:37,138,13.8
2024-12-17 17:06:38,94,9.4
2024-12-17 17:06:39,139,13.9
2024-12-17 17:06:40,88,8.8
2024-12-17 17:06:41,108,10.8
2024-12-17 17:06:42,69,6.9
2024-12-17 17:06:43,72,7.2
2024-12-17 17:06:44,107,10.7
2024-12-17 17:06:45,58,5.8
2024-12-17 17:06:46,50,5.0
2024-12-17 17:06:47,118,11.8
2024-12-17 17:06:48,120,12.0
2024-12-17 17:06:49,160,16.0
2024-12-17 17:06:50,63,6.3
2024-12-17 17:06:51,104,10.4
2024-12-17 17:06:52,52,5.2
2024-12-17 17:06:53,149,14.9
2024-12-17 17:06:54,143,14.3
2024-12-17 17:06:55,87,8.7
2024-12-17 17:06:56,131,13.1
2024-12-17 17:06:57,149,14.9
2024-12-17 17:06:58,131,13.1
2024-12-17 17:06:59,115,11.5
2024-12-17 17:07:00,154,15.4
2024-12-17 17:07:01,80,8.0
2024-12-17 17:07:02,128,12.8
2024-12-17 17:07:03,81,8.1
2024-12-17 17:07:04,76,7.6
2024-12-17 17:07:05,125,12.5
2024-12-17 17:07:06,135,13.5
2024-12-17 17:07:07,104,10.4
2024-12-17 17:07:08,96,9.6
2024-12-17 17:07:09,105,10.5
2024-12-17 17:07:10,116,11.6
2024-12-17 17:07:11,110,11.0
2024-12-17 17:07:12,159,15.9
2024-12-17 17:07:13,50,5.0
2024-12-17 17:07:14,90,9.0
2024-12-17 17:07:15,56,5.6
2024-12-17 17:07:16,76,7.6
2024-12-17 17:07:17,98,9.8
2024-12-17 17:07:18,73,7.3
2024-12-17 17:07:19,92,9.2
2024-12-17 17:07:20,81,8.1
2024-12-17 17:07:21,158,15.8
2024-12-17 17:07:22,121,12.1
2024-12-17 17:07:23,89,8.9
2024-12-17 17:07:24,139,13.9
2024-12-17 17:07:25,69,6.9
2024-12-17 17:07:26,104,10.4
2024-12-17 17:07:27,121,12.1
2024-12-17 17:07:28,122,12.2
2024-12-17 17:07:29,111,11.1
2024-12-17 17:07:30,83,8.3
2024-12-17 17:07:31,83,8.3
2024-12-17 17:07:32,115,11.5
2024-12-17 17:07:33,156,15.6
2024-12-17 17:07:34,149,14.9
2024-12-17 17:07:35,157,15.7
2024-12-17 17:07:36,136,13.6
2024-12-17 17:07:37,131,13.1
2024-12-17 17:07:38,137,13.7
2024-12-17 17:07:39,74,7.4
2024-12-17 17:07:40,128,12.8
2024-12-17 17:07:41,53,5.3
2024-12-17 17:07:42,77,7.7
2024-12-17 17:07:43,100,10.0
2024-12-17 17:07:44,136,13.6
2024-12-17 17:07:45,97,9.7
2024-12-17 17:07:46,58,5.8
2024-12-17 17:07:47,141,14.1
2024-12-17 17:07:48,55,5.5
2024-12-17 17:07:49,95,9.5
2024-12-17 17:07:50,121,12.1
2024-12-17 17:07:51,143,14.3
2024-12-17 17:07:52,102,10.2
2024-12-17 17:07:53,138,13.8
2024-12-17 17:07:54,114,11.4
2024-12-17 17:07:55,151,15.1
2024-12-17 17:07:56,103,10.3
2024-12-17 17:07:57,115,11.5
2024-12-17 17:07:58,117,11.7
2024-12-17 17:07:59,61,6.1
2024-12-17 17:08:00,150,15.0
2024-12-17 17:08:01,78,7.8
2024-12-17 17:08:02,138,13.8
2024-12-17 17:08:03,98,9.8
2024-12-17 17:08:04,109,10.9
2024-12-17 17:08:05,97,9.7
2024-12-17 17:08:06,73,7.3
2024-12-17 17:08:07,149,14.9
2024-12-17 17:08:08,90,9.0
2024-12-17 17:08:09,68,6.8
2024-12-17 17:08:10,104,10.4
2024-12-17 17:08:11,150,15.0
2024-12-17 17:08:12,121,12.1
2024-12-17 17:08:13,119,11.9
2024-12-17 17:08:14,80,8.0
2024-12-17 17:08:15,122,12.2
2024-12-17 17:08:16,72,7.2
2024-12-17 17:08:17,101,10.1
2024-12-17 17:08:18,158,15.8
2024-12-17 17:08:19,77,7.7
2024-12-17 17:08:20,73,7.3
2024-12-17 17:08:21,82,8.2
2024-12-17 17:08:22,82,8.2
2024-12-17 17:08:23,54,5.4
2024-12-17 17:08:24,106,10.6
2024-12-17 17:08:25,110,11.0
2024-12-17 17:08:26,94,9.4
2024-12-17 17:08:27,54,5.4
2024-12-17 17:08:28,110,11.0
2024-12-17 17:08:29,87,8.7
2024-12-17 17:08:30,103,10.3
2024-12-17 17:08:31,155,15.5
2024-12-17 17:08:32,102,10.2
2024-12-17 17:08:33,79,7.9
2024-12-17 17:08:34,137,13.7
2024-12-17 17:08:35,152,15.2
2024-12-17 17:08:36,132,13.2
2024-12-17 17:08:37,154,15.4
2024-12-17 17:08:38,64,6.4
2024-12-17 17:08:39,153,15.3
2024-12-17 17:08:40,82,8.2
2024-12-17 17:08:41,122,12.2
2024-12-17 17:08:42,66,6.6
2024-12-17 17:08:43,88,8.8
2024-12-17 17:08:44,107,10.7
2024-12-17 17:08:45,144,14.4
2024-12-17 17:08:46,122,12.2
2024-12-17 17:08:47,100,10.0
2024-12-17 17:08:48,118,11.8
2024-12-17 17:08:49,137,13.7
2024-12-17 17:08:50,59,5.9
2024-12-17 17:08:51,107,10.7
2024-12-17 17:08:52,117,11.7
2024-12-17 17:08:53,153,15.3
2024-12-17 17:08:54,155,15.5
2024-12-17 17:08:55,124,12.4
2024-12-17 17:08:56,154,15.4
2024-12-17 17:08:57,121,12.1
2024-12-17 17:08:58,160,16.0
2024-12-17 17:08:59,80,8.0
2024-12-17 17:09:00,77,7.7
2024-12-17 17:09:01,147,14.7
2024-12-17 17:09:02,66,6.6
2024-12-17 17:09:03,50,5.0
2024-12-17 17:09:04,107,10.7
2024-12-17 17:09:05,133,13.3
2024-12-17 17:09:06,129,12.9
2024-12-17 17:09:07,138,13.8
2024-12-17 17:09:08,62,6.2
2024-12-17 17:09:09,87,8.7
2024-12-17 17:09:10,74,7.4
2024-12-17 17:09:11,74,7.4
2024-12-17 17:09:12,101,10.1
2024-12-17 17:09:13,106,10.6
2024-12-17 17:09:14,52,5.2
2024-12-17 17:09:15,86,8.6
2024-12-17 17:09:16,57,5.7
2024-12-17 17:09:17,152,15.2
2024-12-17 17:09:18,113,11.3
2024-12-17 17:09:19,63,6.3
2024-12-17 17:09:20,147,14.7
2024-12-17 17:09:21,73,7.3
2024-12-17 17:09:22,70,7.0
2024-12-17 17:09:23,150,15.0
2024-12-17 17:09:24,76,7.6
2024-12-17 17:09:25,133,13.3
2024-12-17 17:09:26,97,9.7
2024-12-17 17:09:27,106,10.6
2024-12-17 17:09:28,81,8.1
2024-12-17 17:09:29,151,15.1
2024-12-17 17:09:30,156,15.6
2024-12-17 17:09:31,94,9.4
2024-12-17 17:09:32,148,14.8
2024-12-17 17:09:33,96,9.6
2024-12-17 17:09:34,107,10.7
2024-12-17 17:09:35,148,14.8
2024-12-17 17:09:36,150,15.0
2024-12-17 17:09:37,85,8.5
2024-12-17 17:09:38,115,11.5
2024-12-17 17:09:39,62,6.2
2024-12-17 17:09:40,121,12.1
2024-12-17 17:09:41,74,7.4
2024-12-17 17:09:42,102,10.2
2024-12-17 17:09:43,151,15.1
2024-12-17 17:09:44,126,12.6
2024-12-17 17:09:45,112,11.2
2024-12-17 17:09:46,83,8.3
2024-12-17 17:09:47,73,7.3
2024-12-17 17:09:48,116,11.6
2024-12-17 17:09:49,89,8.9
2024-12-17 17:09:50,160,16.0
2024-12-17 17:09:51,146,14.6
2024-12-17 17:09:52,138,13.8
2024-12-17 17:09:53,157,15.7
2024-12-17 17:09:54,127,12.7
2024-12-17 17:09:55,125,12.5
2024-12-17 17:09:56,141,14.1
2024-12-17 17:09:57,117,11.7
2024-12-17 17:09:58,143,14.3
2024-12-17 17:09:59,72,7.2
2024-12-17 17:10:00,112,11.2
2024-12-17 17:10:01,138,13.8
2024-12-17 17:10:02,147,14.7
2024-12-17 17:10:03,120,12.0
2024-12-17 17:10:04,60,6.0
2024-12-17 17:10:05,90,9.0
2024-12-17 17:10:06,113,11.3
2024-12-17 17:10:07,101,10.1
2024-12-17 17:10:08,147,14.7
2024-12-17 17:10:09,71,7.1
2024-12-17 17:10:10,157,15.7
2024-12-17 17:10:11,122,12.2
2024-12-17 17:10:12,71,7.1
2024-12-17 17:10:13,115,11.5
2024-12-17 17:10:14,88,8.8
2024-12-17 17:10:15,113,11.3
2024-12-17 17:10:16,53,5.3
2024-12-17 17:10:17,155,15.5
2024-12-17 17:10:18,118,11.8
2024-12-17 17:10:19,119,11.9
2024-12-17 17:10:20,125,12.5
2024-12-17 17:10:21,125,12.5
2024-12-17 17:10:22,115,11.5
2024-12-17 17:10:23,113,11.3
2024-12-17 17:10:24,109,10.9
2024-12-17 17:10:25,123,12.3
2024-12-17 17:10:26,107,10.7
2024-12-17 17:10:27,50,5.0
2024-12-17 17:10:28,145,14.5
2024-12-17 17:10:29,84,8.4
2024-12-17 17:10:30,145,14.5
2024-12-17 17:10:31,108,10.8
2024-12-17 17:10:32,92,9.2
2024-12-17 17:10:33,135,13.5
2024-12-17 17:10:34,58,5.8
2024-12-17 17:10:35,133,13.3
2024-12-17 17:10:36,127,12.7
2024-12-17 17:10:37,72,7.2
2024-12-17 17:10:38,129,12.9
2024-12-17 17:10:39,155,15.5
2024-12-17 17:10:40,57,5.7
2024-12-17 17:10:41,94,9.4
2024-12-17 17:10:42,54,5.4
2024-12-17 17:10:43,120,12.0
2024-12-17 17:10:44,91,9.1
2024-12-17 17:10:45,136,13.6
2024-12-17 17:10:46,102,10.2
2024-12-17 17:10:47,142,14.2
2024-12-17 17:10:48,57,5.7
2024-12-17 17:10:49,91,9.1
2024-12-17 17:10:50,67,6.7
2024-12-17 17:10:51,160,16.0
2024-12-17 17:10:52,128,12.8
2024-12-17 17:10:53,50,5.0
2024-12-17 17:10:54,134,13.4
2024-12-17 17:10:55,120,12.0
2024-12-17 17:10:56,105,10.5
2024-12-17 17:10:57,125,12.5
2024-12-17 17:10:58,74,7.4
2024-12-17 17:10:59,73,7.3
2024-12-17 17:11:00,153,15.3
2024-12-17 17:11:01,121,12.1
2024-12-17 17:11:02,106,10.6
2024-12-17 17:11:03,67,6.7
2024-12-17 17:11:04,66,6.6
2024-12-17 17:11:05,142,14.2
2024-12-17 17:11:06,112,11.2
2024-12-17 17:11:07,114,11.4
2024-12-17 17:11:08,114,11.4
2024-12-17 17:11:09,90,9.0
2024-12-17 17:11:10,52,5.2
2024-12-17 17:11:11,135,13.5
2024-12-17 17:11:12,146,14.6
2024-12-17 17:11:13,54,5.4
2024-12-17 17:11:14,116,11.6
2024-12-17 17:11:15,149,14.9
2024-12-17 17:11:16,112,11.2
2024-12-17 17:11:17,61,6.1
2024-12-17 17:11:18,133,13.3
2024-12-17 17:11:19,101,10.1
2024-12-17 17:11:20,92,9.2
2024-12-17 17:11:21,146,14.6
2024-12-17 17:11:22,50,5.0
2024-12-17 17:11:23,112,11.2
2024-12-17 17:11:24,118,11.8
2024-12-17 17:11:25,119,11.9
2024-12-17 17:11:26,106,10.6
2024-12-17 17:11:27,82,8.2
2024-12-17 17:11:28,153,15.3
2024-12-17 17:11:29,66,6.6
2024-12-17 17:11:30,82,8.2
2024-12-17 17:11:31,96,9.6
2024-12-17 17:11:32,87,8.7
2024-12-17 17:11:33,78,7.8
2024-12-17 17:11:34,119,11.9
2024-12-17 17:11:35,149,14.9
2024-12-17 17:11:36,132,13.2
2024-12-17 17:11:37,152,15.2
2024-12-17 17:11:38,94,9.4
2024-12-17 17:11:39,137,13.7
2024-12-17 17:11:40,81,8.1
2024-12-17 17:11:41,157,15.7
2024-12-17 17:11:42,135,13.5
2024-12-17 17:11:43,160,16.0
2024-12-17 17:11:44,131,13.1
2024-12-17 17:11:45,121,12.1
2024-12-17 17:11:46,50,5.0
2024-12-17 17:11:47,138,13.8
2024-12-17 17:11:48,119,11.9
2024-12-17 17:11:49,100,10.0
2024-12-17 17:11:50,125,12.5
2024-12-17 17:11:51,149,14.9
2024-12-17 17:11:52,73,7.3
2024-12-17 17:11:53,158,15.8
2024-12-17 17:11:54,57,5.7
2024-12-17 17:11:55,90,9.0
2024-12-17 17:11:56,78,7.8
2024-12-17 17:11:57,111,11.1
2024-12-17 17:11:58,99,9.9
2024-12-17 17:11:59,51,5.1
2024-12-17 17:12:00,72,7.2
2024-12-17 17:12:01,52,5.2
2024-12-17 17:12:02,71,7.1
2024-12-17 17:12:03,89,8.9
2024-12-17 17:12:04,50,5.0
2024-12-17 17:12:05,140,14.0
2024-12-17 17:12:06,123,12.3
2024-12-17 17:12:07,96,9.6
2024-12-17 17:12:08,104,10.4
2024-12-17 17:12:09,142,14.2
2024-12-17 17:12:10,148,14.8
2024-12-17 17:12:11,90,9.0
2024-12-17 17:12:12,61,6.1
2024-12-17 17:12:13,77,7.7
2024-12-17 17:12:14,71,7.1
2024-12-17 17:12:15,63,6.3
2024-12-17 17:12:16,67,6.7
2024-12-17 17:12:17,95,9.5
2024-12-17 17:12:18,105,10.5
2024-12-17 17:12:19,101,10.1
2024-12-17 17:12:20,103,10.3
2024-12-17 17:12:21,76,7.6
2024-12-17 17:12:22,135,13.5
2024-12-17 17:12:23,155,15.5
2024-12-17 17:12:24,108,10.8
2024-12-17 17:12:25,116,11.6
2024-12-17 17:12:26,134,13.4
2024-12-17 17:12:27,153,15.3
2024-12-17 17:12:28,140,14.0
2024-12-17 17:12:29,125,12.5
2024-12-17 17:12:30,128,12.8
2024-12-17 17:12:31,109,10.9
2024-12-17 17:12:32,154,15.4
2024-12-17 17:12:33,82,8.2
2024-12-17 17:12:34,101,10.1
2024-12-17 17:12:35,127,12.7
2024-12-17 17:12:36,117,11.7
2024-12-17 17:12:37,113,11.3
2024-12-17 17:12:38,83,8.3
2024-12-17 17:12:39,67,6.7
2024-12-17 17:12:40,147,14.7
2024-12-17 17:12:41,157,15.7
2024-12-17 17:12:42,114,11.4
2024-12-17 17:12:43,78,7.8
2024-12-17 17:12:44,57,5.7
2024-12-17 17:12:45,160,16.0
2024-12-17 17:12:46,130,13.0
2024-12-17 17:12:47,97,9.7
2024-12-17 17:12:48,81,8.1
2024-12-17 17:12:49,122,12.2
2024-12-17 17:12:50,100,10.0
2024-12-17 17:12:51,152,15.2
2024-12-17 17:12:52,152,15.2
2024-12-17 17:12:53,74,7.4
2024-12-17 17:12:54,79,7.9
2024-12-17 17:12:55,63,6.3
2024-12-17 17:12:56,86,8.6
2024-12-17 17:12:57,82,8.2
2024-12-17 17:12:58,100,10.0
2024-12-17 17:12:59,57,5.7
2024-12-17 17:13:00,131,13.1
2024-12-17 17:13:01,112,11.2
2024-12-17 17:13:02,67,6.7
2024-12-17 17:13:03,102,10.2
2024-12-17 17:13:04,109,10.9
2024-12-17 17:13:05,139,13.9
2024-12-17 17:13:06,146,14.6
2024-12-17 17:13:07,157,15.7
2024-12-17 17:13:08,152,15.2
2024-12-17 17:13:09,140,14.0
2024-12-17 17:13:10,114,11.4
2024-12-17 17:13:11,84,8.4
2024-12-17 17:13:12,159,15.9
2024-12-17 17:13:13,53,5.3
2024-12-17 17:13:14,149,14.9
2024-12-17 17:13:15,154,15.4
2024-12-17 17:13:16,143,14.3
2024-12-17 17:13:17,141,14.1
2024-12-17 17:13:18,97,9.7
2024-12-17 17:13:19,100,10.0
2024-12-17 17:13:20,151,15.1
2024-12-17 17:13:21,113,11.3
2024-12-17 17:13:22,101,10.1
2024-12-17 17:13:23,109,10.9
2024-12-17 17:13:24,89,8.9
2024-12-17 17:13:25,141,14.1
2024-12-17 17:13:26,129,12.9
2024-12-17 17:13:27,160,16.0
2024-12-17 17:13:28,109,10.9
2024-12-17 17:13:29,153,15.3
2024-12-17 17:13:30,146,14.6
2024-12-17 17:13:31,120,12.0
2024-12-17 17:13:32,108,10.8
2024-12-17 17:13:33,141,14.1
2024-12-17 17:13:34,53,5.3
2024-12-17 17:13:35,92,9.2
2024-12-17 17:13:36,148,14.8
2024-12-17 17:13:37,111,11.1
2024-12-17 17:13:38,86,8.6
2024-12-17 17:13:39,81,8.1
2024-12-17 17:13:40,50,5.0
2024-12-17 17:13:41,133,13.3
2024-12-17 17:13:42,118,11.8
2024-12-17 17:13:43,110,11.0
2024-12-17 17:13:44,72,7.2
2024-12-17 17:13:45,83,8.3
2024-12-17 17:13:46,155,15.5
2024-12-17 17:13:47,77,7.7
2024-12-17 17:13:48,59,5.9
2024-12-17 17:13:49,58,5.8
2024-12-17 17:13:50,118,11.8
2024-12-17 17:13:51,82,8.2
2024-12-17 17:13:52,125,12.5
2024-12-17 17:13:53,91,9.1
2024-12-17 17:13:54,66,6.6
2024-12-17 17:13:55,131,13.1
2024-12-17 17:13:56,156,15.6
2024-12-17 17:13:57,66,6.6
2024-12-17 17:13:58,65,6.5
2024-12-17 17:13:59,66,6.6
2024-12-17 17:14:00,118,11.8
2024-12-17 17:14:01,50,5.0
2024-12-17 17:14:02,125,12.5
2024-12-17 17:14:03,114,11.4
2024-12-17 17:14:04,65,6.5
2024-12-17 17:14:05,67,6.7
2024-12-17 17:14:06,132,13.2
2024-12-17 17:14:07,154,15.4
2024-12-17 17:14:08,104,10.4
2024-12-17 17:14:09,62,6.2
2024-12-17 17:14:10,67,6.7
2024-12-17 17:14:11,130,13.0
2024-12-17 17:14:12,104,10.4
2024-12-17 17:14:13,62,6.2
2024-12-17 17:14:14,138,13.8
2024-12-17 17:14:15,150,15.0
2024-12-17 17:14:16,127,12.7
2024-12-17 17:14:17,86,8.6
2024-12-17 17:14:18,122,12.2
2024-12-17 17:14:19,111,11.1
2024-12-17 17:14:20,115,11.5
2024-12-17 17:14:21,125,12.5
2024-12-17 17:14:22,123,12.3
2024-12-17 17:14:23,102,10.2
2024-12-17 17:14:24,50,5.0
2024-12-17 17:14:25,104,10.4
2024-12-17 17:14:26,85,8.5
2024-12-17 17:14:27,111,11.1
2024-12-17 17:14:28,51,5.1
2024-12-17 17:14:29,73,7.3
2024-12-17 17:14:30,142,14.2
2024-12-17 17:14:31,91,9.1
2024-12-17 17:14:32,139,13.9
2024-12-17 17:14:33,62,6.2
2024-12-17 17:14:34,65,6.5
2024-12-17 17:14:35,148,14.8
2024-12-17 17:14:36,143,14.3
2024-12-17 17:14:37,154,15.4
2024-12-17 17:14:38,96,9.6
2024-12-17 17:14:39,128,12.8
2024-12-17 17:14:40,130,13.0
2024-12-17 17:14:41,57,5.7
2024-12-17 17:14:42,76,7.6
2024-12-17 17:14:43,86,8.6
2024-12-17 17:14:44,67,6.7
2024-12-17 17:14:45,51,5.1
2024-12-17 17:14:46,147,14.7
2024-12-17 17:14:47,146,14.6
2024-12-17 17:14:48,63,6.3
2024-12-17 17:14:49,106,10.6
2024-12-17 17:14:50,142,14.2
2024-12-17 17:14:51,93,9.3
2024-12-17 17:14:52,151,15.1
2024-12-17 17:14:53,64,6.4
2024-12-17 17:14:54,114,11.4
2024-12-17 17:14:55,110,11.0
2024-12-17 17:14:56,82,8.2
2024-12-17 17:14:57,103,10.3
2024-12-17 17:14:58,109,10.9
2024-12-17 17:14:59,94,9.4
2024-12-17 17:15:00,95,9.5
2024-12-17 17:15:01,75,7.5
2024-12-17 17:15:02,59,5.9
2024-12-17 17:15:03,83,8.3
2024-12-17 17:15:04,53,5.3
2024-12-17 17:15:05,57,5.7
2024-12-17 17:15:06,139,13.9
2024-12-17 17:15:07,127,12.7
2024-12-17 17:15:08,70,7.0
2024-12-17 17:15:09,115,11.5
2024-12-17 17:15:10,141,14.1
2024-12-17 17:15:11,90,9.0
2024-12-17 17:15:12,99,9.9
2024-12-17 17:15:13,155,15.5
2024-12-17 17:15:14,61,6.1
2024-12-17 17:15:15,131,13.1
2024-12-17 17:15:16,113,11.3
2024-12-17 17:15:17,90,9.0
2024-12-17 17:15:18,61,6.1
2024-12-17 17:15:19,93,9.3
2024-12-17 17:15:20,137,13.7
2024-12-17 17:15:21,79,7.9
2024-12-17 17:15:22,125,12.5
2024-12-17 17:15:23,86,8.6
2024-12-17 17:15:24,68,6.8
2024-12-17 17:15:25,133,13.3
2024-12-17 17:15:26,99,9.9
2024-12-17 17:15:27,81,8.1
2024-12-17 17:15:28,86,8.6
2024-12-17 17:15:29,142,14.2
2024-12-17 17:15:30,61,6.1
2024-12-17 17:15:31,72,7.2
2024-12-17 17:15:32,142,14.2
2024-12-17 17:15:33,115,11.5
2024-12-17 17:15:34,137,13.7
2024-12-17 17:15:35,105,10.5
2024-12-17 17:15:36,87,8.7
2024-12-17 17:15:37,70,7.0
2024-12-17 17:15:38,93,9.3
2024-12-17 17:15:39,66,6.6
2024-12-17 17:15:40,82,8.2
2024-12-17 17:15:41,67,6.7
2024-12-17 17:15:42,71,7.1
2024-12-17 17:15:43,70,7.0
2024-12-17 17:15:44,88,8.8
2024-12-17 17:15:45,79,7.9
2024-12-17 17:15:46,144,14.4
2024-12-17 17:15:47,84,8.4
2024-12-17 17:15:48,159,15.9
2024-12-17 17:15:49,105,10.5
2024-12-17 17:15:50,138,13.8
2024-12-17 17:15:51,80,8.0
2024-12-17 17:15:52,135,13.5
2024-12-17 17:15:53,154,15.4
2024-12-17 17:15:54,134,13.4
2024-12-17 17:15:55,110,11.0
2024-12-17 17:15:56,61,6.1
2024-12-17 17:15:57,116,11.6
2024-12-17 17:15:58,105,10.5
2024-12-17 17:15:59,155,15.5
2024-12-17 17:16:00,114,11.4
2024-12-17 17:16:01,150,15.0
2024-12-17 17:16:02,151,15.1
2024-12-17 17:16:03,88,8.8
2024-12-17 17:16:04,97,9.7
2024-12-17 17:16:05,51,5.1
2024-12-17 17:16:06,66,6.6
2024-12-17 17:16:07,70,7.0
2024-12-17 17:16:08,155,15.5
2024-12-17 17:16:09,125,12.5
2024-12-17 17:16:10,131,13.1
2024-12-17 17:16:11,72,7.2
2024-12-17 17:16:12,76,7.6
2024-12-17 17:16:13,160,16.0
2024-12-17 17:16:14,53,5.3
2024-12-17 17:16:15,141,14.1
2024-12-17 17:16:16,108,10.8
2024-12-17 17:16:17,159,15.9
2024-12-17 17:16:18,83,8.3
2024-12-17 17:16:19,139,13.9
2024-12-17 17:16:20,117,11.7
2024-12-17 17:16:21,154,15.4
2024-12-17 17:16:22,76,7.6
2024-12-17 17:16:23,120,12.0
2024-12-17 17:16:24,106,10.6
2024-12-17 17:16:25,129,12.9
2024-12-17 17:16:26,133,13.3
2024-12-17 17:16:27,113,11.3
2024-12-17 17:16:28,143,14.3
2024-12-17 17:16:29,73,7.3
2024-12-17 17:16:30,54,5.4
2024-12-17 17:16:31,61,6.1
2024-12-17 17:16:32,96,9.6
2024-12-17 17:16:33,147,14.7
2024-12-17 17:16:34,68,6.8
2024-12-17 17:16:35,102,10.2
2024-12-17 17:16:36,89,8.9
2024-12-17 17:16:37,138,13.8
2024-12-17 17:16:38,50,5.0
2024-12-17 17:16:39,104,10.4
2024-12-17 17:16:40,141,14.1
2024-12-17 17:16:41,58,5.8
2024-12-17 17:16:42,88,8.8
2024-12-17 17:16:43,126,12.6
2024-12-17 17:16:44,129,12.9
2024-12-17 17:16:45,122,12.2
2024-12-17 17:16:46,99,9.9
2024-12-17 17:16:47,87,8.7
2024-12-17 17:16:48,129,12.9
2024-12-17 17:16:49,66,6.6
2024-12-17 17:16:50,112,11.2
2024-12-17 17:16:51,66,6.6
2024-12-17 17:16:52,100,10.0
2024-12-17 17:16:53,57,5.7
2024-12-17 17:16:54,99,9.9
2024-12-17 17:16:55,89,8.9
2024-12-17 17:16:56,69,6.9
2024-12-17 17:16:57,70,7.0
2024-12-17 17:16:58,108,10.8
2024-12-17 17:16:59,50,5.0
2024-12-17 17:17:00,65,6.5
2024-12-17 17:17:01,65,6.5
2024-12-17 17:17:02,127,12.7
2024-12-17 17:17:03,63,6.3
2024-12-17 17:17:04,72,7.2
2024-12-17 17:17:05,65,6.5
2024-12-17 17:17:06,118,11.8
2024-12-17 17:17:07,116,11.6
2024-12-17 17:17:08,126,12.6
2024-12-17 17:17:09,79,7.9
2024-12-17 17:17:10,86,8.6
2024-12-17 17:17:11,113,11.3
2024-12-17 17:17:12,133,13.3
2024-12-17 17:17:13,93,9.3
2024-12-17 17:17:14,152,15.2
2024-12-17 17:17:15,159,15.9
2024-12-17 17:17:16,122,12.2
2024-12-17 17:17:17,69,6.9
2024-12-17 17:17:18,77,7.7
2024-12-17 17:17:19,127,12.7
2024-12-17 17:17:20,151,15.1
2024-12-17 17:17:21,145,14.5
2024-12-17 17:17:22,113,11.3
2024-12-17 17:17:23,109,10.9
2024-12-17 17:17:24,140,14.0
2024-12-17 17:17:25,128,12.8
2024-12-17 17:17:26,75,7.5
2024-12-17 17:17:27,93,9.3
2024-12-17 17:17:28,115,11.5
2024-12-17 17:17:29,154,15.4
2024-12-17 17:17:30,51,5.1
2024-12-17 17:17:31,77,7.7
2024-12-17 17:17:32,133,13.3
2024-12-17 17:17:33,143,14.3
2024-12-17 17:17:34,50,5.0
2024-12-17 17:17:35,124,12.4
2024-12-17 17:17:36,97,9.7
2024-12-17 17:17:37,83,8.3
2024-12-17 17:17:38,155,15.5
2024-12-17 17:17:39,93,9.3
2024-12-17 17:17:40,105,10.5
2024-12-17 17:17:41,157,15.7
2024-12-17 17:17:42,149,14.9
2024-12-17 17:17:43,51,5.1
2024-12-17 17:17:44,66,6.6
2024-12-17 17:17:45,143,14.3
2024-12-17 17:17:46,91,9.1
2024-12-17 17:17:47,55,5.5
2024-12-17 17:17:48,126,12.6
2024-12-17 17:17:49,153,15.3
2024-12-17 17:17:50,121,12.1
2024-12-17 17:17:51,89,8.9
2024-12-17 17:17:52,160,16.0
2024-12-17 17:17:53,52,5.2
2024-12-17 17:17:54,148,14.8
2024-12-17 17:17:55,134,13.4
2024-12-17 17:17:56,146,14.6
2024-12-17 17:17:57,134,13.4
2024-12-17 17:17:58,50,5.0
2024-12-17 17:17:59,51,5.1
2024-12-17 17:18:00,92,9.2
2024-12-17 17:18:01,51,5.1
2024-12-17 17:18:02,127,12.7
2024-12-17 17:18:03,149,14.9
2024-12-17 17:18:04,157,15.7
2024-12-17 17:18:05,82,8.2
2024-12-17 17:18:06,149,14.9
2024-12-17 17:18:07,54,5.4
2024-12-17 17:18:08,150,15.0
2024-12-17 17:18:09,158,15.8
2024-12-17 17:18:10,68,6.8
2024-12-17 17:18:11,94,9.4
2024-12-17 17:18:12,82,8.2
2024-12-17 17:18:13,107,10.7
2024-12-17 17:18:14,98,9.8
2024-12-17 17:18:15,148,14.8
2024-12-17 17:18:16,123,12.3
2024-12-17 17:18:17,97,9.7
2024-12-17 17:18:18,72,7.2
2024-12-17 17:18:19,141,14.1
2024-12-17 17:18:20,110,11.0
2024-12-17 17:18:21,146,14.6
2024-12-17 17:18:22,111,11.1
2024-12-17 17:18:23,116,11.6
2024-12-17 17:18:24,63,6.3
2024-12-17 17:18:25,131,13.1
2024-12-17 17:18:26,92,9.2
2024-12-17 17:18:27,138,13.8
2024-12-17 17:18:28,74,7.4
2024-12-17 17:18:29,90,9.0
2024-12-17 17:18:30,90,9.0
2024-12-17 17:18:31,99,9.9
2024-12-17 17:18:32,152,15.2
2024-12-17 17:18:33,129,12.9
2024-12-17 17:18:34,62,6.2
2024-12-17 17:18:35,58,5.8
2024-12-17 17:18:36,70,7.0
2024-12-17 17:18:37,129,12.9
2024-12-17 17:18:38,114,11.4
2024-12-17 17:18:39,114,11.4
2024-12-17 17:18:40,92,9.2
2024-12-17 17:18:41,70,7.0
2024-12-17 17:18:42,76,7.6
2024-12-17 17:18:43,153,15.3
2024-12-17 17:18:44,53,5.3
2024-12-17 17:18:45,71,7.1
2024-12-17 17:18:46,118,11.8
2024-12-17 17:18:47,145,14.5
2024-12-17 17:18:48,120,12.0
2024-12-17 17:18:49,103,10.3
2024-12-17 17:18:50,87,8.7
2024-12-17 17:18:51,139,13.9
2024-12-17 17:18:52,160,16.0
2024-12-17 17:18:53,133,13.3
2024-12-17 17:18:54,147,14.7
2024-12-17 17:18:55,130,13.0
2024-12-17 17:18:56,151,15.1
2024-12-17 17:18:57,68,6.8
2024-12-17 17:18:58,118,11.8
2024-12-17 17:18:59,55,5.5
2024-12-17 17:19:00,144,14.4
2024-12-17 17:19:01,100,10.0
2024-12-17 17:19:02,95,9.5
2024-12-17 17:19:03,136,13.6
2024-12-17 17:19:04,89,8.9
2024-12-17 17:19:05,104,10.4
2024-12-17 17:19:06,153,15.3
2024-12-17 17:19:07,67,6.7
2024-12-17 17:19:08,107,10.7
2024-12-17 17:19:09,127,12.7
2024-12-17 17:19:10,94,9.4
2024-12-17 17:19:11,141,14.1
2024-12-17 17:19:12,50,5.0
2024-12-17 17:19:13,72,7.2
2024-12-17 17:19:14,56,5.6
2024-12-17 17:19:15,117,11.7
2024-12-17 17:19:16,119,11.9
2024-12-17 17:19:17,152,15.2
2024-12-17 17:19:18,119,11.9
2024-12-17 17:19:19,68,6.8
2024-12-17 17:19:20,87,8.7
2024-12-17 17:19:21,71,7.1
2024-12-17 17:19:22,108,10.8
2024-12-17 17:19:23,159,15.9
2024-12-17 17:19:24,102,10.2
2024-12-17 17:19:25,152,15.2
2024-12-17 17:19:26,116,11.6
2024-12-17 17:19:27,153,15.3
2024-12-17 17:19:28,159,15.9
2024-12-17 17:19:29,102,10.2
2024-12-17 17:19:30,92,9.2
2024-12-17 17:19:31,83,8.3
2024-12-17 17:19:32,92,9.2
2024-12-17 17:19:33,91,9.1
2024-12-17 17:19:34,73,7.3
2024-12-17 17:19:35,114,11.4
2024-12-17 17:19:36,157,15.7
2024-12-17 17:19:37,160,16.0
2024-12-17 17:19:38,76,7.6
2024-12-17 17:19:39,106,10.6
2024-12-17 17:19:40,105,10.5
2024-12-17 17:19:41,98,9.8
2024-12-17 17:19:42,103,10.3
2024-12-17 17:19:43,121,12.1
2024-12-17 17:19:44,158,15.8
2024-12-17 17:19:45,124,12.4
2024-12-17 17:19:46,75,7.5
2024-12-17 17:19:47,67,6.7
2024-12-17 17:19:48,86,8.6
2024-12-17 17:19:49,75,7.5
2024-12-17 17:19:50,69,6.9
2024-12-17 17:19:51,62,6.2
2024-12-17 17:19:52,147,14.7
2024-12-17 17:19:53,61,6.1
2024-12-17 17:19:54,61,6.1
2024-12-17 17:19:55,93,9.3
2024-12-17 17:19:56,122,12.2
2024-12-17 17:19:57,130,13.0
2024-12-17 17:19:58,88,8.8
2024-12-17 17:19:59,133,13.3
2024-12-17 17:20:00,117,11.7
2024-12-17 17:20:01,74,7.4
2024-12-17 17:20:02,62,6.2
2024-12-17 17:20:03,139,13.9
2024-12-17 17:20:04,80,8.0
2024-12-17 17:20:05,57,5.7
2024-12-17 17:20:06,122,12.2
2024-12-17 17:20:07,70,7.0
2024-12-17 17:20:08,96,9.6
2024-12-17 17:20:09,135,13.5
2024-12-17 17:20:10,115,11.5
2024-12-17 17:20:11,115,11.5
2024-12-17 17:20:12,104,10.4
2024-12-17 17:20:13,116,11.6
2024-12-17 17:20:14,76,7.6
2024-12-17 17:20:15,109,10.9
2024-12-17 17:20:16,124,12.4
2024-12-17 17:20:17,119,11.9
2024-12-17 17:20:18,150,15.0
2024-12-17 17:20:19,120,12.0
2024-12-17 17:20:20,71,7.1
2024-12-17 17:20:21,160,16.0
2024-12-17 17:20:22,132,13.2
2024-12-17 17:20:23,52,5.2
2024-12-17 17:20:24,62,6.2
2024-12-17 17:20:25,73,7.3
2024-12-17 17:20:26,126,12.6
2024-12-17 17:20:27,109,10.9
2024-12-17 17:20:28,132,13.2
2024-12-17 17:20:29,93,9.3
2024-12-17 17:20:30,98,9.8
2024-12-17 17:20:31,53,5.3
2024-12-17 17:20:32,136,13.6
2024-12-17 17:20:33,135,13.5
2024-12-17 17:20:34,97,9.7
2024-12-17 17:20:35,120,12.0
2024-12-17 17:20:36,118,11.8
2024-12-17 17:20:37,74,7.4
2024-12-17 17:20:38,86,8.6
2024-12-17 17:20:39,157,15.7
2024-12-17 17:20:40,59,5.9
2024-12-17 17:20:41,111,11.1
2024-12-17 17:20:42,87,8.7
2024-12-17 17:20:43,98,9.8
2024-12-17 17:20:44,136,13.6
2024-12-17 17:20:45,138,13.8
2024-12-17 17:20:46,113,11.3
2024-12-17 17:20:47,156,15.6
2024-12-17 17:20:48,144,14.4
2024-12-17 17:20:49,104,10.4
2024-12-17 17:20:50,114,11.4
2024-12-17 17:20:51,90,9.0
2024-12-17 17:20:52,109,10.9
2024-12-17 17:20:53,67,6.7
2024-12-17 17:20:54,154,15.4
2024-12-17 17:20:55,59,5.9
2024-12-17 17:20:56,140,14.0
2024-12-17 17:20:57,100,10.0
2024-12-17 17:20:58,127,12.7
2024-12-17 17:20:59,143,14.3
2024-12-17 17:21:00,80,8.0
2024-12-17 17:21:01,116,11.6
2024-12-17 17:21:02,95,9.5
2024-12-17 17:21:03,71,7.1
2024-12-17 17:21:04,90,9.0
2024-12-17 17:21:05,149,14.9
2024-12-17 17:21:06,78,7.8
2024-12-17 17:21:07,139,13.9
2024-12-17 17:21:08,86,8.6
2024-12-17 17:21:09,88,8.8
2024-12-17 17:21:10,68,6.8
2024-12-17 17:21:11,95,9.5
2024-12-17 17:21:12,96,9.6
2024-12-17 17:21:13,54,5.4
2024-12-17 17:21:14,102,10.2
2024-12-17 17:21:15,59,5.9
2024-12-17 17:21:16,71,7.1
2024-12-17 17:21:17,138,13.8
2024-12-17 17:21:18,78,7.8
2024-12-17 17:21:19,67,6.7
2024-12-17 17:21:20,100,10.0
2024-12-17 17:21:21,156,15.6
2024-12-17 17:21:22,127,12.7
2024-12-17 17:21:23,55,5.5
2024-12-17 17:21:24,102,10.2
2024-12-17 17:21:25,127,12.7
2024-12-17 17:21:26,145,14.5
2024-12-17 17:21:27,56,5.6
2024-12-17 17:21:28,120,12.0
2024-12-17 17:21:29,157,15.7
2024-12-17 17:21:30,132,13.2
2024-12-17 17:21:31,85,8.5
2024-12-17 17:21:32,154,15.4
2024-12-17 17:21:33,122,12.2
2024-12-17 17:21:34,112,11.2
2024-12-17 17:21:35,51,5.1
2024-12-17 17:21:36,83,8.3
2024-12-17 17:21:37,151,15.1
2024-12-17 17:21:38,100,10.0
2024-12-17 17:21:39,111,11.1
2024-12-17 17:21:40,59,5.9
2024-12-17 17:21:41,126,12.6
2024-12-17 17:21:42,62,6.2
2024-12-17 17:21:43,109,10.9
2024-12-17 17:21:44,70,7.0
2024-12-17 17:21:45,56,5.6
2024-12-17 17:21:46,106,10.6
2024-12-17 17:21:47,83,8.3
2024-12-17 17:21:48,88,8.8
2024-12-17 17:21:49,132,13.2
2024-12-17 17:21:50,105,10.5
2024-12-17 17:21:51,54,5.4
2024-12-17 17:21:52,100,10.0
2024-12-17 17:21:53,137,13.7
2024-12-17 17:21:54,109,10.9
2024-12-17 17:21:55,57,5.7
2024-12-17 17:21:56,108,10.8
2024-12-17 17:21:57,88,8.8
2024-12-17 17:21:58,155,15.5
2024-12-17 17:21:59,67,6.7
2024-12-17 17:22:00,50,5.0
2024-12-17 17:22:01,89,8.9
2024-12-17 17:22:02,149,14.9
2024-12-17 17:22:03,154,15.4
2024-12-17 17:22:04,94,9.4
2024-12-17 17:22:05,60,6.0
2024-12-17 17:22:06,58,5.8
2024-12-17 17:22:07,101,10.1
2024-12-17 17:22:08,149,14.9
2024-12-17 17:22:09,95,9.5
2024-12-17 17:22:10,94,9.4
2024-12-17 17:22:11,108,10.8
2024-12-17 17:22:12,92,9.2
2024-12-17 17:22:13,86,8.6
2024-12-17 17:22:14,128,12.8
2024-12-17 17:22:15,86,8.6
2024-12-17 17:22:16,63,6.3
2024-12-17 17:22:17,136,13.6
2024-12-17 17:22:18,142,14.2
2024-12-17 17:22:19,147,14.7
2024-12-17 17:22:20,69,6.9
2024-12-17 17:22:21,86,8.6
2024-12-17 17:22:22,78,7.8
2024-12-17 17:22:23,50,5.0
2024-12-17 17:22:24,104,10.4
2024-12-17 17:22:25,127,12.7
2024-12-17 17:22:26,115,11.5
2024-12-17 17:22:27,79,7.9
2024-12-17 17:22:28,92,9.2
2024-12-17 17:22:29,135,13.5
2024-12-17 17:22:30,141,14.1
2024-12-17 17:22:31,142,14.2
2024-12-17 17:22:32,88,8.8
2024-12-17 17:22:33,66,6.6
2024-12-17 17:22:34,57,5.7
2024-12-17 17:22:35,147,14.7
2024-12-17 17:22:36,112,11.2
2024-12-17 17:22:37,82,8.2
2024-12-17 17:22:38,51,5.1
2024-12-17 17:22:39,160,16.0
2024-12-17 17:22:40,132,13.2
2024-12-17 17:22:41,68,6.8
2024-12-17 17:22:42,71,7.1
2024-12-17 17:22:43,72,7.2
2024-12-17 17:22:44,105,10.5
2024-12-17 17:22:45,134,13.4
2024-12-17 17:22:46,112,11.2
2024-12-17 17:22:47,134,13.4
2024-12-17 17:22:48,82,8.2
2024-12-17 17:22:49,106,10.6
2024-12-17 17:22:50,120,12.0
2024-12-17 17:22:51,62,6.2
2024-12-17 17:22:52,153,15.3
2024-12-17 17:22:53,57,5.7
2024-12-17 17:22:54,88,8.8
2024-12-17 17:22:55,107,10.7
2024-12-17 17:22:56,71,7.1
2024-12-17 17:22:57,114,11.4
2024-12-17 17:22:58,146,14.6
2024-12-17 17:22:59,142,14.2
2024-12-17 17:23:00,124,12.4
2024-12-17 17:23:01,147,14.7
2024-12-17 17:23:02,125,12.5
2024-12-17 17:23:03,100,10.0
2024-12-17 17:23:04,70,7.0
2024-12-17 17:23:05,109,10.9
2024-12-17 17:23:06,99,9.9
2024-12-17 17:23:07,92,9.2
2024-12-17 17:23:08,108,10.8
2024-12-17 17:23:09,59,5.9
2024-12-17 17:23:10,128,12.8
2024-12-17 17:23:11,94,9.4
2024-12-17 17:23:12,114,11.4
2024-12-17 17:23:13,136,13.6
2024-12-17 17:23:14,127,12.7
2024-12-17 17:23:15,61,6.1
2024-12-17 17:23:16,97,9.7
2024-12-17 17:23:17,130,13.0
2024-12-17 17:23:18,95,9.5
2024-12-17 17:23:19,130,13.0
2024-12-17 17:23:20,95,9.5
2024-12-17 17:23:21,90,9.0
2024-12-17 17:23:22,125,12.5
2024-12-17 17:23:23,110,11.0
2024-12-17 17:23:24,102,10.2
2024-12-17 17:23:25,129,12.9
2024-12-17 17:23:26,100,10.0
2024-12-17 17:23:27,66,6.6
2024-12-17 17:23:28,112,11.2
2024-12-17 17:23:29,133,13.3
2024-12-17 17:23:30,124,12.4
2024-12-17 17:23:31,143,14.3
2024-12-17 17:23:32,58,5.8
2024-12-17 17:23:33,118,11.8
2024-12-17 17:23:34,107,10.7
2024-12-17 17:23:35,137,13.7
2024-12-17 17:23:36,106,10.6
2024-12-17 17:23:37,128,12.8
2024-12-17 17:23:38,123,12.3
2024-12-17 17:23:39,55,5.5
2024-12-17 17:23:40,92,9.2
2024-12-17 17:23:41,101,10.1
2024-12-17 17:23:42,113,11.3
2024-12-17 17:23:43,54,5.4
2024-12-17 17:23:44,110,11.0
2024-12-17 17:23:45,95,9.5
2024-12-17 17:23:46,156,15.6
2024-12-17 17:23:47,91,9.1
2024-12-17 17:23:48,50,5.0
2024-12-17 17:23:49,122,12.2
2024-12-17 17:23:50,79,7.9
2024-12-17 17:23:51,101,10.1
2024-12-17 17:23:52,112,11.2
2024-12-17 17:23:53,86,8.6
2024-12-17 17:23:54,70,7.0
2024-12-17 17:23:55,92,9.2
2024-12-17 17:23:56,148,14.8
2024-12-17 17:23:57,71,7.1
2024-12-17 17:23:58,72,7.2
2024-12-17 17:23:59,59,5.9
2024-12-17 17:24:00,88,8.8
2024-12-17 17:24:01,146,14.6
2024-12-17 17:24:02,83,8.3
2024-12-17 17:24:03,92,9.2
2024-12-17 17:24:04,149,14.9
2024-12-17 17:24:05,108,10.8
2024-12-17 17:24:06,153,15.3
2024-12-17 17:24:07,127,12.7
2024-12-17 17:24:08,129,12.9
2024-12-17 17:24:09,97,9.7
2024-12-17 17:24:10,114,11.4
2024-12-17 17:24:11,112,11.2
2024-12-17 17:24:12,51,5.1
2024-12-17 17:24:13,149,14.9
2024-12-17 17:24:14,75,7.5
2024-12-17 17:24:15,61,6.1
2024-12-17 17:24:16,120,12.0
2024-12-17 17:24:17,125,12.5
2024-12-17 17:24:18,146,14.6
2024-12-17 17:24:19,81,8.1
2024-12-17 17:24:20,67,6.7
2024-12-17 17:24:21,130,13.0
2024-12-17 17:24:22,62,6.2
2024-12-17 17:24:23,92,9.2
2024-12-17 17:24:24,96,9.6
2024-12-17 17:24:25,73,7.3
2024-12-17 17:24:26,73,7.3
2024-12-17 17:24:27,86,8.6
2024-12-17 17:24:28,74,7.4
2024-12-17 17:24:29,87,8.7
2024-12-17 17:24:30,96,9.6
2024-12-17 17:24:31,95,9.5
2024-12-17 17:24:32,88,8.8
2024-12-17 17:24:33,72,7.2
2024-12-17 17:24:34,110,11.0
2024-12-17 17:24:35,139,13.9
2024-12-17 17:24:36,119,11.9
2024-12-17 17:24:37,127,12.7
2024-12-17 17:24:38,75,7.5
2024-12-17 17:24:39,148,14.8
2024-12-17 17:24:40,135,13.5
2024-12-17 17:24:41,57,5.7
2024-12-17 17:24:42,160,16.0
2024-12-17 17:24:43,101,10.1
2024-12-17 17:24:44,118,11.8
2024-12-17 17:24:45,62,6.2
2024-12-17 17:24:46,123,12.3
2024-12-17 17:24:47,105,10.5
2024-12-17 17:24:48,60,6.0
2024-12-17 17:24:49,143,14.3
2024-12-17 17:24:50,158,15.8
2024-12-17 17:24:51,81,8.1
2024-12-17 17:24:52,60,6.0
2024-12-17 17:24:53,136,13.6
2024-12-17 17:24:54,154,15.4
2024-12-17 17:24:55,53,5.3
2024-12-17 17:24:56,63,6.3
2024-12-17 17:24:57,141,14.1
2024-12-17 17:24:58,124,12.4
2024-12-17 17:24:59,67,6.7
2024-12-17 17:25:00,86,8.6
2024-12-17 17:25:01,61,6.1
2024-12-17 17:25:02,84,8.4
2024-12-17 17:25:03,114,11.4
2024-12-17 17:25:04,88,8.8
2024-12-17 17:25:05,72,7.2
2024-12-17 17:25:06,104,10.4
2024-12-17 17:25:07,132,13.2
2024-12-17 17:25:08,56,5.6
2024-12-17 17:25:09,138,13.8
2024-12-17 17:25:10,133,13.3
2024-12-17 17:25:11,106,10.6
2024-12-17 17:25:12,146,14.6
2024-12-17 17:25:13,147,14.7
2024-12-17 17:25:14,132,13.2
2024-12-17 17:25:15,107,10.7
2024-12-17 17:25:16,78,7.8
2024-12-17 17:25:17,135,13.5
2024-12-17 17:25:18,112,11.2
2024-12-17 17:25:19,113,11.3
2024-12-17 17:25:20,114,11.4
2024-12-17 17:25:21,133,13.3
2024-12-17 17:25:22,55,5.5
2024-12-17 17:25:23,131,13.1
2024-12-17 17:25:24,141,14.1
2024-12-17 17:25:25,152,15.2
2024-12-17 17:25:26,69,6.9
2024-12-17 17:25:27,134,13.4
2024-12-17 17:25:28,124,12.4
2024-12-17 17:25:29,125,12.5
2024-12-17 17:25:30,91,9.1
2024-12-17 17:25:31,95,9.5
2024-12-17 17:25:32,82,8.2
2024-12-17 17:25:33,73,7.3
2024-12-17 17:25:34,151,15.1
2024-12-17 17:25:35,160,16.0
2024-12-17 17:25:36,68,6.8
2024-12-17 17:25:37,116,11.6
2024-12-17 17:25:38,126,12.6
2024-12-17 17:25:39,127,12.7
2024-12-17 17:25:40,151,15.1
2024-12-17 17:25:41,95,9.5
2024-12-17 17:25:42,81,8.1
2024-12-17 17:25:43,131,13.1
2024-12-17 17:25:44,54,5.4
2024-12-17 17:25:45,64,6.4
2024-12-17 17:25:46,59,5.9
2024-12-17 17:25:47,145,14.5
2024-12-17 17:25:48,79,7.9
2024-12-17 17:25:49,139,13.9
2024-12-17 17:25:50,62,6.2
2024-12-17 17:25:51,141,14.1
2024-12-17 17:25:52,88,8.8
2024-12-17 17:25:53,95,9.5
2024-12-17 17:25:54,69,6.9
2024-12-17 17:25:55,142,14.2
2024-12-17 17:25:56,83,8.3
2024-12-17 17:25:57,98,9.8
2024-12-17 17:25:58,73,7.3
2024-12-17 17:25:59,78,7.8
2024-12-17 17:26:00,120,12.0
2024-12-17 17:26:01,148,14.8
2024-12-17 17:26:02,102,10.2
2024-12-17 17:26:03,148,14.8
2024-12-17 17:26:04,147,14.7
2024-12-17 17:26:05,84,8.4
2024-12-17 17:26:06,156,15.6
2024-12-17 17:26:07,113,11.3
2024-12-17 17:26:08,112,11.2
2024-12-17 17:26:09,116,11.6
2024-12-17 17:26:10,92,9.2
2024-12-17 17:26:11,58,5.8
2024-12-17 17:26:12,61,6.1
2024-12-17 17:26:13,75,7.5
2024-12-17 17:26:14,55,5.5
2024-12-17 17:26:15,156,15.6
2024-12-17 17:26:16,144,14.4
2024-12-17 17:26:17,74,7.4
2024-12-17 17:26:18,139,13.9
2024-12-17 17:26:19,143,14.3
2024-12-17 17:26:20,109,10.9
2024-12-17 17:26:21,150,15.0
2024-12-17 17:26:22,57,5.7
2024-12-17 17:26:23,100,10.0
2024-12-17 17:26:24,109,10.9
2024-12-17 17:26:25,118,11.8
2024-12-17 17:26:26,68,6.8
2024-12-17 17:26:27,54,5.4
2024-12-17 17:26:28,64,6.4
2024-12-17 17:26:29,71,7.1
2024-12-17 17:26:30,85,8.5
2024-12-17 17:26:31,149,14.9
2024-12-17 17:26:32,111,11.1
2024-12-17 17:26:33,159,15.9
2024-12-17 17:26:34,69,6.9
2024-12-17 17:26:35,57,5.7
2024-12-17 17:26:36,158,15.8
2024-12-17 17:26:37,62,6.2
2024-12-17 17:26:38,147,14.7
2024-12-17 17:26:39,58,5.8
2024-12-17 17:26:40,58,5.8
2024-12-17 17:26:41,64,6.4
2024-12-17 17:26:42,101,10.1
2024-12-17 17:26:43,138,13.8
2024-12-17 17:26:44,134,13.4
2024-12-17 17:26:45,141,14.1
2024-12-17 17:26:46,109,10.9
2024-12-17 17:26:47,92,9.2
2024-12-17 17:26:48,118,11.8
2024-12-17 17:26:49,158,15.8
2024-12-17 17:26:50,133,13.3
2024-12-17 17:26:51,77,7.7
2024-12-17 17:26:52,98,9.8
2024-12-17 17:26:53,149,14.9
2024-12-17 17:26:54,155,15.5
2024-12-17 17:26:55,100,10.0
2024-12-17 17:26:56,93,9.3
2024-12-17 17:26:57,108,10.8
2024-12-17 17:26:58,112,11.2
2024-12-17 17:26:59,106,10.6
2024-12-17 17:27:00,62,6.2
2024-12-17 17:27:01,133,13.3
2024-12-17 17:27:02,107,10.7
2024-12-17 17:27:03,67,6.7
2024-12-17 17:27:04,159,15.9
2024-12-17 17:27:05,109,10.9
2024-12-17 17:27:06,94,9.4
2024-12-17 17:27:07,87,8.7
2024-12-17 17:27:08,135,13.5
2024-12-17 17:27:09,70,7.0
2024-12-17 17:27:10,132,13.2
2024-12-17 17:27:11,104,10.4
2024-12-17 17:27:12,85,8.5
2024-12-17 17:27:13,86,8.6
2024-12-17 17:27:14,60,6.0
2024-12-17 17:27:15,124,12.4
2024-12-17 17:27:16,137,13.7
2024-12-17 17:27:17,100,10.0
2024-12-17 17:27:18,97,9.7
2024-12-17 17:27:19,137,13.7
2024-12-17 17:27:20,70,7.0
2024-12-17 17:27:21,104,10.4
2024-12-17 17:27:22,61,6.1
2024-12-17 17:27:23,69,6.9
2024-12-17 17:27:24,96,9.6
2024-12-17 17:27:25,130,13.0
2024-12-17 17:27:26,99,9.9
2024-12-17 17:27:27,91,9.1
2024-12-17 17:27:28,65,6.5
2024-12-17 17:27:29,62,6.2
2024-12-17 17:27:30,140,14.0
2024-12-17 17:27:31,151,15.1
2024-12-17 17:27:32,109,10.9
2024-12-17 17:27:33,120,12.0
2024-12-17 17:27:34,68,6.8
2024-12-17 17:27:35,102,10.2
2024-12-17 17:27:36,62,6.2
2024-12-17 17:27:37,52,5.2
2024-12-17 17:27:38,93,9.3
2024-12-17 17:27:39,84,8.4
2024-12-17 17:27:40,69,6.9
2024-12-17 17:27:41,72,7.2
2024-12-17 17:27:42,79,7.9
2024-12-17 17:27:43,146,14.6
2024-12-17 17:27:44,149,14.9
2024-12-17 17:27:45,104,10.4
2024-12-17 17:27:46,148,14.8
2024-12-17 17:27:47,72,7.2
2024-12-17 17:27:48,65,6.5
2024-12-17 17:27:49,66,6.6
2024-12-17 17:27:50,146,14.6
2024-12-17 17:27:51,138,13.8
2024-12-17 17:27:52,66,6.6
2024-12-17 17:27:53,86,8.6
2024-12-17 17:27:54,113,11.3
2024-12-17 17:27:55,57,5.7
2024-12-17 17:27:56,78,7.8
2024-12-17 17:27:57,97,9.7
2024-12-17 17:27:58,110,11.0
2024-12-17 17:27:59,110,11.0
2024-12-17 17:28:00,142,14.2
2024-12-17 17:28:01,57,5.7
2024-12-17 17:28:02,90,9.0
2024-12-17 17:28:03,146,14.6
2024-12-17 17:28:04,156,15.6
2024-12-17 17:28:05,81,8.1
2024-12-17 17:28:06,75,7.5
2024-12-17 17:28:07,110,11.0
2024-12-17 17:28:08,63,6.3
2024-12-17 17:28:09,63,6.3
2024-12-17 17:28:10,89,8.9
2024-12-17 17:28:11,103,10.3
2024-12-17 17:28:12,127,12.7
2024-12-17 17:28:13,72,7.2
2024-12-17 17:28:14,133,13.3
2024-12-17 17:28:15,137,13.7
2024-12-17 17:28:16,100,10.0
2024-12-17 17:28:17,100,10.0
2024-12-17 17:28:18,154,15.4
2024-12-17 17:28:19,61,6.1
2024-12-17 17:28:20,143,14.3
2024-12-17 17:28:21,124,12.4
2024-12-17 17:28:22,81,8.1
2024-12-17 17:28:23,130,13.0
2024-12-17 17:28:24,75,7.5
2024-12-17 17:28:25,141,14.1
2024-12-17 17:28:26,128,12.8
2024-12-17 17:28:27,87,8.7
2024-12-17 17:28:28,95,9.5
2024-12-17 17:28:29,152,15.2
2024-12-17 17:28:30,122,12.2
2024-12-17 17:28:31,140,14.0
2024-12-17 17:28:32,81,8.1
2024-12-17 17:28:33,65,6.5
2024-12-17 17:28:34,88,8.8
2024-12-17 17:28:35,57,5.7
2024-12-17 17:28:36,107,10.7
2024-12-17 17:28:37,73,7.3
2024-12-17 17:28:38,158,15.8
2024-12-17 17:28:39,66,6.6
2024-12-17 17:28:40,147,14.7
2024-12-17 17:28:41,130,13.0
2024-12-17 17:28:42,58,5.8
2024-12-17 17:28:43,75,7.5
2024-12-17 17:28:44,72,7.2
2024-12-17 17:28:45,96,9.6
2024-12-17 17:28:46,63,6.3
2024-12-17 17:28:47,132,13.2
2024-12-17 17:28:48,125,12.5
2024-12-17 17:28:49,101,10.1
2024-12-17 17:28:50,114,11.4
2024-12-17 17:28:51,137,13.7
2024-12-17 17:28:52,138,13.8
2024-12-17 17:28:53,135,13.5
2024-12-17 17:28:54,104,10.4
2024-12-17 17:28:55,111,11.1
2024-12-17 17:28:56,50,5.0
2024-12-17 17:28:57,104,10.4
2024-12-17 17:28:58,65,6.5
2024-12-17 17:28:59,93,9.3
2024-12-17 17:29:00,118,11.8
2024-12-17 17:29:01,68,6.8
2024-12-17 17:29:02,70,7.0
2024-12-17 17:29:03,50,5.0
2024-12-17 17:29:04,105,10.5
2024-12-17 17:29:05,67,6.7
2024-12-17 17:29:06,59,5.9
2024-12-17 17:29:07,133,13.3
2024-12-17 17:29:08,97,9.7
2024-12-17 17:29:09,73,7.3
2024-12-17 17:29:10,111,11.1
2024-12-17 17:29:11,68,6.8
2024-12-17 17:29:12,86,8.6
2024-12-17 17:29:13,128,12.8
2024-12-17 17:29:14,127,12.7
2024-12-17 17:29:15,150,15.0
2024-12-17 17:29:16,95,9.5
2024-12-17 17:29:17,156,15.6
2024-12-17 17:29:18,130,13.0
2024-12-17 17:29:19,139,13.9
2024-12-17 17:29:20,74,7.4
2024-12-17 17:29:21,65,6.5
2024-12-17 17:29:22,119,11.9
2024-12-17 17:29:23,134,13.4
2024-12-17 17:29:24,128,12.8
2024-12-17 17:29:25,124,12.4
2024-12-17 17:29:26,73,7.3
2024-12-17 17:29:27,158,15.8
2024-12-17 17:29:28,51,5.1
2024-12-17 17:29:29,129,12.9
2024-12-17 17:29:30,156,15.6
2024-12-17 17:29:31,51,5.1
2024-12-17 17:29:32,91,9.1
2024-12-17 17:29:33,108,10.8
2024-12-17 17:29:34,149,14.9
2024-12-17 17:29:35,104,10.4
2024-12-17 17:29:36,74,7.4
2024-12-17 17:29:37,80,8.0
2024-12-17 17:29:38,102,10.2
2024-12-17 17:29:39,156,15.6
2024-12-17 17:29:40,150,15.0
2024-12-17 17:29:41,54,5.4
2024-12-17 17:29:42,129,12.9
2024-12-17 17:29:43,70,7.0
2024-12-17 17:29:44,124,12.4
2024-12-17 17:29:45,128,12.8
2024-12-17 17:29:46,97,9.7
2024-12-17 17:29:47,76,7.6
2024-12-17 17:29:48,68,6.8
2024-12-17 17:29:49,151,15.1
2024-12-17 17:29:50,133,13.3
2024-12-17 17:29:51,109,10.9
2024-12-17 17:29:52,125,12.5
2024-12-17 17:29:53,66,6.6
2024-12-17 17:29:54,156,15.6
2024-12-17 17:29:55,64,6.4
2024-12-17 17:29:56,82,8.2
2024-12-17 17:29:57,78,7.8
2024-12-17 17:29:58,65,6.5
2024-12-17 17:29:59,90,9.0
2024-12-17 17:30:00,157,15.7
2024-12-17 17:30:01,106,10.6
2024-12-17 17:30:02,125,12.5
2024-12-17 17:30:03,131,13.1
2024-12-17 17:30:04,113,11.3
2024-12-17 17:30:05,115,11.5
2024-12-17 17:30:06,152,15.2
2024-12-17 17:30:07,85,8.5
2024-12-17 17:30:08,68,6.8
2024-12-17 17:30:09,52,5.2
2024-12-17 17:30:10,70,7.0
2024-12-17 17:30:11,67,6.7
2024-12-17 17:30:12,85,8.5
2024-12-17 17:30:13,135,13.5
2024-12-17 17:30:14,133,13.3
2024-12-17 17:30:15,121,12.1
2024-12-17 17:30:16,121,12.1
2024-12-17 17:30:17,127,12.7
2024-12-17 17:30:18,70,7.0
2024-12-17 17:30:19,50,5.0
2024-12-17 17:30:20,160,16.0
2024-12-17 17:30:21,55,5.5
2024-12-17 17:30:22,138,13.8
2024-12-17 17:30:23,104,10.4
2024-12-17 17:30:24,61,6.1
2024-12-17 17:30:25,127,12.7
2024-12-17 17:30:26,111,11.1
2024-12-17 17:30:27,147,14.7
2024-12-17 17:30:28,63,6.3
2024-12-17 17:30:29,124,12.4
2024-12-17 17:30:30,106,10.6
2024-12-17 17:30:31,139,13.9
2024-12-17 17:30:32,81,8.1
2024-12-17 17:30:33,79,7.9
2024-12-17 17:30:34,105,10.5
2024-12-17 17:30:35,71,7.1
2024-12-17 17:30:36,117,11.7
2024-12-17 17:30:37,135,13.5
2024-12-17 17:30:38,156,15.6
2024-12-17 17:30:39,97,9.7
2024-12-17 17:30:40,142,14.2
2024-12-17 17:30:41,141,14.1
2024-12-17 17:30:42,79,7.9
2024-12-17 17:30:43,58,5.8
2024-12-17 17:30:44,102,10.2
2024-12-17 17:30:45,90,9.0
2024-12-17 17:30:46,137,13.7
2024-12-17 17:30:47,133,13.3
2024-12-17 17:30:48,130,13.0
2024-12-17 17:30:49,68,6.8
2024-12-17 17:30:50,84,8.4
2024-12-17 17:30:51,85,8.5
2024-12-17 17:30:52,132,13.2
2024-12-17 17:30:53,113,11.3
2024-12-17 17:30:54,66,6.6
2024-12-17 17:30:55,129,12.9
2024-12-17 17:30:56,67,6.7
2024-12-17 17:30:57,160,16.0
2024-12-17 17:30:58,98,9.8
2024-12-17 17:30:59,57,5.7
2024-12-17 17:31:00,151,15.1
2024-12-17 17:31:01,85,8.5
2024-12-17 17:31:02,120,12.0
2024-12-17 17:31:03,94,9.4
2024-12-17 17:31:04,102,10.2
2024-12-17 17:31:05,59,5.9
2024-12-17 17:31:06,101,10.1
2024-12-17 17:31:07,125,12.5
2024-12-17 17:31:08,79,7.9
2024-12-17 17:31:09,121,12.1
2024-12-17 17:31:10,138,13.8
2024-12-17 17:31:11,100,10.0
2024-12-17 17:31:12,97,9.7
2024-12-17 17:31:13,132,13.2
2024-12-17 17:31:14,108,10.8
2024-12-17 17:31:15,54,5.4
2024-12-17 17:31:16,76,7.6
2024-12-17 17:31:17,76,7.6
2024-12-17 17:31:18,65,6.5
2024-12-17 17:31:19,87,8.7
2024-12-17 17:31:20,59,5.9
2024-12-17 17:31:21,72,7.2
2024-12-17 17:31:22,87,8.7
2024-12-17 17:31:23,131,13.1
2024-12-17 17:31:24,67,6.7
2024-12-17 17:31:25,67,6.7
2024-12-17 17:31:26,87,8.7
2024-12-17 17:31:27,80,8.0
2024-12-17 17:31:28,160,16.0
2024-12-17 17:31:29,69,6.9
2024-12-17 17:31:30,73,7.3
2024-12-17 17:31:31,135,13.5
2024-12-17 17:31:32,73,7.3
2024-12-17 17:31:33,126,12.6
2024-12-17 17:31:34,136,13.6
2024-12-17 17:31:35,79,7.9
2024-12-17 17:31:36,75,7.5
2024-12-17 17:31:37,111,11.1
2024-12-17 17:31:38,93,9.3
2024-12-17 17:31:39,118,11.8
2024-12-17 17:31:40,113,11.3
2024-12-17 17:31:41,73,7.3
2024-12-17 17:31:42,91,9.1
2024-12-17 17:31:43,123,12.3
2024-12-17 17:31:44,52,5.2
2024-12-17 17:31:45,81,8.1
2024-12-17 17:31:46,53,5.3
2024-12-17 17:31:47,82,8.2
2024-12-17 17:31:48,113,11.3
2024-12-17 17:31:49,147,14.7
2024-12-17 17:31:50,58,5.8
2024-12-17 17:31:51,143,14.3
2024-12-17 17:31:52,111,11.1
2024-12-17 17:31:53,107,10.7
2024-12-17 17:31:54,158,15.8
2024-12-17 17:31:55,55,5.5
2024-12-17 17:31:56,151,15.1
2024-12-17 17:31:57,133,13.3
2024-12-17 17:31:58,82,8.2
2024-12-17 17:31:59,107,10.7
2024-12-17 17:32:00,151,15.1
2024-12-17 17:32:01,73,7.3
2024-12-17 17:32:02,57,5.7
2024-12-17 17:32:03,56,5.6
2024-12-17 17:32:04,79,7.9
2024-12-17 17:32:05,93,9.3
2024-12-17 17:32:06,63,6.3
2024-12-17 17:32:07,115,11.5
2024-12-17 17:32:08,94,9.4
2024-12-17 17:32:09,155,15.5
2024-12-17 17:32:10,140,14.0
2024-12-17 17:32:11,88,8.8
2024-12-17 17:32:12,112,11.2
2024-12-17 17:32:13,91,9.1
2024-12-17 17:32:14,137,13.7
2024-12-17 17:32:15,138,13.8
2024-12-17 17:32:16,154,15.4
2024-12-17 17:32:17,158,15.8
2024-12-17 17:32:18,68,6.8
2024-12-17 17:32:19,142,14.2
2024-12-17 17:32:20,75,7.5
2024-12-17 17:32:21,90,9.0
2024-12-17 17:32:22,144,14.4
2024-12-17 17:32:23,139,13.9
2024-12-17 17:32:24,60,6.0
2024-12-17 17:32:25,106,10.6
2024-12-17 17:32:26,122,12.2
2024-12-17 17:32:27,55,5.5
2024-12-17 17:32:28,62,6.2
2024-12-17 17:32:29,149,14.9
2024-12-17 17:32:30,72,7.2
2024-12-17 17:32:31,97,9.7
2024-12-17 17:32:32,146,14.6
2024-12-17 17:32:33,79,7.9
2024-12-17 17:32:34,77,7.7
2024-12-17 17:32:35,157,15.7
2024-12-17 17:32:36,70,7.0
2024-12-17 17:32:37,74,7.4
2024-12-17 17:32:38,103,10.3
2024-12-17 17:32:39,124,12.4
2024-12-17 17:32:40,67,6.7
2024-12-17 17:32:41,64,6.4
2024-12-17 17:32:42,51,5.1
2024-12-17 17:32:43,136,13.6
2024-12-17 17:32:44,90,9.0
2024-12-17 17:32:45,77,7.7
2024-12-17 17:32:46,58,5.8
2024-12-17 17:32:47,63,6.3
2024-12-17 17:32:48,63,6.3
2024-12-17 17:32:49,131,13.1
2024-12-17 17:32:50,97,9.7
2024-12-17 17:32:51,92,9.2
2024-12-17 17:32:52,50,5.0
2024-12-17 17:32:53,119,11.9
2024-12-17 17:32:54,109,10.9
2024-12-17 17:32:55,102,10.2
2024-12-17 17:32:56,59,5.9
2024-12-17 17:32:57,157,15.7
2024-12-17 17:32:58,83,8.3
2024-12-17 17:32:59,85,8.5
2024-12-17 17:33:00,96,9.6
2024-12-17 17:33:01,77,7.7
2024-12-17 17:33:02,158,15.8
2024-12-17 17:33:03,151,15.1
2024-12-17 17:33:04,119,11.9
2024-12-17 17:33:05,137,13.7
2024-12-17 17:33:06,74,7.4
2024-12-17 17:33:07,140,14.0
2024-12-17 17:33:08,89,8.9
2024-12-17 17:33:09,158,15.8
2024-12-17 17:33:10,73,7.3
2024-12-17 17:33:11,50,5.0
2024-12-17 17:33:12,149,14.9
2024-12-17 17:33:13,124,12.4
2024-12-17 17:33:14,128,12.8
2024-12-17 17:33:15,110,11.0
2024-12-17 17:33:16,54,5.4
2024-12-17 17:33:17,125,12.5
2024-12-17 17:33:18,91,9.1
2024-12-17 17:33:19,99,9.9
2024-12-17 17:33:20,98,9.8
2024-12-17 17:33:21,53,5.3
2024-12-17 17:33:22,133,13.3
2024-12-17 17:33:23,77,7.7
2024-12-17 17:33:24,117,11.7
2024-12-17 17:33:25,143,14.3
2024-12-17 17:33:26,100,10.0
2024-12-17 17:33:27,135,13.5
2024-12-17 17:33:28,160,16.0
2024-12-17 17:33:29,157,15.7
2024-12-17 17:33:30,102,10.2
2024-12-17 17:33:31,100,10.0
2024-12-17 17:33:32,110,11.0
2024-12-17 17:33:33,124,12.4
2024-12-17 17:33:34,53,5.3
2024-12-17 17:33:35,93,9.3
2024-12-17 17:33:36,72,7.2
2024-12-17 17:33:37,69,6.9
2024-12-17 17:33:38,71,7.1
2024-12-17 17:33:39,66,6.6
2024-12-17 17:33:40,86,8.6
2024-12-17 17:33:41,68,6.8
2024-12-17 17:33:42,137,13.7
2024-12-17 17:33:43,74,7.4
2024-12-17 17:33:44,71,7.1
2024-12-17 17:33:45,78,7.8
2024-12-17 17:33:46,97,9.7
2024-12-17 17:33:47,73,7.3
2024-12-17 17:33:48,139,13.9
2024-12-17 17:33:49,56,5.6
2024-12-17 17:33:50,108,10.8
2024-12-17 17:33:51,146,14.6
2024-12-17 17:33:52,131,13.1
2024-12-17 17:33:53,101,10.1
2024-12-17 17:33:54,53,5.3
2024-12-17 17:33:55,149,14.9
2024-12-17 17:33:56,151,15.1
2024-12-17 17:33:57,141,14.1
2024-12-17 17:33:58,63,6.3
2024-12-17 17:33:59,160,16.0
2024-12-17 17:34:00,65,6.5
2024-12-17 17:34:01,61,6.1
2024-12-17 17:34:02,106,10.6
2024-12-17 17:34:03,83,8.3
2024-12-17 17:34:04,156,15.6
2024-12-17 17:34:05,136,13.6
2024-12-17 17:34:06,121,12.1
2024-12-17 17:34:07,100,10.0
2024-12-17 17:34:08,134,13.4
2024-12-17 17:34:09,156,15.6
2024-12-17 17:34:10,150,15.0
2024-12-17 17:34:11,62,6.2
2024-12-17 17:34:12,66,6.6
2024-12-17 17:34:13,80,8.0
2024-12-17 17:34:14,71,7.1
2024-12-17 17:34:15,118,11.8
2024-12-17 17:34:16,99,9.9
2024-12-17 17:34:17,136,13.6
2024-12-17 17:34:18,160,16.0
2024-12-17 17:34:19,150,15.0
2024-12-17 17:34:20,91,9.1
2024-12-17 17:34:21,159,15.9
2024-12-17 17:34:22,72,7.2
2024-12-17 17:34:23,129,12.9
2024-12-17 17:34:24,76,7.6
2024-12-17 17:34:25,129,12.9
2024-12-17 17:34:26,134,13.4
2024-12-17 17:34:27,149,14.9
2024-12-17 17:34:28,75,7.5
2024-12-17 17:34:29,153,15.3
2024-12-17 17:34:30,93,9.3
2024-12-17 17:34:31,153,15.3
2024-12-17 17:34:32,97,9.7
2024-12-17 17:34:33,105,10.5
2024-12-17 17:34:34,64,6.4
2024-12-17 17:34:35,111,11.1
2024-12-17 17:34:36,146,14.6
2024-12-17 17:34:37,101,10.1
2024-12-17 17:34:38,67,6.7
2024-12-17 17:34:39,157,15.7
2024-12-17 17:34:40,109,10.9
2024-12-17 17:34:41,69,6.9
2024-12-17 17:34:42,128,12.8
2024-12-17 17:34:43,92,9.2
2024-12-17 17:34:44,108,10.8
2024-12-17 17:34:45,105,10.5
2024-12-17 17:34:46,60,6.0
2024-12-17 17:34:47,59,5.9
2024-12-17 17:34:48,159,15.9
2024-12-17 17:34:49,66,6.6
2024-12-17 17:34:50,154,15.4
2024-12-17 17:34:51,90,9.0
2024-12-17 17:34:52,112,11.2
2024-12-17 17:34:53,89,8.9
2024-12-17 17:34:54,67,6.7
2024-12-17 17:34:55,106,10.6
2024-12-17 17:34:56,160,16.0
2024-12-17 17:34:57,143,14.3
2024-12-17 17:34:58,54,5.4
2024-12-17 17:34:59,85,8.5
2024-12-17 17:35:00,143,14.3
2024-12-17 17:35:01,94,9.4
2024-12-17 17:35:02,139,13.9
2024-12-17 17:35:03,64,6.4
2024-12-17 17:35:04,51,5.1
2024-12-17 17:35:05,141,14.1
2024-12-17 17:35:06,138,13.8
2024-12-17 17:35:07,117,11.7
2024-12-17 17:35:08,71,7.1
2024-12-17 17:35:09,70,7.0
2024-12-17 17:35:10,157,15.7
2024-12-17 17:35:11,112,11.2
2024-12-17 17:35:12,160,16.0
2024-12-17 17:35:13,113,11.3
2024-12-17 17:35:14,133,13.3
2024-12-17 17:35:15,58,5.8
2024-12-17 17:35:16,149,14.9
2024-12-17 17:35:17,140,14.0
2024-12-17 17:35:18,105,10.5
2024-12-17 17:35:19,105,10.5
2024-12-17 17:35:20,136,13.6
2024-12-17 17:35:21,130,13.0
2024-12-17 17:35:22,65,6.5
2024-12-17 17:35:23,139,13.9
2024-12-17 17:35:24,101,10.1
2024-12-17 17:35:25,125,12.5
2024-12-17 17:35:26,93,9.3
2024-12-17 17:35:27,60,6.0
2024-12-17 17:35:28,59,5.9
2024-12-17 17:35:29,123,12.3
2024-12-17 17:35:30,126,12.6
2024-12-17 17:35:31,121,12.1
2024-12-17 17:35:32,112,11.2
2024-12-17 17:35:33,128,12.8
2024-12-17 17:35:34,158,15.8
2024-12-17 17:35:35,117,11.7
2024-12-17 17:35:36,62,6.2
2024-12-17 17:35:37,81,8.1
2024-12-17 17:35:38,116,11.6
2024-12-17 17:35:39,121,12.1
2024-12-17 17:35:40,99,9.9
2024-12-17 17:35:41,67,6.7
2024-12-17 17:35:42,156,15.6
2024-12-17 17:35:43,135,13.5
2024-12-17 17:35:44,70,7.0
2024-12-17 17:35:45,136,13.6
2024-12-17 17:35:46,60,6.0
2024-12-17 17:35:47,160,16.0
2024-12-17 17:35:48,92,9.2
2024-12-17 17:35:49,111,11.1
2024-12-17 17:35:50,158,15.8
2024-12-17 17:35:51,50,5.0
2024-12-17 17:35:52,122,12.2
2024-12-17 17:35:53,150,15.0
2024-12-17 17:35:54,63,6.3
2024-12-17 17:35:55,147,14.7
2024-12-17 17:35:56,99,9.9
2024-12-17 17:35:57,78,7.8
2024-12-17 17:35:58,140,14.0
2024-12-17 17:35:59,57,5.7
2024-12-17 17:36:00,64,6.4
2024-12-17 17:36:01,72,7.2
2024-12-17 17:36:02,112,11.2
2024-12-17 17:36:03,78,7.8
2024-12-17 17:36:04,109,10.9
2024-12-17 17:36:05,95,9.5
2024-12-17 17:36:06,56,5.6
2024-12-17 17:36:07,51,5.1
2024-12-17 17:36:08,55,5.5
2024-12-17 17:36:09,110,11.0
2024-12-17 17:36:10,90,9.0
2024-12-17 17:36:11,113,11.3
2024-12-17 17:36:12,50,5.0
2024-12-17 17:36:13,99,9.9
2024-12-17 17:36:14,142,14.2
2024-12-17 17:36:15,81,8.1
2024-12-17 17:36:16,70,7.0
2024-12-17 17:36:17,90,9.0
2024-12-17 17:36:18,56,5.6
2024-12-17 17:36:19,126,12.6
2024-12-17 17:36:20,58,5.8
2024-12-17 17:36:21,62,6.2
2024-12-17 17:36:22,58,5.8
2024-12-17 17:36:23,112,11.2
2024-12-17 17:36:24,52,5.2
2024-12-17 17:36:25,139,13.9
2024-12-17 17:36:26,70,7.0
2024-12-17 17:36:27,60,6.0
2024-12-17 17:36:28,85,8.5
2024-12-17 17:36:29,78,7.8
2024-12-17 17:36:30,72,7.2
2024-12-17 17:36:31,107,10.7
2024-12-17 17:36:32,109,10.9
2024-12-17 17:36:33,119,11.9
2024-12-17 17:36:34,54,5.4
2024-12-17 17:36:35,114,11.4
2024-12-17 17:36:36,124,12.4
2024-12-17 17:36:37,160,16.0
2024-12-17 17:36:38,130,13.0
2024-12-17 17:36:39,67,6.7
2024-12-17 17:36:40,159,15.9
2024-12-17 17:36:41,110,11.0
2024-12-17 17:36:42,140,14.0
2024-12-17 17:36:43,126,12.6
2024-12-17 17:36:44,82,8.2
2024-12-17 17:36:45,81,8.1
2024-12-17 17:36:46,138,13.8
2024-12-17 17:36:47,56,5.6
2024-12-17 17:36:48,55,5.5
2024-12-17 17:36:49,83,8.3
2024-12-17 17:36:50,130,13.0
2024-12-17 17:36:51,122,12.2
2024-12-17 17:36:52,65,6.5
2024-12-17 17:36:53,92,9.2
2024-12-17 17:36:54,119,11.9
2024-12-17 17:36:55,75,7.5
2024-12-17 17:36:56,105,10.5
2024-12-17 17:36:57,92,9.2
2024-12-17 17:36:58,118,11.8
2024-12-17 17:36:59,87,8.7
2024-12-17 17:37:00,81,8.1
2024-12-17 17:37:01,124,12.4
2024-12-17 17:37:02,153,15.3
2024-12-17 17:37:03,148,14.8
2024-12-17 17:37:04,128,12.8
2024-12-17 17:37:05,67,6.7
2024-12-17 17:37:06,51,5.1
2024-12-17 17:37:07,73,7.3
2024-12-17 17:37:08,54,5.4
2024-12-17 17:37:09,101,10.1
2024-12-17 17:37:10,65,6.5
2024-12-17 17:37:11,99,9.9
2024-12-17 17:37:12,150,15.0
2024-12-17 17:37:13,67,6.7
2024-12-17 17:37:14,105,10.5
2024-12-17 17:37:15,77,7.7
2024-12-17 17:37:16,108,10.8
2024-12-17 17:37:17,86,8.6
2024-12-17 17:37:18,117,11.7
2024-12-17 17:37:19,103,10.3
2024-12-17 17:37:20,134,13.4
2024-12-17 17:37:21,86,8.6
2024-12-17 17:37:22,143,14.3
2024-12-17 17:37:23,95,9.5
2024-12-17 17:37:24,50,5.0
2024-12-17 17:37:25,139,13.9
2024-12-17 17:37:26,103,10.3
2024-12-17 17:37:27,125,12.5
2024-12-17 17:37:28,55,5.5
2024-12-17 17:37:29,132,13.2
2024-12-17 17:37:30,76,7.6
2024-12-17 17:37:31,99,9.9
2024-12-17 17:37:32,62,6.2
2024-12-17 17:37:33,54,5.4
2024-12-17 17:37:34,131,13.1
2024-12-17 17:37:35,90,9.0
2024-12-17 17:37:36,67,6.7
2024-12-17 17:37:37,155,15.5
2024-12-17 17:37:38,113,11.3
2024-12-17 17:37:39,79,7.9
2024-12-17 17:37:40,97,9.7
2024-12-17 17:37:41,97,9.7
2024-12-17 17:37:42,71,7.1
2024-12-17 17:37:43,71,7.1
2024-12-17 17:37:44,72,7.2
2024-12-17 17:37:45,136,13.6
2024-12-17 17:37:46,86,8.6
2024-12-17 17:37:47,124,12.4
2024-12-17 17:37:48,79,7.9
2024-12-17 17:37:49,141,14.1
2024-12-17 17:37:50,74,7.4
2024-12-17 17:37:51,75,7.5
2024-12-17 17:37:52,92,9.2
2024-12-17 17:37:53,153,15.3
2024-12-17 17:37:54,146,14.6
2024-12-17 17:37:55,113,11.3
2024-12-17 17:37:56,62,6.2
2024-12-17 17:37:57,115,11.5
2024-12-17 17:37:58,151,15.1
2024-12-17 17:37:59,83,8.3
2024-12-17 17:38:00,136,13.6
2024-12-17 17:38:01,111,11.1
2024-12-17 17:38:02,86,8.6
2024-12-17 17:38:03,107,10.7
2024-12-17 17:38:04,141,14.1
2024-12-17 17:38:05,157,15.7
2024-12-17 17:38:06,63,6.3
2024-12-17 17:38:07,158,15.8
2024-12-17 17:38:08,125,12.5
2024-12-17 17:38:09,56,5.6
2024-12-17 17:38:10,107,10.7
2024-12-17 17:38:11,82,8.2
2024-12-17 17:38:12,78,7.8
2024-12-17 17:38:13,88,8.8
2024-12-17 17:38:14,101,10.1
2024-12-17 17:38:15,105,10.5
2024-12-17 17:38:16,62,6.2
2024-12-17 17:38:17,117,11.7
2024-12-17 17:38:18,80,8.0
2024-12-17 17:38:19,58,5.8
2024-12-17 17:38:20,148,14.8
2024-12-17 17:38:21,67,6.7
2024-12-17 17:38:22,124,12.4
2024-12-17 17:38:23,54,5.4
2024-12-17 17:38:24,97,9.7
2024-12-17 17:38:25,121,12.1
2024-12-17 17:38:26,52,5.2
2024-12-17 17:38:27,158,15.8
2024-12-17 17:38:28,118,11.8
2024-12-17 17:38:29,53,5.3
2024-12-17 17:38:30,102,10.2
2024-12-17 17:38:31,102,10.2
2024-12-17 17:38:32,115,11.5
2024-12-17 17:38:33,103,10.3
2024-12-17 17:38:34,134,13.4
2024-12-17 17:38:35,135,13.5
2024-12-17 17:38:36,70,7.0
2024-12-17 17:38:37,158,15.8
2024-12-17 17:38:38,144,14.4
2024-12-17 17:38:39,73,7.3
2024-12-17 17:38:40,149,14.9
2024-12-17 17:38:41,71,7.1
2024-12-17 17:38:42,65,6.5
2024-12-17 17:38:43,120,12.0
2024-12-17 17:38:44,96,9.6
2024-12-17 17:38:45,149,14.9
2024-12-17 17:38:46,66,6.6
2024-12-17 17:38:47,118,11.8
2024-12-17 17:38:48,157,15.7
2024-12-17 17:38:49,84,8.4
2024-12-17 17:38:50,117,11.7
2024-12-17 17:38:51,114,11.4
2024-12-17 17:38:52,119,11.9
2024-12-17 17:38:53,76,7.6
2024-12-17 17:38:54,91,9.1
2024-12-17 17:38:55,103,10.3
2024-12-17 17:38:56,107,10.7
2024-12-17 17:38:57,67,6.7
2024-12-17 17:38:58,153,15.3
2024-12-17 17:38:59,146,14.6
2024-12-17 17:39:00,73,7.3
2024-12-17 17:39:01,98,9.8
2024-12-17 17:39:02,85,8.5
2024-12-17 17:39:03,110,11.0
2024-12-17 17:39:04,60,6.0
2024-12-17 17:39:05,58,5.8
2024-12-17 17:39:06,154,15.4
2024-12-17 17:39:07,128,12.8
2024-12-17 17:39:08,138,13.8
2024-12-17 17:39:09,98,9.8
2024-12-17 17:39:10,72,7.2
2024-12-17 17:39:11,138,13.8
2024-12-17 17:39:12,100,10.0
2024-12-17 17:39:13,117,11.7
2024-12-17 17:39:14,157,15.7
2024-12-17 17:39:15,128,12.8
2024-12-17 17:39:16,133,13.3
2024-12-17 17:39:17,125,12.5
2024-12-17 17:39:18,84,8.4
2024-12-17 17:39:19,100,10.0
2024-12-17 17:39:20,66,6.6
2024-12-17 17:39:21,137,13.7
2024-12-17 17:39:22,91,9.1
2024-12-17 17:39:23,135,13.5
2024-12-17 17:39:24,52,5.2
2024-12-17 17:39:25,103,10.3
2024-12-17 17:39:26,98,9.8
2024-12-17 17:39:27,51,5.1
2024-12-17 17:39:28,58,5.8
2024-12-17 17:39:29,128,12.8
2024-12-17 17:39:30,159,15.9
2024-12-17 17:39:31,109,10.9
2024-12-17 17:39:32,141,14.1
2024-12-17 17:39:33,78,7.8
2024-12-17 17:39:34,69,6.9
2024-12-17 17:39:35,101,10.1
2024-12-17 17:39:36,55,5.5
2024-12-17 17:39:37,109,10.9
2024-12-17 17:39:38,52,5.2
2024-12-17 17:39:39,56,5.6
2024-12-17 17:39:40,139,13.9
2024-12-17 17:39:41,53,5.3
2024-12-17 17:39:42,128,12.8
2024-12-17 17:39:43,136,13.6
2024-12-17 17:39:44,157,15.7
2024-12-17 17:39:45,104,10.4
2024-12-17 17:39:46,114,11.4
2024-12-17 17:39:47,141,14.1
2024-12-17 17:39:48,144,14.4
2024-12-17 17:39:49,121,12.1
2024-12-17 17:39:50,109,10.9
2024-12-17 17:39:51,98,9.8
2024-12-17 17:39:52,66,6.6
2024-12-17 17:39:53,111,11.1
2024-12-17 17:39:54,114,11.4
2024-12-17 17:39:55,98,9.8
2024-12-17 17:39:56,129,12.9
2024-12-17 17:39:57,131,13.1
2024-12-17 17:39:58,75,7.5
2024-12-17 17:39:59,114,11.4
2024-12-17 17:40:00,140,14.0
2024-12-17 17:40:01,100,10.0
2024-12-17 17:40:02,81,8.1
2024-12-17 17:40:03,73,7.3
2024-12-17 17:40:04,135,13.5
2024-12-17 17:40:05,126,12.6
2024-12-17 17:40:06,154,15.4
2024-12-17 17:40:07,86,8.6
2024-12-17 17:40:08,59,5.9
2024-12-17 17:40:09,147,14.7
2024-12-17 17:40:10,63,6.3
2024-12-17 17:40:11,135,13.5
2024-12-17 17:40:12,138,13.8
2024-12-17 17:40:13,145,14.5
2024-12-17 17:40:14,141,14.1
2024-12-17 17:40:15,58,5.8
2024-12-17 17:40:16,129,12.9
2024-12-17 17:40:17,76,7.6
2024-12-17 17:40:18,94,9.4
2024-12-17 17:40:19,115,11.5
2024-12-17 17:40:20,152,15.2
2024-12-17 17:40:21,55,5.5
2024-12-17 17:40:22,149,14.9
2024-12-17 17:40:23,61,6.1
2024-12-17 17:40:24,91,9.1
2024-12-17 17:40:25,87,8.7
2024-12-17 17:40:26,87,8.7
2024-12-17 17:40:27,65,6.5
2024-12-17 17:40:28,127,12.7
2024-12-17 17:40:29,75,7.5
2024-12-17 17:40:30,123,12.3
2024-12-17 17:40:31,148,14.8
2024-12-17 17:40:32,128,12.8
2024-12-17 17:40:33,52,5.2
2024-12-17 17:40:34,54,5.4
2024-12-17 17:40:35,155,15.5
2024-12-17 17:40:36,80,8.0
2024-12-17 17:40:37,100,10.0
2024-12-17 17:40:38,75,7.5
2024-12-17 17:40:39,106,10.6
2024-12-17 17:40:40,137,13.7
2024-12-17 17:40:41,95,9.5
2024-12-17 17:40:42,116,11.6
2024-12-17 17:40:43,117,11.7
2024-12-17 17:40:44,124,12.4
2024-12-17 17:40:45,127,12.7
2024-12-17 17:40:46,154,15.4
2024-12-17 17:40:47,95,9.5
2024-12-17 17:40:48,109,10.9
2024-12-17 17:40:49,127,12.7
2024-12-17 17:40:50,82,8.2
2024-12-17 17:40:51,145,14.5
2024-12-17 17:40:52,110,11.0
2024-12-17 17:40:53,89,8.9
2024-12-17 17:40:54,90,9.0
2024-12-17 17:40:55,136,13.6
2024-12-17 17:40:56,109,10.9
2024-12-17 17:40:57,129,12.9
2024-12-17 17:40:58,129,12.9
2024-12-17 17:40:59,90,9.0
2024-12-17 17:41:00,91,9.1
2024-12-17 17:41:01,135,13.5
2024-12-17 17:41:02,86,8.6
2024-12-17 17:41:03,143,14.3
2024-12-17 17:41:04,69,6.9
2024-12-17 17:41:05,56,5.6
2024-12-17 17:41:06,67,6.7
2024-12-17 17:41:07,131,13.1
2024-12-17 17:41:08,158,15.8
2024-12-17 17:41:09,116,11.6
2024-12-17 17:41:10,127,12.7
2024-12-17 17:41:11,120,12.0
2024-12-17 17:41:12,68,6.8
2024-12-17 17:41:13,68,6.8
2024-12-17 17:41:14,100,10.0
2024-12-17 17:41:15,127,12.7
2024-12-17 17:41:16,55,5.5
2024-12-17 17:41:17,129,12.9
2024-12-17 17:41:18,148,14.8
2024-12-17 17:41:19,68,6.8
2024-12-17 17:41:20,67,6.7
2024-12-17 17:41:21,122,12.2
2024-12-17 17:41:22,138,13.8
2024-12-17 17:41:23,145,14.5
2024-12-17 17:41:24,71,7.1
2024-12-17 17:41:25,128,12.8
2024-12-17 17:41:26,126,12.6
2024-12-17 17:41:27,93,9.3
2024-12-17 17:41:28,137,13.7
2024-12-17 17:41:29,71,7.1
2024-12-17 17:41:30,58,5.8
2024-12-17 17:41:31,130,13.0
2024-12-17 17:41:32,129,12.9
2024-12-17 17:41:33,104,10.4
2024-12-17 17:41:34,148,14.8
2024-12-17 17:41:35,131,13.1
2024-12-17 17:41:36,131,13.1
2024-12-17 17:41:37,64,6.4
2024-12-17 17:41:38,95,9.5
2024-12-17 17:41:39,133,13.3
2024-12-17 17:41:40,101,10.1
2024-12-17 17:41:41,78,7.8
2024-12-17 17:41:42,62,6.2
2024-12-17 17:41:43,79,7.9
2024-12-17 17:41:44,154,15.4
2024-12-17 17:41:45,94,9.4
2024-12-17 17:41:46,109,10.9
2024-12-17 17:41:47,95,9.5
2024-12-17 17:41:48,159,15.9
2024-12-17 17:41:49,120,12.0
2024-12-17 17:41:50,147,14.7
2024-12-17 17:41:51,128,12.8
2024-12-17 17:41:52,116,11.6
2024-12-17 17:41:53,74,7.4
2024-12-17 17:41:54,154,15.4
2024-12-17 17:41:55,157,15.7
2024-12-17 17:41:56,126,12.6
2024-12-17 17:41:57,70,7.0
2024-12-17 17:41:58,65,6.5
2024-12-17 17:41:59,156,15.6
2024-12-17 17:42:00,159,15.9
2024-12-17 17:42:01,74,7.4
2024-12-17 17:42:02,98,9.8
2024-12-17 17:42:03,67,6.7
2024-12-17 17:42:04,93,9.3
2024-12-17 17:42:05,57,5.7
2024-12-17 17:42:06,111,11.1
2024-12-17 17:42:07,77,7.7
2024-12-17 17:42:08,158,15.8
2024-12-17 17:42:09,118,11.8
2024-12-17 17:42:10,99,9.9
2024-12-17 17:42:11,100,10.0
2024-12-17 17:42:12,51,5.1
2024-12-17 17:42:13,68,6.8
2024-12-17 17:42:14,61,6.1
2024-12-17 17:42:15,145,14.5
2024-12-17 17:42:16,80,8.0
2024-12-17 17:42:17,78,7.8
2024-12-17 17:42:18,152,15.2
2024-12-17 17:42:19,70,7.0
2024-12-17 17:42:20,70,7.0
2024-12-17 17:42:21,81,8.1
2024-12-17 17:42:22,52,5.2
2024-12-17 17:42:23,77,7.7
2024-12-17 17:42:24,128,12.8
2024-12-17 17:42:25,122,12.2
2024-12-17 17:42:26,129,12.9
2024-12-17 17:42:27,115,11.5
2024-12-17 17:42:28,125,12.5
2024-12-17 17:42:29,57,5.7
2024-12-17 17:42:30,139,13.9
2024-12-17 17:42:31,68,6.8
2024-12-17 17:42:32,105,10.5
2024-12-17 17:42:33,125,12.5
2024-12-17 17:42:34,141,14.1
2024-12-17 17:42:35,65,6.5
2024-12-17 17:42:36,72,7.2
2024-12-17 17:42:37,120,12.0
2024-12-17 17:42:38,69,6.9
2024-12-17 17:42:39,111,11.1
2024-12-17 17:42:40,113,11.3
2024-12-17 17:42:41,149,14.9
2024-12-17 17:42:42,121,12.1
2024-12-17 17:42:43,67,6.7
2024-12-17 17:42:44,54,5.4
2024-12-17 17:42:45,135,13.5
2024-12-17 17:42:46,64,6.4
2024-12-17 17:42:47,94,9.4
2024-12-17 17:42:48,136,13.6
2024-12-17 17:42:49,111,11.1
2024-12-17 17:42:50,68,6.8
2024-12-17 17:42:51,91,9.1
2024-12-17 17:42:52,68,6.8
2024-12-17 17:42:53,112,11.2
2024-12-17 17:42:54,143,14.3
2024-12-17 17:42:55,148,14.8
2024-12-17 17:42:56,86,8.6
2024-12-17 17:42:57,81,8.1
2024-12-17 17:42:58,83,8.3
2024-12-17 17:42:59,91,9.1
2024-12-17 17:43:00,62,6.2
2024-12-17 17:43:01,50,5.0
2024-12-17 17:43:02,117,11.7
2024-12-17 17:43:03,59,5.9
2024-12-17 17:43:04,90,9.0
2024-12-17 17:43:05,64,6.4
2024-12-17 17:43:06,66,6.6
2024-12-17 17:43:07,71,7.1
2024-12-17 17:43:08,156,15.6
2024-12-17 17:43:09,111,11.1
2024-12-17 17:43:10,76,7.6
2024-12-17 17:43:11,151,15.1
2024-12-17 17:43:12,65,6.5
2024-12-17 17:43:13,106,10.6
2024-12-17 17:43:14,91,9.1
2024-12-17 17:43:15,147,14.7
2024-12-17 17:43:16,146,14.6
2024-12-17 17:43:17,156,15.6
2024-12-17 17:43:18,104,10.4
2024-12-17 17:43:19,110,11.0
2024-12-17 17:43:20,50,5.0
2024-12-17 17:43:21,51,5.1
2024-12-17 17:43:22,88,8.8
2024-12-17 17:43:23,52,5.2
2024-12-17 17:43:24,124,12.4
2024-12-17 17:43:25,87,8.7
2024-12-17 17:43:26,107,10.7
2024-12-17 17:43:27,156,15.6
2024-12-17 17:43:28,133,13.3
2024-12-17 17:43:29,100,10.0
2024-12-17 17:43:30,126,12.6
2024-12-17 17:43:31,107,10.7
2024-12-17 17:43:32,66,6.6
2024-12-17 17:43:33,160,16.0
2024-12-17 17:43:34,124,12.4
2024-12-17 17:43:35,72,7.2
2024-12-17 17:43:36,79,7.9
2024-12-17 17:43:37,142,14.2
2024-12-17 17:43:38,60,6.0
2024-12-17 17:43:39,144,14.4
2024-12-17 17:43:40,139,13.9
2024-12-17 17:43:41,131,13.1
2024-12-17 17:43:42,148,14.8
2024-12-17 17:43:43,146,14.6
2024-12-17 17:43:44,90,9.0
2024-12-17 17:43:45,89,8.9
2024-12-17 17:43:46,66,6.6
2024-12-17 17:43:47,106,10.6
2024-12-17 17:43:48,99,9.9
2024-12-17 17:43:49,65,6.5
2024-12-17 17:43:50,121,12.1
2024-12-17 17:43:51,133,13.3
2024-12-17 17:43:52,62,6.2
2024-12-17 17:43:53,109,10.9
2024-12-17 17:43:54,153,15.3
2024-12-17 17:43:55,156,15.6
2024-12-17 17:43:56,100,10.0
2024-12-17 17:43:57,116,11.6
2024-12-17 17:43:58,89,8.9
2024-12-17 17:43:59,142,14.2
2024-12-17 17:44:00,104,10.4
2024-12-17 17:44:01,65,6.5
2024-12-17 17:44:02,127,12.7
2024-12-17 17:44:03,119,11.9
2024-12-17 17:44:04,160,16.0
2024-12-17 17:44:05,141,14.1
2024-12-17 17:44:06,138,13.8
2024-12-17 17:44:07,116,11.6
2024-12-17 17:44:08,84,8.4
2024-12-17 17:44:09,56,5.6
2024-12-17 17:44:10,155,15.5
2024-12-17 17:44:11,65,6.5
2024-12-17 17:44:12,86,8.6
2024-12-17 17:44:13,70,7.0
2024-12-17 17:44:14,96,9.6
2024-12-17 17:44:15,100,10.0
2024-12-17 17:44:16,105,10.5
2024-12-17 17:44:17,102,10.2
2024-12-17 17:44:18,84,8.4
2024-12-17 17:44:19,76,7.6
2024-12-17 17:44:20,89,8.9
2024-12-17 17:44:21,96,9.6
2024-12-17 17:44:22,144,14.4
2024-12-17 17:44:23,147,14.7
2024-12-17 17:44:24,154,15.4
2024-12-17 17:44:25,85,8.5
2024-12-17 17:44:26,144,14.4
2024-12-17 17:44:27,74,7.4
2024-12-17 17:44:28,89,8.9
2024-12-17 17:44:29,105,10.5
2024-12-17 17:44:30,151,15.1
2024-12-17 17:44:31,53,5.3
2024-12-17 17:44:32,115,11.5
2024-12-17 17:44:33,64,6.4
2024-12-17 17:44:34,86,8.6
2024-12-17 17:44:35,160,16.0
2024-12-17 17:44:36,84,8.4
2024-12-17 17:44:37,96,9.6
2024-12-17 17:44:38,134,13.4
2024-12-17 17:44:39,110,11.0
2024-12-17 17:44:40,71,7.1
2024-12-17 17:44:41,85,8.5
2024-12-17 17:44:42,128,12.8
2024-12-17 17:44:43,66,6.6
2024-12-17 17:44:44,115,11.5
2024-12-17 17:44:45,133,13.3
2024-12-17 17:44:46,97,9.7
2024-12-17 17:44:47,86,8.6
2024-12-17 17:44:48,63,6.3
2024-12-17 17:44:49,123,12.3
2024-12-17 17:44:50,78,7.8
2024-12-17 17:44:51,93,9.3
2024-12-17 17:44:52,150,15.0
2024-12-17 17:44:53,85,8.5
2024-12-17 17:44:54,128,12.8
2024-12-17 17:44:55,59,5.9
2024-12-17 17:44:56,61,6.1
2024-12-17 17:44:57,157,15.7
2024-12-17 17:44:58,78,7.8
2024-12-17 17:44:59,143,14.3
2024-12-17 17:45:00,139,13.9
2024-12-17 17:45:01,147,14.7
2024-12-17 17:45:02,143,14.3
2024-12-17 17:45:03,107,10.7
2024-12-17 17:45:04,106,10.6
2024-12-17 17:45:05,62,6.2
2024-12-17 17:45:06,141,14.1
2024-12-17 17:45:07,143,14.3
2024-12-17 17:45:08,112,11.2
2024-12-17 17:45:09,77,7.7
2024-12-17 17:45:10,139,13.9
2024-12-17 17:45:11,93,9.3
2024-12-17 17:45:12,153,15.3
2024-12-17 17:45:13,131,13.1
2024-12-17 17:45:14,125,12.5
2024-12-17 17:45:15,127,12.7
2024-12-17 17:45:16,82,8.2
2024-12-17 17:45:17,84,8.4
2024-12-17 17:45:18,96,9.6
2024-12-17 17:45:19,154,15.4
2024-12-17 17:45:20,51,5.1
2024-12-17 17:45:21,60,6.0
2024-12-17 17:45:22,85,8.5
2024-12-17 17:45:23,51,5.1
2024-12-17 17:45:24,146,14.6
2024-12-17 17:45:25,141,14.1
2024-12-17 17:45:26,112,11.2
2024-12-17 17:45:27,90,9.0
2024-12-17 17:45:28,85,8.5
2024-12-17 17:45:29,84,8.4
2024-12-17 17:45:30,137,13.7
2024-12-17 17:45:31,153,15.3
2024-12-17 17:45:32,70,7.0
2024-12-17 17:45:33,93,9.3
2024-12-17 17:45:34,111,11.1
2024-12-17 17:45:35,94,9.4
2024-12-17 17:45:36,114,11.4
2024-12-17 17:45:37,103,10.3
2024-12-17 17:45:38,76,7.6
2024-12-17 17:45:39,80,8.0
2024-12-17 17:45:40,81,8.1
2024-12-17 17:45:41,81,8.1
2024-12-17 17:45:42,79,7.9
2024-12-17 17:45:43,91,9.1
2024-12-17 17:45:44,88,8.8
2024-12-17 17:45:45,56,5.6
2024-12-17 17:45:46,135,13.5
2024-12-17 17:45:47,81,8.1
2024-12-17 17:45:48,98,9.8
2024-12-17 17:45:49,150,15.0
2024-12-17 17:45:50,90,9.0
2024-12-17 17:45:51,120,12.0
2024-12-17 17:45:52,156,15.6
2024-12-17 17:45:53,50,5.0
2024-12-17 17:45:54,133,13.3
2024-12-17 17:45:55,102,10.2
2024-12-17 17:45:56,156,15.6
2024-12-17 17:45:57,118,11.8
2024-12-17 17:45:58,93,9.3
2024-12-17 17:45:59,124,12.4
2024-12-17 17:46:00,96,9.6
2024-12-17 17:46:01,149,14.9
2024-12-17 17:46:02,56,5.6
2024-12-17 17:46:03,56,5.6
2024-12-17 17:46:04,135,13.5
2024-12-17 17:46:05,114,11.4
2024-12-17 17:46:06,95,9.5
2024-12-17 17:46:07,51,5.1
2024-12-17 17:46:08,80,8.0
2024-12-17 17:46:09,100,10.0
2024-12-17 17:46:10,151,15.1
2024-12-17 17:46:11,96,9.6
2024-12-17 17:46:12,86,8.6
2024-12-17 17:46:13,146,14.6
2024-12-17 17:46:14,103,10.3
2024-12-17 17:46:15,106,10.6
2024-12-17 17:46:16,69,6.9
2024-12-17 17:46:17,52,5.2
2024-12-17 17:46:18,85,8.5
2024-12-17 17:46:19,93,9.3
2024-12-17 17:46:20,104,10.4
2024-12-17 17:46:21,151,15.1
2024-12-17 17:46:22,113,11.3
2024-12-17 17:46:23,122,12.2
2024-12-17 17:46:24,87,8.7
2024-12-17 17:46:25,79,7.9
2024-12-17 17:46:26,73,7.3
2024-12-17 17:46:27,140,14.0
2024-12-17 17:46:28,129,12.9
2024-12-17 17:46:29,97,9.7
2024-12-17 17:46:30,110,11.0
2024-12-17 17:46:31,159,15.9
2024-12-17 17:46:32,132,13.2
2024-12-17 17:46:33,75,7.5
2024-12-17 17:46:34,76,7.6
2024-12-17 17:46:35,121,12.1
2024-12-17 17:46:36,93,9.3
2024-12-17 17:46:37,88,8.8
2024-12-17 17:46:38,74,7.4
2024-12-17 17:46:39,63,6.3
2024-12-17 17:46:40,119,11.9
2024-12-17 17:46:41,108,10.8
2024-12-17 17:46:42,78,7.8
2024-12-17 17:46:43,151,15.1
2024-12-17 17:46:44,102,10.2
2024-12-17 17:46:45,112,11.2
2024-12-17 17:46:46,131,13.1
2024-12-17 17:46:47,92,9.2
2024-12-17 17:46:48,85,8.5
2024-12-17 17:46:49,142,14.2
2024-12-17 17:46:50,148,14.8
2024-12-17 17:46:51,128,12.8
2024-12-17 17:46:52,72,7.2
2024-12-17 17:46:53,50,5.0
2024-12-17 17:46:54,64,6.4
2024-12-17 17:46:55,112,11.2
2024-12-17 17:46:56,86,8.6
2024-12-17 17:46:57,149,14.9
2024-12-17 17:46:58,160,16.0
2024-12-17 17:46:59,92,9.2
2024-12-17 17:47:00,62,6.2
2024-12-17 17:47:01,50,5.0
2024-12-17 17:47:02,59,5.9
2024-12-17 17:47:03,67,6.7
2024-12-17 17:47:04,64,6.4
2024-12-17 17:47:05,122,12.2
2024-12-17 17:47:06,68,6.8
2024-12-17 17:47:07,56,5.6
2024-12-17 17:47:08,135,13.5
2024-12-17 17:47:09,157,15.7
2024-12-17 17:47:10,76,7.6
2024-12-17 17:47:11,152,15.2
2024-12-17 17:47:12,154,15.4
2024-12-17 17:47:13,147,14.7
2024-12-17 17:47:14,87,8.7
2024-12-17 17:47:15,114,11.4
2024-12-17 17:47:16,86,8.6
2024-12-17 17:47:17,75,7.5
2024-12-17 17:47:18,54,5.4
2024-12-17 17:47:19,156,15.6
2024-12-17 17:47:20,150,15.0
2024-12-17 17:47:21,65,6.5
2024-12-17 17:47:22,123,12.3
2024-12-17 17:47:23,80,8.0
2024-12-17 17:47:24,137,13.7
2024-12-17 17:47:25,70,7.0
2024-12-17 17:47:26,148,14.8
2024-12-17 17:47:27,158,15.8
2024-12-17 17:47:28,103,10.3
2024-12-17 17:47:29,107,10.7
2024-12-17 17:47:30,83,8.3
2024-12-17 17:47:31,57,5.7
2024-12-17 17:47:32,87,8.7
2024-12-17 17:47:33,56,5.6
2024-12-17 17:47:34,66,6.6
2024-12-17 17:47:35,131,13.1
2024-12-17 17:47:36,59,5.9
2024-12-17 17:47:37,116,11.6
2024-12-17 17:47:38,55,5.5
2024-12-17 17:47:39,138,13.8
2024-12-17 17:47:40,116,11.6
2024-12-17 17:47:41,57,5.7
2024-12-17 17:47:42,57,5.7
2024-12-17 17:47:43,77,7.7
2024-12-17 17:47:44,141,14.1
2024-12-17 17:47:45,54,5.4
2024-12-17 17:47:46,154,15.4
2024-12-17 17:47:47,140,14.0
2024-12-17 17:47:48,100,10.0
2024-12-17 17:47:49,79,7.9
2024-12-17 17:47:50,74,7.4
2024-12-17 17:47:51,124,12.4
2024-12-17 17:47:52,149,14.9
2024-12-17 17:47:53,84,8.4
2024-12-17 17:47:54,141,14.1
2024-12-17 17:47:55,93,9.3
2024-12-17 17:47:56,157,15.7
2024-12-17 17:47:57,133,13.3
2024-12-17 17:47:58,119,11.9
2024-12-17 17:47:59,132,13.2
2024-12-17 17:48:00,128,12.8
2024-12-17 17:48:01,104,10.4
2024-12-17 17:48:02,156,15.6
2024-12-17 17:48:03,77,7.7
2024-12-17 17:48:04,97,9.7
2024-12-17 17:48:05,94,9.4
2024-12-17 17:48:06,151,15.1
2024-12-17 17:48:07,131,13.1
2024-12-17 17:48:08,127,12.7
2024-12-17 17:48:09,126,12.6
2024-12-17 17:48:10,150,15.0
2024-12-17 17:48:11,54,5.4
2024-12-17 17:48:12,68,6.8
2024-12-17 17:48:13,52,5.2
2024-12-17 17:48:14,131,13.1
2024-12-17 17:48:15,127,12.7
2024-12-17 17:48:16,73,7.3
2024-12-17 17:48:17,67,6.7
2024-12-17 17:48:18,52,5.2
2024-12-17 17:48:19,88,8.8
2024-12-17 17:48:20,119,11.9
2024-12-17 17:48:21,131,13.1
2024-12-17 17:48:22,55,5.5
2024-12-17 17:48:23,119,11.9
2024-12-17 17:48:24,121,12.1
2024-12-17 17:48:25,100,10.0
2024-12-17 17:48:26,70,7.0
2024-12-17 17:48:27,93,9.3
2024-12-17 17:48:28,131,13.1
2024-12-17 17:48:29,68,6.8
2024-12-17 17:48:30,157,15.7
2024-12-17 17:48:31,130,13.0
2024-12-17 17:48:32,59,5.9
2024-12-17 17:48:33,119,11.9
2024-12-17 17:48:34,96,9.6
2024-12-17 17:48:35,140,14.0
2024-12-17 17:48:36,99,9.9
2024-12-17 17:48:37,120,12.0
2024-12-17 17:48:38,150,15.0
2024-12-17 17:48:39,135,13.5
2024-12-17 17:48:40,157,15.7
2024-12-17 17:48:41,90,9.0
2024-12-17 17:48:42,156,15.6
2024-12-17 17:48:43,128,12.8
2024-12-17 17:48:44,150,15.0
2024-12-17 17:48:45,93,9.3
2024-12-17 17:48:46,86,8.6
2024-12-17 17:48:47,151,15.1
2024-12-17 17:48:48,52,5.2
2024-12-17 17:48:49,60,6.0
2024-12-17 17:48:50,143,14.3
2024-12-17 17:48:51,149,14.9
2024-12-17 17:48:52,99,9.9
2024-12-17 17:48:53,136,13.6
2024-12-17 17:48:54,50,5.0
2024-12-17 17:48:55,147,14.7
2024-12-17 17:48:56,117,11.7
2024-12-17 17:48:57,98,9.8
2024-12-17 17:48:58,130,13.0
2024-12-17 17:48:59,93,9.3
2024-12-17 17:49:00,82,8.2
2024-12-17 17:49:01,119,11.9
2024-12-17 17:49:02,90,9.0
2024-12-17 17:49:03,77,7.7
2024-12-17 17:49:04,103,10.3
2024-12-17 17:49:05,85,8.5
2024-12-17 17:49:06,90,9.0
2024-12-17 17:49:07,156,15.6
2024-12-17 17:49:08,65,6.5
2024-12-17 17:49:09,141,14.1
2024-12-17 17:49:10,61,6.1
2024-12-17 17:49:11,146,14.6
2024-12-17 17:49:12,79,7.9
2024-12-17 17:49:13,118,11.8
2024-12-17 17:49:14,147,14.7
2024-12-17 17:49:15,92,9.2
2024-12-17 17:49:16,73,7.3
2024-12-17 17:49:17,57,5.7
2024-12-17 17:49:18,61,6.1
2024-12-17 17:49:19,97,9.7
2024-12-17 17:49:20,98,9.8
2024-12-17 17:49:21,130,13.0
2024-12-17 17:49:22,63,6.3
2024-12-17 17:49:23,160,16.0
2024-12-17 17:49:24,87,8.7
2024-12-17 17:49:25,84,8.4
2024-12-17 17:49:26,110,11.0
2024-12-17 17:49:27,114,11.4
2024-12-17 17:49:28,96,9.6
2024-12-17 17:49:29,82,8.2
2024-12-17 17:49:30,154,15.4
2024-12-17 17:49:31,75,7.5
2024-12-17 17:49:32,87,8.7
2024-12-17 17:49:33,131,13.1
2024-12-17 17:49:34,73,7.3
2024-12-17 17:49:35,90,9.0
2024-12-17 17:49:36,77,7.7
2024-12-17 17:49:37,58,5.8
2024-12-17 17:49:38,108,10.8
2024-12-17 17:49:39,78,7.8
2024-12-17 17:49:40,75,7.5
2024-12-17 17:49:41,94,9.4
2024-12-17 17:49:42,111,11.1
2024-12-17 17:49:43,68,6.8
2024-12-17 17:49:44,121,12.1
2024-12-17 17:49:45,157,15.7
2024-12-17 17:49:46,149,14.9
2024-12-17 17:49:47,140,14.0
2024-12-17 17:49:48,74,7.4
2024-12-17 17:49:49,64,6.4
2024-12-17 17:49:50,71,7.1
2024-12-17 17:49:51,67,6.7
2024-12-17 17:49:52,88,8.8
2024-12-17 17:49:53,69,6.9
2024-12-17 17:49:54,145,14.5
2024-12-17 17:49:55,126,12.6
2024-12-17 17:49:56,70,7.0
2024-12-17 17:49:57,100,10.0
2024-12-17 17:49:58,59,5.9
2024-12-17 17:49:59,156,15.6
2024-12-17 17:50:00,99,9.9
2024-12-17 17:50:01,92,9.2
2024-12-17 17:50:02,98,9.8
2024-12-17 17:50:03,79,7.9
2024-12-17 17:50:04,94,9.4
2024-12-17 17:50:05,160,16.0
2024-12-17 17:50:06,145,14.5
2024-12-17 17:50:07,122,12.2
2024-12-17 17:50:08,65,6.5
2024-12-17 17:50:09,157,15.7
2024-12-17 17:50:10,70,7.0
2024-12-17 17:50:11,65,6.5
2024-12-17 17:50:12,78,7.8
2024-12-17 17:50:13,77,7.7
2024-12-17 17:50:14,152,15.2
2024-12-17 17:50:15,99,9.9
2024-12-17 17:50:16,55,5.5
2024-12-17 17:50:17,104,10.4
2024-12-17 17:50:18,146,14.6
2024-12-17 17:50:19,129,12.9
2024-12-17 17:50:20,78,7.8
2024-12-17 17:50:21,118,11.8
2024-12-17 17:50:22,98,9.8
2024-12-17 17:50:23,72,7.2
2024-12-17 17:50:24,66,6.6
2024-12-17 17:50:25,108,10.8
2024-12-17 17:50:26,85,8.5
2024-12-17 17:50:27,147,14.7
2024-12-17 17:50:28,63,6.3
2024-12-17 17:50:29,87,8.7
2024-12-17 17:50:30,98,9.8
2024-12-17 17:50:31,129,12.9
2024-12-17 17:50:32,129,12.9
2024-12-17 17:50:33,150,15.0
2024-12-17 17:50:34,151,15.1
2024-12-17 17:50:35,99,9.9
2024-12-17 17:50:36,71,7.1
2024-12-17 17:50:37,149,14.9
2024-12-17 17:50:38,87,8.7
2024-12-17 17:50:39,148,14.8
2024-12-17 17:50:40,55,5.5
2024-12-17 17:50:41,129,12.9
2024-12-17 17:50:42,143,14.3
2024-12-17 17:50:43,104,10.4
2024-12-17 17:50:44,74,7.4
2024-12-17 17:50:45,86,8.6
2024-12-17 17:50:46,50,5.0
2024-12-17 17:50:47,111,11.1
2024-12-17 17:50:48,63,6.3
2024-12-17 17:50:49,72,7.2
2024-12-17 17:50:50,156,15.6
2024-12-17 17:50:51,89,8.9
2024-12-17 17:50:52,84,8.4
2024-12-17 17:50:53,124,12.4
2024-12-17 17:50:54,153,15.3
2024-12-17 17:50:55,129,12.9
2024-12-17 17:50:56,143,14.3
2024-12-17 17:50:57,96,9.6
2024-12-17 17:50:58,113,11.3
2024-12-17 17:50:59,157,15.7
2024-12-17 17:51:00,60,6.0
2024-12-17 17:51:01,106,10.6
2024-12-17 17:51:02,125,12.5
2024-12-17 17:51:03,118,11.8
2024-12-17 17:51:04,134,13.4
2024-12-17 17:51:05,141,14.1
2024-12-17 17:51:06,108,10.8
2024-12-17 17:51:07,132,13.2
2024-12-17 17:51:08,106,10.6
2024-12-17 17:51:09,82,8.2
2024-12-17 17:51:10,139,13.9
2024-12-17 17:51:11,89,8.9
2024-12-17 17:51:12,77,7.7
2024-12-17 17:51:13,55,5.5
2024-12-17 17:51:14,63,6.3
2024-12-17 17:51:15,60,6.0
2024-12-17 17:51:16,90,9.0
2024-12-17 17:51:17,134,13.4
2024-12-17 17:51:18,115,11.5
2024-12-17 17:51:19,158,15.8
2024-12-17 17:51:20,151,15.1
2024-12-17 17:51:21,69,6.9
2024-12-17 17:51:22,82,8.2
2024-12-17 17:51:23,130,13.0
2024-12-17 17:51:24,85,8.5
2024-12-17 17:51:25,113,11.3
2024-12-17 17:51:26,60,6.0
2024-12-17 17:51:27,154,15.4
2024-12-17 17:51:28,123,12.3
2024-12-17 17:51:29,127,12.7
2024-12-17 17:51:30,115,11.5
2024-12-17 17:51:31,151,15.1
2024-12-17 17:51:32,68,6.8
2024-12-17 17:51:33,93,9.3
2024-12-17 17:51:34,84,8.4
2024-12-17 17:51:35,145,14.5
2024-12-17 17:51:36,102,10.2
2024-12-17 17:51:37,81,8.1
2024-12-17 17:51:38,112,11.2
2024-12-17 17:51:39,131,13.1
2024-12-17 17:51:40,126,12.6
2024-12-17 17:51:41,55,5.5
2024-12-17 17:51:42,75,7.5
2024-12-17 17:51:43,131,13.1
2024-12-17 17:51:44,102,10.2
2024-12-17 17:51:45,136,13.6
2024-12-17 17:51:46,95,9.5
2024-12-17 17:51:47,82,8.2
2024-12-17 17:51:48,80,8.0
2024-12-17 17:51:49,154,15.4
2024-12-17 17:51:50,129,12.9
2024-12-17 17:51:51,64,6.4
2024-12-17 17:51:52,84,8.4
2024-12-17 17:51:53,116,11.6
2024-12-17 17:51:54,105,10.5
2024-12-17 17:51:55,124,12.4
2024-12-17 17:51:56,106,10.6
2024-12-17 17:51:57,97,9.7
2024-12-17 17:51:58,129,12.9
2024-12-17 17:51:59,116,11.6
2024-12-17 17:52:00,143,14.3
2024-12-17 17:52:01,122,12.2
2024-12-17 17:52:02,108,10.8
2024-12-17 17:52:03,102,10.2
2024-12-17 17:52:04,72,7.2
2024-12-17 17:52:05,101,10.1
2024-12-17 17:52:06,59,5.9
2024-12-17 17:52:07,63,6.3
2024-12-17 17:52:08,66,6.6
2024-12-17 17:52:09,76,7.6
2024-12-17 17:52:10,58,5.8
2024-12-17 17:52:11,75,7.5
2024-12-17 17:52:12,80,8.0
2024-12-17 17:52:13,160,16.0
2024-12-17 17:52:14,120,12.0
2024-12-17 17:52:15,59,5.9
2024-12-17 17:52:16,56,5.6
2024-12-17 17:52:17,90,9.0
2024-12-17 17:52:18,83,8.3
2024-12-17 17:52:19,119,11.9
2024-12-17 17:52:20,110,11.0
2024-12-17 17:52:21,53,5.3
2024-12-17 17:52:22,72,7.2
2024-12-17 17:52:23,72,7.2
2024-12-17 17:52:24,74,7.4
2024-12-17 17:52:25,124,12.4
2024-12-17 17:52:26,101,10.1
2024-12-17 17:52:27,50,5.0
2024-12-17 17:52:28,159,15.9
2024-12-17 17:52:29,115,11.5
2024-12-17 17:52:30,56,5.6
2024-12-17 17:52:31,103,10.3
2024-12-17 17:52:32,95,9.5
2024-12-17 17:52:33,108,10.8
2024-12-17 17:52:34,75,7.5
2024-12-17 17:52:35,60,6.0
2024-12-17 17:52:36,151,15.1
2024-12-17 17:52:37,113,11.3
2024-12-17 17:52:38,61,6.1
2024-12-17 17:52:39,55,5.5
2024-12-17 17:52:40,150,15.0
2024-12-17 17:52:41,63,6.3
2024-12-17 17:52:42,137,13.7
2024-12-17 17:52:43,83,8.3
2024-12-17 17:52:44,126,12.6
2024-12-17 17:52:45,150,15.0
2024-12-17 17:52:46,61,6.1
2024-12-17 17:52:47,135,13.5
2024-12-17 17:52:48,54,5.4
2024-12-17 17:52:49,126,12.6
2024-12-17 17:52:50,63,6.3
2024-12-17 17:52:51,72,7.2
2024-12-17 17:52:52,83,8.3
2024-12-17 17:52:53,114,11.4
2024-12-17 17:52:54,152,15.2
2024-12-17 17:52:55,114,11.4
2024-12-17 17:52:56,134,13.4
2024-12-17 17:52:57,145,14.5
2024-12-17 17:52:58,158,15.8
2024-12-17 17:52:59,104,10.4
2024-12-17 17:53:00,106,10.6
2024-12-17 17:53:01,99,9.9
2024-12-17 17:53:02,114,11.4
2024-12-17 17:53:03,140,14.0
2024-12-17 17:53:04,148,14.8
2024-12-17 17:53:05,119,11.9
2024-12-17 17:53:06,142,14.2
2024-12-17 17:53:07,124,12.4
2024-12-17 17:53:08,69,6.9
2024-12-17 17:53:09,51,5.1
2024-12-17 17:53:10,51,5.1
2024-12-17 17:53:11,69,6.9
2024-12-17 17:53:12,54,5.4
2024-12-17 17:53:13,63,6.3
2024-12-17 17:53:14,68,6.8
2024-12-17 17:53:15,62,6.2
2024-12-17 17:53:16,58,5.8
2024-12-17 17:53:17,154,15.4
2024-12-17 17:53:18,125,12.5
2024-12-17 17:53:19,70,7.0
2024-12-17 17:53:20,98,9.8
2024-12-17 17:53:21,61,6.1
2024-12-17 17:53:22,51,5.1
2024-12-17 17:53:23,133,13.3
2024-12-17 17:53:24,118,11.8
2024-12-17 17:53:25,53,5.3
2024-12-17 17:53:26,116,11.6
2024-12-17 17:53:27,153,15.3
2024-12-17 17:53:28,86,8.6
2024-12-17 17:53:29,137,13.7
2024-12-17 17:53:30,93,9.3
2024-12-17 17:53:31,69,6.9
2024-12-17 17:53:32,149,14.9
2024-12-17 17:53:33,62,6.2
2024-12-17 17:53:34,145,14.5
2024-12-17 17:53:35,145,14.5
2024-12-17 17:53:36,155,15.5
2024-12-17 17:53:37,73,7.3
2024-12-17 17:53:38,113,11.3
2024-12-17 17:53:39,91,9.1
2024-12-17 17:53:40,99,9.9
2024-12-17 17:53:41,51,5.1
2024-12-17 17:53:42,102,10.2
2024-12-17 17:53:43,84,8.4
2024-12-17 17:53:44,78,7.8
2024-12-17 17:53:45,115,11.5
2024-12-17 17:53:46,96,9.6
2024-12-17 17:53:47,136,13.6
2024-12-17 17:53:48,124,12.4
2024-12-17 17:53:49,63,6.3
2024-12-17 17:53:50,128,12.8
2024-12-17 17:53:51,114,11.4
2024-12-17 17:53:52,135,13.5
2024-12-17 17:53:53,142,14.2
2024-12-17 17:53:54,154,15.4
2024-12-17 17:53:55,81,8.1
2024-12-17 17:53:56,52,5.2
2024-12-17 17:53:57,90,9.0
2024-12-17 17:53:58,71,7.1
2024-12-17 17:53:59,142,14.2
2024-12-17 17:54:00,138,13.8
2024-12-17 17:54:01,109,10.9
2024-12-17 17:54:02,155,15.5
2024-12-17 17:54:03,70,7.0
2024-12-17 17:54:04,99,9.9
2024-12-17 17:54:05,93,9.3
2024-12-17 17:54:06,141,14.1
2024-12-17 17:54:07,154,15.4
2024-12-17 17:54:08,116,11.6
2024-12-17 17:54:09,54,5.4
2024-12-17 17:54:10,158,15.8
2024-12-17 17:54:11,144,14.4
2024-12-17 17:54:12,82,8.2
2024-12-17 17:54:13,90,9.0
2024-12-17 17:54:14,81,8.1
2024-12-17 17:54:15,80,8.0
2024-12-17 17:54:16,72,7.2
2024-12-17 17:54:17,123,12.3
2024-12-17 17:54:18,137,13.7
2024-12-17 17:54:19,143,14.3
2024-12-17 17:54:20,143,14.3
2024-12-17 17:54:21,114,11.4
2024-12-17 17:54:22,134,13.4
2024-12-17 17:54:23,119,11.9
2024-12-17 17:54:24,120,12.0
2024-12-17 17:54:25,132,13.2
2024-12-17 17:54:26,66,6.6
2024-12-17 17:54:27,72,7.2
2024-12-17 17:54:28,97,9.7
2024-12-17 17:54:29,108,10.8
2024-12-17 17:54:30,54,5.4
2024-12-17 17:54:31,121,12.1
2024-12-17 17:54:32,134,13.4
2024-12-17 17:54:33,157,15.7
2024-12-17 17:54:34,70,7.0
2024-12-17 17:54:35,117,11.7
2024-12-17 17:54:36,101,10.1
2024-12-17 17:54:37,60,6.0
2024-12-17 17:54:38,140,14.0
2024-12-17 17:54:39,154,15.4
2024-12-17 17:54:40,92,9.2
2024-12-17 17:54:41,145,14.5
2024-12-17 17:54:42,135,13.5
2024-12-17 17:54:43,95,9.5
2024-12-17 17:54:44,103,10.3
2024-12-17 17:54:45,59,5.9
2024-12-17 17:54:46,136,13.6
2024-12-17 17:54:47,100,10.0
2024-12-17 17:54:48,109,10.9
2024-12-17 17:54:49,58,5.8
2024-12-17 17:54:50,148,14.8
2024-12-17 17:54:51,157,15.7
2024-12-17 17:54:52,104,10.4
2024-12-17 17:54:53,140,14.0
2024-12-17 17:54:54,64,6.4
2024-12-17 17:54:55,103,10.3
2024-12-17 17:54:56,158,15.8
2024-12-17 17:54:57,89,8.9
2024-12-17 17:54:58,84,8.4
2024-12-17 17:54:59,106,10.6
2024-12-17 17:55:00,73,7.3
2024-12-17 17:55:01,81,8.1
2024-12-17 17:55:02,73,7.3
2024-12-17 17:55:03,151,15.1
2024-12-17 17:55:04,116,11.6
2024-12-17 17:55:05,59,5.9
2024-12-17 17:55:06,104,10.4
2024-12-17 17:55:07,160,16.0
2024-12-17 17:55:08,61,6.1
2024-12-17 17:55:09,121,12.1
2024-12-17 17:55:10,83,8.3
2024-12-17 17:55:11,138,13.8
2024-12-17 17:55:12,80,8.0
2024-12-17 17:55:13,111,11.1
2024-12-17 17:55:14,157,15.7
2024-12-17 17:55:15,51,5.1
2024-12-17 17:55:16,58,5.8
2024-12-17 17:55:17,65,6.5
2024-12-17 17:55:18,156,15.6
2024-12-17 17:55:19,56,5.6
2024-12-17 17:55:20,107,10.7
2024-12-17 17:55:21,133,13.3
2024-12-17 17:55:22,122,12.2
2024-12-17 17:55:23,79,7.9
2024-12-17 17:55:24,120,12.0
2024-12-17 17:55:25,96,9.6
2024-12-17 17:55:26,53,5.3
2024-12-17 17:55:27,71,7.1
2024-12-17 17:55:28,158,15.8
2024-12-17 17:55:29,50,5.0
2024-12-17 17:55:30,148,14.8
2024-12-17 17:55:31,133,13.3
2024-12-17 17:55:32,144,14.4
2024-12-17 17:55:33,114,11.4
2024-12-17 17:55:34,51,5.1
2024-12-17 17:55:35,67,6.7
2024-12-17 17:55:36,136,13.6
2024-12-17 17:55:37,120,12.0
2024-12-17 17:55:38,65,6.5
2024-12-17 17:55:39,156,15.6
2024-12-17 17:55:40,66,6.6
2024-12-17 17:55:41,110,11.0
2024-12-17 17:55:42,95,9.5
2024-12-17 17:55:43,158,15.8
2024-12-17 17:55:44,151,15.1
2024-12-17 17:55:45,151,15.1
2024-12-17 17:55:46,133,13.3
2024-12-17 17:55:47,127,12.7
2024-12-17 17:55:48,157,15.7
2024-12-17 17:55:49,160,16.0
2024-12-17 17:55:50,93,9.3
2024-12-17 17:55:51,127,12.7
2024-12-17 17:55:52,122,12.2
2024-12-17 17:55:53,89,8.9
2024-12-17 17:55:54,157,15.7
2024-12-17 17:55:55,71,7.1
2024-12-17 17:55:56,74,7.4
2024-12-17 17:55:57,131,13.1
2024-12-17 17:55:58,146,14.6
2024-12-17 17:55:59,73,7.3
2024-12-17 17:56:00,133,13.3
2024-12-17 17:56:01,87,8.7
2024-12-17 17:56:02,159,15.9
2024-12-17 17:56:03,160,16.0
2024-12-17 17:56:04,97,9.7
2024-12-17 17:56:05,156,15.6
2024-12-17 17:56:06,54,5.4
2024-12-17 17:56:07,107,10.7
2024-12-17 17:56:08,71,7.1
2024-12-17 17:56:09,146,14.6
2024-12-17 17:56:10,72,7.2
2024-12-17 17:56:11,78,7.8
2024-12-17 17:56:12,98,9.8
2024-12-17 17:56:13,140,14.0
2024-12-17 17:56:14,76,7.6
2024-12-17 17:56:15,121,12.1
2024-12-17 17:56:16,152,15.2
2024-12-17 17:56:17,69,6.9
2024-12-17 17:56:18,71,7.1
2024-12-17 17:56:19,112,11.2
2024-12-17 17:56:20,59,5.9
2024-12-17 17:56:21,139,13.9
2024-12-17 17:56:22,146,14.6
2024-12-17 17:56:23,90,9.0
2024-12-17 17:56:24,150,15.0
2024-12-17 17:56:25,119,11.9
2024-12-17 17:56:26,80,8.0
2024-12-17 17:56:27,88,8.8
2024-12-17 17:56:28,92,9.2
2024-12-17 17:56:29,125,12.5
2024-12-17 17:56:30,52,5.2
2024-12-17 17:56:31,139,13.9
2024-12-17 17:56:32,118,11.8
2024-12-17 17:56:33,82,8.2
2024-12-17 17:56:34,87,8.7
2024-12-17 17:56:35,66,6.6
2024-12-17 17:56:36,148,14.8
2024-12-17 17:56:37,84,8.4
2024-12-17 17:56:38,81,8.1
2024-12-17 17:56:39,101,10.1
2024-12-17 17:56:40,70,7.0
2024-12-17 17:56:41,146,14.6
2024-12-17 17:56:42,102,10.2
2024-12-17 17:56:43,132,13.2
2024-12-17 17:56:44,105,10.5
2024-12-17 17:56:45,52,5.2
2024-12-17 17:56:46,78,7.8
2024-12-17 17:56:47,139,13.9
2024-12-17 17:56:48,61,6.1
2024-12-17 17:56:49,106,10.6
2024-12-17 17:56:50,111,11.1
2024-12-17 17:56:51,113,11.3
2024-12-17 17:56:52,155,15.5
2024-12-17 17:56:53,87,8.7
2024-12-17 17:56:54,150,15.0
2024-12-17 17:56:55,158,15.8
2024-12-17 17:56:56,114,11.4
2024-12-17 17:56:57,75,7.5
2024-12-17 17:56:58,89,8.9
2024-12-17 17:56:59,83,8.3
2024-12-17 17:57:00,78,7.8
2024-12-17 17:57:01,125,12.5
2024-12-17 17:57:02,111,11.1
2024-12-17 17:57:03,94,9.4
2024-12-17 17:57:04,96,9.6
2024-12-17 17:57:05,110,11.0
2024-12-17 17:57:06,107,10.7
2024-12-17 17:57:07,125,12.5
2024-12-17 17:57:08,112,11.2
2024-12-17 17:57:09,133,13.3
2024-12-17 17:57:10,117,11.7
2024-12-17 17:57:11,98,9.8
2024-12-17 17:57:12,69,6.9
2024-12-17 17:57:13,74,7.4
2024-12-17 17:57:14,106,10.6
2024-12-17 17:57:15,125,12.5
2024-12-17 17:57:16,73,7.3
2024-12-17 17:57:17,146,14.6
2024-12-17 17:57:18,57,5.7
2024-12-17 17:57:19,150,15.0
2024-12-17 17:57:20,157,15.7
2024-12-17 17:57:21,124,12.4
2024-12-17 17:57:22,58,5.8
2024-12-17 17:57:23,125,12.5
2024-12-17 17:57:24,137,13.7
2024-12-17 17:57:25,53,5.3
2024-12-17 17:57:26,92,9.2
2024-12-17 17:57:27,111,11.1
2024-12-17 17:57:28,59,5.9
2024-12-17 17:57:29,56,5.6
2024-12-17 17:57:30,75,7.5
2024-12-17 17:57:31,127,12.7
2024-12-17 17:57:32,56,5.6
2024-12-17 17:57:33,119,11.9
2024-12-17 17:57:34,154,15.4
2024-12-17 17:57:35,74,7.4
2024-12-17 17:57:36,78,7.8
2024-12-17 17:57:37,123,12.3
2024-12-17 17:57:38,153,15.3
2024-12-17 17:57:39,141,14.1
2024-12-17 17:57:40,105,10.5
2024-12-17 17:57:41,66,6.6
2024-12-17 17:57:42,81,8.1
2024-12-17 17:57:43,106,10.6
2024-12-17 17:57:44,108,10.8
2024-12-17 17:57:45,86,8.6
2024-12-17 17:57:46,81,8.1
2024-12-17 17:57:47,83,8.3
2024-12-17 17:57:48,110,11.0
2024-12-17 17:57:49,158,15.8
2024-12-17 17:57:50,59,5.9
2024-12-17 17:57:51,156,15.6
2024-12-17 17:57:52,134,13.4
2024-12-17 17:57:53,121,12.1
2024-12-17 17:57:54,117,11.7
2024-12-17 17:57:55,101,10.1
2024-12-17 17:57:56,63,6.3
2024-12-17 17:57:57,76,7.6
2024-12-17 17:57:58,151,15.1
2024-12-17 17:57:59,93,9.3
2024-12-17 17:58:00,50,5.0
2024-12-17 17:58:01,133,13.3
2024-12-17 17:58:02,74,7.4
2024-12-17 17:58:03,140,14.0
2024-12-17 17:58:04,89,8.9
2024-12-17 17:58:05,85,8.5
2024-12-17 17:58:06,108,10.8
2024-12-17 17:58:07,66,6.6
2024-12-17 17:58:08,67,6.7
2024-12-17 17:58:09,88,8.8
2024-12-17 17:58:10,105,10.5
2024-12-17 17:58:11,110,11.0
2024-12-17 17:58:12,111,11.1
2024-12-17 17:58:13,82,8.2
2024-12-17 17:58:14,80,8.0
2024-12-17 17:58:15,156,15.6
2024-12-17 17:58:16,153,15.3
2024-12-17 17:58:17,126,12.6
2024-12-17 17:58:18,147,14.7
2024-12-17 17:58:19,94,9.4
2024-12-17 17:58:20,54,5.4
2024-12-17 17:58:21,125,12.5
2024-12-17 17:58:22,141,14.1
2024-12-17 17:58:23,149,14.9
2024-12-17 17:58:24,77,7.7
2024-12-17 17:58:25,78,7.8
2024-12-17 17:58:26,70,7.0
2024-12-17 17:58:27,103,10.3
2024-12-17 17:58:28,67,6.7
2024-12-17 17:58:29,145,14.5
2024-12-17 17:58:30,76,7.6
2024-12-17 17:58:31,105,10.5
2024-12-17 17:58:32,139,13.9
2024-12-17 17:58:33,139,13.9
2024-12-17 17:58:34,127,12.7
2024-12-17 17:58:35,147,14.7
2024-12-17 17:58:36,141,14.1
2024-12-17 17:58:37,80,8.0
2024-12-17 17:58:38,90,9.0
2024-12-17 17:58:39,92,9.2
2024-12-17 17:58:40,85,8.5
2024-12-17 17:58:41,148,14.8
2024-12-17 17:58:42,96,9.6
2024-12-17 17:58:43,147,14.7
2024-12-17 17:58:44,155,15.5
2024-12-17 17:58:45,138,13.8
2024-12-17 17:58:46,127,12.7
2024-12-17 17:58:47,160,16.0
2024-12-17 17:58:48,80,8.0
2024-12-17 17:58:49,99,9.9
2024-12-17 17:58:50,93,9.3
2024-12-17 17:58:51,122,12.2
2024-12-17 17:58:52,140,14.0
2024-12-17 17:58:53,160,16.0
2024-12-17 17:58:54,128,12.8
2024-12-17 17:58:55,135,13.5
2024-12-17 17:58:56,140,14.0
2024-12-17 17:58:57,157,15.7
2024-12-17 17:58:58,71,7.1
2024-12-17 17:58:59,57,5.7
2024-12-17 17:59:00,123,12.3
2024-12-17 17:59:01,139,13.9
2024-12-17 17:59:02,134,13.4
2024-12-17 17:59:03,123,12.3
2024-12-17 17:59:04,123,12.3
2024-12-17 17:59:05,105,10.5
2024-12-17 17:59:06,129,12.9
2024-12-17 17:59:07,82,8.2
2024-12-17 17:59:08,61,6.1
2024-12-17 17:59:09,99,9.9
2024-12-17 17:59:10,153,15.3
2024-12-17 17:59:11,70,7.0
2024-12-17 17:59:12,120,12.0
2024-12-17 17:59:13,131,13.1
2024-12-17 17:59:14,139,13.9
2024-12-17 17:59:15,86,8.6
2024-12-17 17:59:16,113,11.3
2024-12-17 17:59:17,85,8.5
2024-12-17 17:59:18,128,12.8
2024-12-17 17:59:19,60,6.0
2024-12-17 17:59:20,148,14.8
2024-12-17 17:59:21,94,9.4
2024-12-17 17:59:22,86,8.6
2024-12-17 17:59:23,158,15.8
2024-12-17 17:59:24,150,15.0
2024-12-17 17:59:25,123,12.3
2024-12-17 17:59:26,65,6.5
2024-12-17 17:59:27,98,9.8
2024-12-17 17:59:28,140,14.0
2024-12-17 17:59:29,139,13.9
2024-12-17 17:59:30,124,12.4
2024-12-17 17:59:31,62,6.2
2024-12-17 17:59:32,103,10.3
2024-12-17 17:59:33,72,7.2
2024-12-17 17:59:34,145,14.5
2024-12-17 17:59:35,62,6.2
2024-12-17 17:59:36,67,6.7
2024-12-17 17:59:37,150,15.0
2024-12-17 17:59:38,76,7.6
2024-12-17 17:59:39,148,14.8
2024-12-17 17:59:40,140,14.0
2024-12-17 17:59:41,86,8.6
2024-12-17 17:59:42,52,5.2
2024-12-17 17:59:43,101,10.1
2024-12-17 17:59:44,97,9.7
2024-12-17 17:59:45,148,14.8
2024-12-17 17:59:46,133,13.3
2024-12-17 17:59:47,116,11.6
2024-12-17 17:59:48,75,7.5
2024-12-17 17:59:49,70,7.0
2024-12-17 17:59:50,148,14.8
2024-12-17 17:59:51,51,5.1
2024-12-17 17:59:52,56,5.6
2024-12-17 17:59:53,123,12.3
2024-12-17 17:59:54,78,7.8
2024-12-17 17:59:55,101,10.1
2024-12-17 17:59:56,76,7.6
2024-12-17 17:59:57,117,11.7
2024-12-17 17:59:58,133,13.3
2024-12-17 17:59:59,118,11.8
2024-12-17 18:00:00,145,14.5
2024-12-17 18:00:01,150,15.0
2024-12-17 18:00:02,138,13.8
2024-12-17 18:00:03,140,14.0
2024-12-17 18:00:04,88,8.8
2024-12-17 18:00:05,77,7.7
2024-12-17 18:00:06,134,13.4
2024-12-17 18:00:07,73,7.3
2024-12-17 18:00:08,119,11.9
2024-12-17 18:00:09,72,7.2
2024-12-17 18:00:10,76,7.6
2024-12-17 18:00:11,116,11.6
2024-12-17 18:00:12,116,11.6
2024-12-17 18:00:13,74,7.4
2024-12-17 18:00:14,154,15.4
2024-12-17 18:00:15,71,7.1
2024-12-17 18:00:16,127,12.7
2024-12-17 18:00:17,103,10.3
2024-12-17 18:00:18,112,11.2
2024-12-17 18:00:19,53,5.3
2024-12-17 18:00:20,69,6.9
2024-12-17 18:00:21,110,11.0
2024-12-17 18:00:22,118,11.8
2024-12-17 18:00:23,79,7.9
2024-12-17 18:00:24,91,9.1
2024-12-17 18:00:25,84,8.4
2024-12-17 18:00:26,97,9.7
2024-12-17 18:00:27,116,11.6
2024-12-17 18:00:28,59,5.9
2024-12-17 18:00:29,59,5.9
2024-12-17 18:00:30,149,14.9
2024-12-17 18:00:31,135,13.5
2024-12-17 18:00:32,160,16.0
2024-12-17 18:00:33,105,10.5
2024-12-17 18:00:34,65,6.5
2024-12-17 18:00:35,51,5.1
2024-12-17 18:00:36,158,15.8
2024-12-17 18:00:37,136,13.6
2024-12-17 18:00:38,126,12.6
2024-12-17 18:00:39,64,6.4
2024-12-17 18:00:40,95,9.5
2024-12-17 18:00:41,146,14.6
2024-12-17 18:00:42,136,13.6
2024-12-17 18:00:43,105,10.5
2024-12-17 18:00:44,155,15.5
2024-12-17 18:00:45,57,5.7
2024-12-17 18:00:46,118,11.8
2024-12-17 18:00:47,67,6.7
2024-12-17 18:00:48,97,9.7
2024-12-17 18:00:49,108,10.8
2024-12-17 18:00:50,82,8.2
2024-12-17 18:00:51,84,8.4
2024-12-17 18:00:52,119,11.9
2024-12-17 18:00:53,56,5.6
2024-12-17 18:00:54,147,14.7
2024-12-17 18:00:55,153,15.3
2024-12-17 18:00:56,117,11.7
2024-12-17 18:00:57,142,14.2
2024-12-17 18:00:58,128,12.8
2024-12-17 18:00:59,145,14.5
2024-12-17 18:01:00,128,12.8
2024-12-17 18:01:01,88,8.8
2024-12-17 18:01:02,55,5.5
2024-12-17 18:01:03,97,9.7
2024-12-17 18:01:04,113,11.3
2024-12-17 18:01:05,156,15.6
2024-12-17 18:01:06,80,8.0
2024-12-17 18:01:07,147,14.7
2024-12-17 18:01:08,126,12.6
2024-12-17 18:01:09,59,5.9
2024-12-17 18:01:10,123,12.3
2024-12-17 18:01:11,107,10.7
2024-12-17 18:01:12,98,9.8
2024-12-17 18:01:13,66,6.6
2024-12-17 18:01:14,105,10.5
2024-12-17 18:01:15,133,13.3
2024-12-17 18:01:16,75,7.5
2024-12-17 18:01:17,63,6.3
2024-12-17 18:01:18,126,12.6
2024-12-17 18:01:19,80,8.0
2024-12-17 18:01:20,99,9.9
2024-12-17 18:01:21,81,8.1
2024-12-17 18:01:22,105,10.5
2024-12-17 18:01:23,63,6.3
2024-12-17 18:01:24,87,8.7
2024-12-17 18:01:25,70,7.0
2024-12-17 18:01:26,67,6.7
2024-12-17 18:01:27,76,7.6
2024-12-17 18:01:28,147,14.7
2024-12-17 18:01:29,125,12.5
2024-12-17 18:01:30,94,9.4
2024-12-17 18:01:31,102,10.2
2024-12-17 18:01:32,53,5.3
2024-12-17 18:01:33,82,8.2
2024-12-17 18:01:34,128,12.8
2024-12-17 18:01:35,141,14.1
2024-12-17 18:01:36,67,6.7
2024-12-17 18:01:37,118,11.8
2024-12-17 18:01:38,94,9.4
2024-12-17 18:01:39,81,8.1
2024-12-17 18:01:40,56,5.6
2024-12-17 18:01:41,80,8.0
2024-12-17 18:01:42,130,13.0
2024-12-17 18:01:43,56,5.6
2024-12-17 18:01:44,90,9.0
2024-12-17 18:01:45,85,8.5
2024-12-17 18:01:46,133,13.3
2024-12-17 18:01:47,59,5.9
2024-12-17 18:01:48,65,6.5
2024-12-17 18:01:49,88,8.8
2024-12-17 18:01:50,90,9.0
2024-12-17 18:01:51,98,9.8
2024-12-17 18:01:52,105,10.5
2024-12-17 18:01:53,72,7.2
2024-12-17 18:01:54,61,6.1
2024-12-17 18:01:55,155,15.5
2024-12-17 18:01:56,88,8.8
2024-12-17 18:01:57,56,5.6
2024-12-17 18:01:58,97,9.7
2024-12-17 18:01:59,59,5.9
2024-12-17 18:02:00,110,11.0
2024-12-17 18:02:01,143,14.3
2024-12-17 18:02:02,69,6.9
2024-12-17 18:02:03,149,14.9
2024-12-17 18:02:04,89,8.9
2024-12-17 18:02:05,117,11.7
2024-12-17 18:02:06,61,6.1
2024-12-17 18:02:07,61,6.1
2024-12-17 18:02:08,108,10.8
2024-12-17 18:02:09,125,12.5
2024-12-17 18:02:10,57,5.7
2024-12-17 18:02:11,86,8.6
2024-12-17 18:02:12,118,11.8
2024-12-17 18:02:13,136,13.6
2024-12-17 18:02:14,89,8.9
2024-12-17 18:02:15,94,9.4
2024-12-17 18:02:16,77,7.7
2024-12-17 18:02:17,71,7.1
2024-12-17 18:02:18,69,6.9
2024-12-17 18:02:19,51,5.1
2024-12-17 18:02:20,137,13.7
2024-12-17 18:02:21,104,10.4
2024-12-17 18:02:22,67,6.7
2024-12-17 18:02:23,151,15.1
2024-12-17 18:02:24,157,15.7
2024-12-17 18:02:25,96,9.6
2024-12-17 18:02:26,142,14.2
2024-12-17 18:02:27,52,5.2
2024-12-17 18:02:28,118,11.8
2024-12-17 18:02:29,132,13.2
2024-12-17 18:02:30,121,12.1
2024-12-17 18:02:31,142,14.2
2024-12-17 18:02:32,106,10.6
2024-12-17 18:02:33,142,14.2
2024-12-17 18:02:34,60,6.0
2024-12-17 18:02:35,111,11.1
2024-12-17 18:02:36,97,9.7
2024-12-17 18:02:37,79,7.9
2024-12-17 18:02:38,64,6.4
2024-12-17 18:02:39,147,14.7
2024-12-17 18:02:40,80,8.0
2024-12-17 18:02:41,63,6.3
2024-12-17 18:02:42,110,11.0
2024-12-17 18:02:43,109,10.9
2024-12-17 18:02:44,83,8.3
2024-12-17 18:02:45,84,8.4
2024-12-17 18:02:46,65,6.5
2024-12-17 18:02:47,130,13.0
2024-12-17 18:02:48,74,7.4
2024-12-17 18:02:49,111,11.1
2024-12-17 18:02:50,69,6.9
2024-12-17 18:02:51,133,13.3
2024-12-17 18:02:52,108,10.8
2024-12-17 18:02:53,125,12.5
2024-12-17 18:02:54,139,13.9
2024-12-17 18:02:55,88,8.8
2024-12-17 18:02:56,55,5.5
2024-12-17 18:02:57,153,15.3
2024-12-17 18:02:58,156,15.6
2024-12-17 18:02:59,148,14.8
2024-12-17 18:03:00,138,13.8
2024-12-17 18:03:01,77,7.7
2024-12-17 18:03:02,145,14.5
2024-12-17 18:03:03,73,7.3
2024-12-17 18:03:04,119,11.9
2024-12-17 18:03:05,100,10.0
2024-12-17 18:03:06,59,5.9
2024-12-17 18:03:07,149,14.9
2024-12-17 18:03:08,134,13.4
2024-12-17 18:03:09,159,15.9
2024-12-17 18:03:10,108,10.8
2024-12-17 18:03:11,108,10.8
2024-12-17 18:03:12,122,12.2
2024-12-17 18:03:13,147,14.7
2024-12-17 18:03:14,104,10.4
2024-12-17 18:03:15,52,5.2
2024-12-17 18:03:16,65,6.5
2024-12-17 18:03:17,70,7.0
2024-12-17 18:03:18,72,7.2
2024-12-17 18:03:19,104,10.4
2024-12-17 18:03:20,143,14.3
2024-12-17 18:03:21,103,10.3
2024-12-17 18:03:22,117,11.7
2024-12-17 18:03:23,55,5.5
2024-12-17 18:03:24,72,7.2
2024-12-17 18:03:25,57,5.7
2024-12-17 18:03:26,144,14.4
2024-12-17 18:03:27,65,6.5
2024-12-17 18:03:28,85,8.5
2024-12-17 18:03:29,104,10.4
2024-12-17 18:03:30,149,14.9
2024-12-17 18:03:31,157,15.7
2024-12-17 18:03:32,144,14.4
2024-12-17 18:03:33,55,5.5
2024-12-17 18:03:34,112,11.2
2024-12-17 18:03:35,150,15.0
2024-12-17 18:03:36,64,6.4
2024-12-17 18:03:37,74,7.4
2024-12-17 18:03:38,153,15.3
2024-12-17 18:03:39,144,14.4
2024-12-17 18:03:40,148,14.8
2024-12-17 18:03:41,84,8.4
2024-12-17 18:03:42,157,15.7
2024-12-17 18:03:43,94,9.4
2024-12-17 18:03:44,158,15.8
2024-12-17 18:03:45,149,14.9
2024-12-17 18:03:46,131,13.1
2024-12-17 18:03:47,126,12.6
2024-12-17 18:03:48,96,9.6
2024-12-17 18:03:49,60,6.0
2024-12-17 18:03:50,110,11.0
2024-12-17 18:03:51,100,10.0
2024-12-17 18:03:52,57,5.7
2024-12-17 18:03:53,120,12.0
2024-12-17 18:03:54,95,9.5
2024-12-17 18:03:55,62,6.2
2024-12-17 18:03:56,109,10.9
2024-12-17 18:03:57,112,11.2
2024-12-17 18:03:58,160,16.0
2024-12-17 18:03:59,71,7.1
2024-12-17 18:04:00,104,10.4
2024-12-17 18:04:01,129,12.9
2024-12-17 18:04:02,95,9.5
2024-12-17 18:04:03,69,6.9
2024-12-17 18:04:04,130,13.0
2024-12-17 18:04:05,126,12.6
2024-12-17 18:04:06,110,11.0
2024-12-17 18:04:07,128,12.8
2024-12-17 18:04:08,79,7.9
2024-12-17 18:04:09,128,12.8
2024-12-17 18:04:10,55,5.5
2024-12-17 18:04:11,114,11.4
2024-12-17 18:04:12,144,14.4
2024-12-17 18:04:13,55,5.5
2024-12-17 18:04:14,123,12.3
2024-12-17 18:04:15,117,11.7
2024-12-17 18:04:16,137,13.7
2024-12-17 18:04:17,79,7.9
2024-12-17 18:04:18,112,11.2
2024-12-17 18:04:19,56,5.6
2024-12-17 18:04:20,80,8.0
2024-12-17 18:04:21,101,10.1
2024-12-17 18:04:22,112,11.2
2024-12-17 18:04:23,84,8.4
2024-12-17 18:04:24,115,11.5
2024-12-17 18:04:25,82,8.2
2024-12-17 18:04:26,104,10.4
2024-12-17 18:04:27,145,14.5
2024-12-17 18:04:28,135,13.5
2024-12-17 18:04:29,87,8.7
2024-12-17 18:04:30,109,10.9
2024-12-17 18:04:31,120,12.0
2024-12-17 18:04:32,114,11.4
2024-12-17 18:04:33,110,11.0
2024-12-17 18:04:34,94,9.4
2024-12-17 18:04:35,69,6.9
2024-12-17 18:04:36,99,9.9
2024-12-17 18:04:37,148,14.8
2024-12-17 18:04:38,81,8.1
2024-12-17 18:04:39,115,11.5
2024-12-17 18:04:40,144,14.4
2024-12-17 18:04:41,133,13.3
2024-12-17 18:04:42,136,13.6
2024-12-17 18:04:43,145,14.5
2024-12-17 18:04:44,86,8.6
2024-12-17 18:04:45,151,15.1
2024-12-17 18:04:46,131,13.1
2024-12-17 18:04:47,149,14.9
2024-12-17 18:04:48,65,6.5
2024-12-17 18:04:49,75,7.5
2024-12-17 18:04:50,85,8.5
2024-12-17 18:04:51,119,11.9
2024-12-17 18:04:52,123,12.3
2024-12-17 18:04:53,155,15.5
2024-12-17 18:04:54,110,11.0
2024-12-17 18:04:55,138,13.8
2024-12-17 18:04:56,127,12.7
2024-12-17 18:04:57,134,13.4
2024-12-17 18:04:58,68,6.8
2024-12-17 18:04:59,127,12.7
2024-12-17 18:05:00,144,14.4
2024-12-17 18:05:01,106,10.6
2024-12-17 18:05:02,90,9.0
2024-12-17 18:05:03,67,6.7
2024-12-17 18:05:04,56,5.6
2024-12-17 18:05:05,126,12.6
2024-12-17 18:05:06,78,7.8
2024-12-17 18:05:07,104,10.4
2024-12-17 18:05:08,109,10.9
2024-12-17 18:05:09,106,10.6
2024-12-17 18:05:10,68,6.8
2024-12-17 18:05:11,93,9.3
2024-12-17 18:05:12,145,14.5
2024-12-17 18:05:13,99,9.9
2024-12-17 18:05:14,133,13.3
2024-12-17 18:05:15,127,12.7
2024-12-17 18:05:16,111,11.1
2024-12-17 18:05:17,95,9.5
2024-12-17 18:05:18,124,12.4
2024-12-17 18:05:19,95,9.5
2024-12-17 18:05:20,96,9.6
2024-12-17 18:05:21,101,10.1
2024-12-17 18:05:22,51,5.1
2024-12-17 18:05:23,101,10.1
2024-12-17 18:05:24,122,12.2
2024-12-17 18:05:25,77,7.7
2024-12-17 18:05:26,96,9.6
2024-12-17 18:05:27,61,6.1
2024-12-17 18:05:28,97,9.7
2024-12-17 18:05:29,92,9.2
2024-12-17 18:05:30,87,8.7
2024-12-17 18:05:31,112,11.2
2024-12-17 18:05:32,134,13.4
2024-12-17 18:05:33,127,12.7
2024-12-17 18:05:34,53,5.3
2024-12-17 18:05:35,50,5.0
2024-12-17 18:05:36,67,6.7
2024-12-17 18:05:37,153,15.3
2024-12-17 18:05:38,148,14.8
2024-12-17 18:05:39,60,6.0
2024-12-17 18:05:40,121,12.1
2024-12-17 18:05:41,148,14.8
2024-12-17 18:05:42,61,6.1
2024-12-17 18:05:43,105,10.5
2024-12-17 18:05:44,143,14.3
2024-12-17 18:05:45,114,11.4
2024-12-17 18:05:46,57,5.7
2024-12-17 18:05:47,108,10.8
2024-12-17 18:05:48,155,15.5
2024-12-17 18:05:49,66,6.6
2024-12-17 18:05:50,65,6.5
2024-12-17 18:05:51,147,14.7
2024-12-17 18:05:52,135,13.5
2024-12-17 18:05:53,80,8.0
2024-12-17 18:05:54,95,9.5
2024-12-17 18:05:55,91,9.1
2024-12-17 18:05:56,121,12.1
2024-12-17 18:05:57,70,7.0
2024-12-17 18:05:58,143,14.3
2024-12-17 18:05:59,139,13.9
2024-12-17 18:06:00,70,7.0
2024-12-17 18:06:01,95,9.5
2024-12-17 18:06:02,104,10.4
2024-12-17 18:06:03,105,10.5
2024-12-17 18:06:04,104,10.4
2024-12-17 18:06:05,100,10.0
2024-12-17 18:06:06,130,13.0
2024-12-17 18:06:07,104,10.4
2024-12-17 18:06:08,50,5.0
2024-12-17 18:06:09,87,8.7
2024-12-17 18:06:10,65,6.5
2024-12-17 18:06:11,60,6.0
2024-12-17 18:06:12,67,6.7
2024-12-17 18:06:13,73,7.3
2024-12-17 18:06:14,72,7.2
2024-12-17 18:06:15,153,15.3
2024-12-17 18:06:16,61,6.1
2024-12-17 18:06:17,76,7.6
2024-12-17 18:06:18,103,10.3
2024-12-17 18:06:19,83,8.3
2024-12-17 18:06:20,137,13.7
2024-12-17 18:06:21,121,12.1
2024-12-17 18:06:22,57,5.7
2024-12-17 18:06:23,129,12.9
2024-12-17 18:06:24,103,10.3
2024-12-17 18:06:25,76,7.6
2024-12-17 18:06:26,128,12.8
2024-12-17 18:06:27,84,8.4
2024-12-17 18:06:28,93,9.3
2024-12-17 18:06:29,81,8.1
2024-12-17 18:06:30,144,14.4
2024-12-17 18:06:31,74,7.4
2024-12-17 18:06:32,62,6.2
2024-12-17 18:06:33,128,12.8
2024-12-17 18:06:34,136,13.6
2024-12-17 18:06:35,147,14.7
2024-12-17 18:06:36,131,13.1
2024-12-17 18:06:37,53,5.3
2024-12-17 18:06:38,69,6.9
2024-12-17 18:06:39,151,15.1
2024-12-17 18:06:40,105,10.5
2024-12-17 18:06:41,146,14.6
2024-12-17 18:06:42,114,11.4
2024-12-17 18:06:43,76,7.6
2024-12-17 18:06:44,78,7.8
2024-12-17 18:06:45,88,8.8
2024-12-17 18:06:46,99,9.9
2024-12-17 18:06:47,144,14.4
2024-12-17 18:06:48,159,15.9
2024-12-17 18:06:49,73,7.3
2024-12-17 18:06:50,51,5.1
2024-12-17 18:06:51,119,11.9
2024-12-17 18:06:52,140,14.0
2024-12-17 18:06:53,95,9.5
2024-12-17 18:06:54,56,5.6
2024-12-17 18:06:55,146,14.6
2024-12-17 18:06:56,156,15.6
2024-12-17 18:06:57,86,8.6
2024-12-17 18:06:58,105,10.5
2024-12-17 18:06:59,125,12.5
2024-12-17 18:07:00,65,6.5
2024-12-17 18:07:01,67,6.7
2024-12-17 18:07:02,105,10.5
2024-12-17 18:07:03,107,10.7
2024-12-17 18:07:04,51,5.1
2024-12-17 18:07:05,120,12.0
2024-12-17 18:07:06,123,12.3
2024-12-17 18:07:07,53,5.3
2024-12-17 18:07:08,97,9.7
2024-12-17 18:07:09,82,8.2
2024-12-17 18:07:10,73,7.3
2024-12-17 18:07:11,150,15.0
2024-12-17 18:07:12,113,11.3
2024-12-17 18:07:13,150,15.0
2024-12-17 18:07:14,54,5.4
2024-12-17 18:07:15,150,15.0
2024-12-17 18:07:16,149,14.9
2024-12-17 18:07:17,128,12.8
2024-12-17 18:07:18,127,12.7
2024-12-17 18:07:19,115,11.5
2024-12-17 18:07:20,97,9.7
2024-12-17 18:07:21,73,7.3
2024-12-17 18:07:22,67,6.7
2024-12-17 18:07:23,114,11.4
2024-12-17 18:07:24,84,8.4
2024-12-17 18:07:25,52,5.2
2024-12-17 18:07:26,136,13.6
2024-12-17 18:07:27,64,6.4
2024-12-17 18:07:28,108,10.8
2024-12-17 18:07:29,127,12.7
2024-12-17 18:07:30,116,11.6
2024-12-17 18:07:31,68,6.8
2024-12-17 18:07:32,110,11.0
2024-12-17 18:07:33,139,13.9
2024-12-17 18:07:34,103,10.3
2024-12-17 18:07:35,155,15.5
2024-12-17 18:07:36,64,6.4
2024-12-17 18:07:37,50,5.0
2024-12-17 18:07:38,85,8.5
2024-12-17 18:07:39,133,13.3
2024-12-17 18:07:40,62,6.2
2024-12-17 18:07:41,109,10.9
2024-12-17 18:07:42,136,13.6
2024-12-17 18:07:43,150,15.0
2024-12-17 18:07:44,129,12.9
2024-12-17 18:07:45,134,13.4
2024-12-17 18:07:46,143,14.3
2024-12-17 18:07:47,67,6.7
2024-12-17 18:07:48,71,7.1
2024-12-17 18:07:49,98,9.8
2024-12-17 18:07:50,91,9.1
2024-12-17 18:07:51,52,5.2
2024-12-17 18:07:52,70,7.0
2024-12-17 18:07:53,159,15.9
2024-12-17 18:07:54,114,11.4
2024-12-17 18:07:55,85,8.5
2024-12-17 18:07:56,88,8.8
2024-12-17 18:07:57,116,11.6
2024-12-17 18:07:58,128,12.8
2024-12-17 18:07:59,87,8.7
2024-12-17 18:08:00,98,9.8
2024-12-17 18:08:01,76,7.6
2024-12-17 18:08:02,100,10.0
2024-12-17 18:08:03,143,14.3
2024-12-17 18:08:04,53,5.3
2024-12-17 18:08:05,123,12.3
2024-12-17 18:08:06,130,13.0
2024-12-17 18:08:07,117,11.7
2024-12-17 18:08:08,91,9.1
2024-12-17 18:08:09,86,8.6
2024-12-17 18:08:10,70,7.0
2024-12-17 18:08:11,65,6.5
2024-12-17 18:08:12,158,15.8
2024-12-17 18:08:13,122,12.2
2024-12-17 18:08:14,126,12.6
2024-12-17 18:08:15,54,5.4
2024-12-17 18:08:16,160,16.0
2024-12-17 18:08:17,141,14.1
2024-12-17 18:08:18,145,14.5
2024-12-17 18:08:19,100,10.0
2024-12-17 18:08:20,92,9.2
2024-12-17 18:08:21,108,10.8
2024-12-17 18:08:22,157,15.7
2024-12-17 18:08:23,139,13.9
2024-12-17 18:08:24,59,5.9
2024-12-17 18:08:25,83,8.3
2024-12-17 18:08:26,88,8.8
2024-12-17 18:08:27,118,11.8
2024-12-17 18:08:28,72,7.2
2024-12-17 18:08:29,79,7.9
2024-12-17 18:08:30,98,9.8
2024-12-17 18:08:31,107,10.7
2024-12-17 18:08:32,129,12.9
2024-12-17 18:08:33,55,5.5
2024-12-17 18:08:34,74,7.4
2024-12-17 18:08:35,63,6.3
2024-12-17 18:08:36,119,11.9
2024-12-17 18:08:37,73,7.3
2024-12-17 18:08:38,141,14.1
2024-12-17 18:08:39,123,12.3
2024-12-17 18:08:40,128,12.8
2024-12-17 18:08:41,117,11.7
2024-12-17 18:08:42,141,14.1
2024-12-17 18:08:43,86,8.6
2024-12-17 18:08:44,75,7.5
2024-12-17 18:08:45,51,5.1
2024-12-17 18:08:46,146,14.6
2024-12-17 18:08:47,99,9.9
2024-12-17 18:08:48,121,12.1
2024-12-17 18:08:49,125,12.5
2024-12-17 18:08:50,83,8.3
2024-12-17 18:08:51,83,8.3
2024-12-17 18:08:52,108,10.8
2024-12-17 18:08:53,76,7.6
2024-12-17 18:08:54,100,10.0
2024-12-17 18:08:55,98,9.8
2024-12-17 18:08:56,123,12.3
2024-12-17 18:08:57,84,8.4
2024-12-17 18:08:58,59,5.9
2024-12-17 18:08:59,101,10.1
2024-12-17 18:09:00,94,9.4
2024-12-17 18:09:01,69,6.9
2024-12-17 18:09:02,112,11.2
2024-12-17 18:09:03,119,11.9
2024-12-17 18:09:04,97,9.7
2024-12-17 18:09:05,117,11.7
2024-12-17 18:09:06,105,10.5
2024-12-17 18:09:07,150,15.0
2024-12-17 18:09:08,115,11.5
2024-12-17 18:09:09,83,8.3
2024-12-17 18:09:10,158,15.8
2024-12-17 18:09:11,60,6.0
2024-12-17 18:09:12,118,11.8
2024-12-17 18:09:13,129,12.9
2024-12-17 18:09:14,148,14.8
2024-12-17 18:09:15,54,5.4
2024-12-17 18:09:16,84,8.4
2024-12-17 18:09:17,80,8.0
2024-12-17 18:09:18,134,13.4
2024-12-17 18:09:19,137,13.7
2024-12-17 18:09:20,159,15.9
2024-12-17 18:09:21,93,9.3
2024-12-17 18:09:22,152,15.2
2024-12-17 18:09:23,70,7.0
2024-12-17 18:09:24,124,12.4
2024-12-17 18:09:25,94,9.4
2024-12-17 18:09:26,84,8.4
2024-12-17 18:09:27,63,6.3
2024-12-17 18:09:28,83,8.3
2024-12-17 18:09:29,111,11.1
2024-12-17 18:09:30,138,13.8
2024-12-17 18:09:31,130,13.0
2024-12-17 18:09:32,125,12.5
2024-12-17 18:09:33,83,8.3
2024-12-17 18:09:34,78,7.8
2024-12-17 18:09:35,147,14.7
2024-12-17 18:09:36,95,9.5
2024-12-17 18:09:37,143,14.3
2024-12-17 18:09:38,114,11.4
2024-12-17 18:09:39,62,6.2
2024-12-17 18:09:40,104,10.4
2024-12-17 18:09:41,109,10.9
2024-12-17 18:09:42,68,6.8
2024-12-17 18:09:43,133,13.3
2024-12-17 18:09:44,87,8.7
2024-12-17 18:09:45,51,5.1
2024-12-17 18:09:46,148,14.8
2024-12-17 18:09:47,159,15.9
2024-12-17 18:09:48,114,11.4
2024-12-17 18:09:49,121,12.1
2024-12-17 18:09:50,66,6.6
2024-12-17 18:09:51,50,5.0
2024-12-17 18:09:52,92,9.2
2024-12-17 18:09:53,54,5.4
2024-12-17 18:09:54,93,9.3
2024-12-17 18:09:55,69,6.9
2024-12-17 18:09:56,98,9.8
2024-12-17 18:09:57,147,14.7
2024-12-17 18:09:58,59,5.9
2024-12-17 18:09:59,80,8.0
2024-12-17 18:10:00,56,5.6
2024-12-17 18:10:01,64,6.4
2024-12-17 18:10:02,139,13.9
2024-12-17 18:10:03,128,12.8
2024-12-17 18:10:04,97,9.7
2024-12-17 18:10:05,120,12.0
2024-12-17 18:10:06,116,11.6
2024-12-17 18:10:07,156,15.6
2024-12-17 18:10:08,55,5.5
2024-12-17 18:10:09,150,15.0
2024-12-17 18:10:10,83,8.3
2024-12-17 18:10:11,107,10.7
2024-12-17 18:10:12,104,10.4
2024-12-17 18:10:13,120,12.0
2024-12-17 18:10:14,95,9.5
2024-12-17 18:10:15,50,5.0
2024-12-17 18:10:16,64,6.4
2024-12-17 18:10:17,72,7.2
2024-12-17 18:10:18,66,6.6
2024-12-17 18:10:19,148,14.8
2024-12-17 18:10:20,101,10.1
2024-12-17 18:10:21,136,13.6
2024-12-17 18:10:22,85,8.5
2024-12-17 18:10:23,90,9.0
2024-12-17 18:10:24,85,8.5
2024-12-17 18:10:25,124,12.4
2024-12-17 18:10:26,146,14.6
2024-12-17 18:10:27,135,13.5
2024-12-17 18:10:28,68,6.8
2024-12-17 18:10:29,138,13.8
2024-12-17 18:10:30,139,13.9
2024-12-17 18:10:31,52,5.2
2024-12-17 18:10:32,144,14.4
2024-12-17 18:10:33,55,5.5
2024-12-17 18:10:34,80,8.0
2024-12-17 18:10:35,144,14.4
2024-12-17 18:10:36,78,7.8
2024-12-17 18:10:37,59,5.9
2024-12-17 18:10:38,74,7.4
2024-12-17 18:10:39,118,11.8
2024-12-17 18:10:40,61,6.1
2024-12-17 18:10:41,56,5.6
2024-12-17 18:10:42,124,12.4
2024-12-17 18:10:43,100,10.0
2024-12-17 18:10:44,118,11.8
2024-12-17 18:10:45,131,13.1
2024-12-17 18:10:46,79,7.9
2024-12-17 18:10:47,111,11.1
2024-12-17 18:10:48,150,15.0
2024-12-17 18:10:49,50,5.0
2024-12-17 18:10:50,70,7.0
2024-12-17 18:10:51,82,8.2
2024-12-17 18:10:52,104,10.4
2024-12-17 18:10:53,133,13.3
2024-12-17 18:10:54,137,13.7
2024-12-17 18:10:55,69,6.9
2024-12-17 18:10:56,94,9.4
2024-12-17 18:10:57,80,8.0
2024-12-17 18:10:58,65,6.5
2024-12-17 18:10:59,109,10.9
2024-12-17 18:11:00,103,10.3
2024-12-17 18:11:01,160,16.0
2024-12-17 18:11:02,154,15.4
2024-12-17 18:11:03,92,9.2
2024-12-17 18:11:04,96,9.6
2024-12-17 18:11:05,109,10.9
2024-12-17 18:11:06,54,5.4
2024-12-17 18:11:07,87,8.7
2024-12-17 18:11:08,105,10.5
2024-12-17 18:11:09,93,9.3
2024-12-17 18:11:10,153,15.3
2024-12-17 18:11:11,50,5.0
2024-12-17 18:11:12,159,15.9
2024-12-17 18:11:13,119,11.9
2024-12-17 18:11:14,60,6.0
2024-12-17 18:11:15,72,7.2
2024-12-17 18:11:16,97,9.7
2024-12-17 18:11:17,135,13.5
2024-12-17 18:11:18,68,6.8
2024-12-17 18:11:19,80,8.0
2024-12-17 18:11:20,154,15.4
2024-12-17 18:11:21,73,7.3
2024-12-17 18:11:22,70,7.0
2024-12-17 18:11:23,98,9.8
2024-12-17 18:11:24,75,7.5
2024-12-17 18:11:25,154,15.4
2024-12-17 18:11:26,75,7.5
2024-12-17 18:11:27,63,6.3
2024-12-17 18:11:28,54,5.4
2024-12-17 18:11:29,52,5.2
2024-12-17 18:11:30,112,11.2
2024-12-17 18:11:31,83,8.3
2024-12-17 18:11:32,114,11.4
2024-12-17 18:11:33,113,11.3
2024-12-17 18:11:34,160,16.0
2024-12-17 18:11:35,155,15.5
2024-12-17 18:11:36,107,10.7
2024-12-17 18:11:37,141,14.1
2024-12-17 18:11:38,131,13.1
2024-12-17 18:11:39,128,12.8
2024-12-17 18:11:40,93,9.3
2024-12-17 18:11:41,53,5.3
2024-12-17 18:11:42,90,9.0
2024-12-17 18:11:43,58,5.8
2024-12-17 18:11:44,122,12.2
2024-12-17 18:11:45,97,9.7
2024-12-17 18:11:46,121,12.1
2024-12-17 18:11:47,88,8.8
2024-12-17 18:11:48,59,5.9
2024-12-17 18:11:49,104,10.4
2024-12-17 18:11:50,78,7.8
2024-12-17 18:11:51,107,10.7
2024-12-17 18:11:52,87,8.7
2024-12-17 18:11:53,91,9.1
2024-12-17 18:11:54,95,9.5
2024-12-17 18:11:55,50,5.0
2024-12-17 18:11:56,58,5.8
2024-12-17 18:11:57,139,13.9
2024-12-17 18:11:58,62,6.2
2024-12-17 18:11:59,71,7.1
2024-12-17 18:12:00,78,7.8
2024-12-17 18:12:01,113,11.3
2024-12-17 18:12:02,131,13.1
2024-12-17 18:12:03,97,9.7
2024-12-17 18:12:04,141,14.1
2024-12-17 18:12:05,146,14.6
2024-12-17 18:12:06,126,12.6
2024-12-17 18:12:07,115,11.5
2024-12-17 18:12:08,59,5.9
2024-12-17 18:12:09,66,6.6
2024-12-17 18:12:10,87,8.7
2024-12-17 18:12:11,84,8.4
2024-12-17 18:12:12,122,12.2
2024-12-17 18:12:13,81,8.1
2024-12-17 18:12:14,145,14.5
2024-12-17 18:12:15,61,6.1
2024-12-17 18:12:16,66,6.6
2024-12-17 18:12:17,71,7.1
2024-12-17 18:12:18,92,9.2
2024-12-17 18:12:19,51,5.1
2024-12-17 18:12:20,81,8.1
2024-12-17 18:12:21,66,6.6
2024-12-17 18:12:22,137,13.7
2024-12-17 18:12:23,62,6.2
2024-12-17 18:12:24,102,10.2
2024-12-17 18:12:25,127,12.7
2024-12-17 18:12:26,70,7.0
2024-12-17 18:12:27,56,5.6
2024-12-17 18:12:28,150,15.0
2024-12-17 18:12:29,87,8.7
2024-12-17 18:12:30,77,7.7
2024-12-17 18:12:31,73,7.3
2024-12-17 18:12:32,84,8.4
2024-12-17 18:12:33,76,7.6
2024-12-17 18:12:34,134,13.4
2024-12-17 18:12:35,106,10.6
2024-12-17 18:12:36,115,11.5
2024-12-17 18:12:37,66,6.6
2024-12-17 18:12:38,71,7.1
2024-12-17 18:12:39,156,15.6
2024-12-17 18:12:40,53,5.3
2024-12-17 18:12:41,140,14.0
2024-12-17 18:12:42,106,10.6
2024-12-17 18:12:43,85,8.5
2024-12-17 18:12:44,153,15.3
2024-12-17 18:12:45,52,5.2
2024-12-17 18:12:46,113,11.3
2024-12-17 18:12:47,73,7.3
2024-12-17 18:12:48,86,8.6
2024-12-17 18:12:49,103,10.3
2024-12-17 18:12:50,72,7.2
2024-12-17 18:12:51,69,6.9
2024-12-17 18:12:52,152,15.2
2024-12-17 18:12:53,139,13.9
2024-12-17 18:12:54,99,9.9
2024-12-17 18:12:55,148,14.8
2024-12-17 18:12:56,83,8.3
2024-12-17 18:12:57,79,7.9
2024-12-17 18:12:58,55,5.5
2024-12-17 18:12:59,82,8.2
2024-12-17 18:13:00,92,9.2
2024-12-17 18:13:01,160,16.0
2024-12-17 18:13:02,67,6.7
2024-12-17 18:13:03,159,15.9
2024-12-17 18:13:04,96,9.6
2024-12-17 18:13:05,142,14.2
2024-12-17 18:13:06,138,13.8
2024-12-17 18:13:07,61,6.1
2024-12-17 18:13:08,115,11.5
2024-12-17 18:13:09,124,12.4
2024-12-17 18:13:10,76,7.6
2024-12-17 18:13:11,89,8.9
2024-12-17 18:13:12,104,10.4
2024-12-17 18:13:13,70,7.0
2024-12-17 18:13:14,53,5.3
2024-12-17 18:13:15,81,8.1
2024-12-17 18:13:16,96,9.6
2024-12-17 18:13:17,158,15.8
2024-12-17 18:13:18,140,14.0
2024-12-17 18:13:19,68,6.8
2024-12-17 18:13:20,59,5.9
2024-12-17 18:13:21,87,8.7
2024-12-17 18:13:22,51,5.1
2024-12-17 18:13:23,116,11.6
2024-12-17 18:13:24,109,10.9
2024-12-17 18:13:25,112,11.2
2024-12-17 18:13:26,97,9.7
2024-12-17 18:13:27,143,14.3
2024-12-17 18:13:28,78,7.8
2024-12-17 18:13:29,81,8.1
2024-12-17 18:13:30,151,15.1
2024-12-17 18:13:31,153,15.3
2024-12-17 18:13:32,85,8.5
2024-12-17 18:13:33,121,12.1
2024-12-17 18:13:34,137,13.7
2024-12-17 18:13:35,128,12.8
2024-12-17 18:13:36,129,12.9
2024-12-17 18:13:37,105,10.5
2024-12-17 18:13:38,77,7.7
2024-12-17 18:13:39,134,13.4
2024-12-17 18:13:40,150,15.0
2024-12-17 18:13:41,82,8.2
2024-12-17 18:13:42,115,11.5
2024-12-17 18:13:43,56,5.6
2024-12-17 18:13:44,79,7.9
2024-12-17 18:13:45,125,12.5
2024-12-17 18:13:46,117,11.7
2024-12-17 18:13:47,82,8.2
2024-12-17 18:13:48,85,8.5
2024-12-17 18:13:49,140,14.0
2024-12-17 18:13:50,115,11.5
2024-12-17 18:13:51,56,5.6
2024-12-17 18:13:52,138,13.8
2024-12-17 18:13:53,70,7.0
2024-12-17 18:13:54,144,14.4
2024-12-17 18:13:55,146,14.6
2024-12-17 18:13:56,100,10.0
2024-12-17 18:13:57,137,13.7
2024-12-17 18:13:58,135,13.5
2024-12-17 18:13:59,123,12.3
2024-12-17 18:14:00,92,9.2
2024-12-17 18:14:01,82,8.2
2024-12-17 18:14:02,91,9.1
2024-12-17 18:14:03,137,13.7
2024-12-17 18:14:04,93,9.3
2024-12-17 18:14:05,147,14.7
2024-12-17 18:14:06,51,5.1
2024-12-17 18:14:07,134,13.4
2024-12-17 18:14:08,75,7.5
2024-12-17 18:14:09,97,9.7
2024-12-17 18:14:10,100,10.0
2024-12-17 18:14:11,139,13.9
2024-12-17 18:14:12,160,16.0
2024-12-17 18:14:13,56,5.6
2024-12-17 18:14:14,126,12.6
2024-12-17 18:14:15,152,15.2
2024-12-17 18:14:16,92,9.2
2024-12-17 18:14:17,155,15.5
2024-12-17 18:14:18,101,10.1
2024-12-17 18:14:19,122,12.2
2024-12-17 18:14:20,123,12.3
2024-12-17 18:14:21,87,8.7
2024-12-17 18:14:22,114,11.4
2024-12-17 18:14:23,105,10.5
2024-12-17 18:14:24,147,14.7
2024-12-17 18:14:25,92,9.2
2024-12-17 18:14:26,158,15.8
2024-12-17 18:14:27,69,6.9
2024-12-17 18:14:28,91,9.1
2024-12-17 18:14:29,155,15.5
2024-12-17 18:14:30,72,7.2
2024-12-17 18:14:31,104,10.4
2024-12-17 18:14:32,130,13.0
2024-12-17 18:14:33,90,9.0
2024-12-17 18:14:34,108,10.8
2024-12-17 18:14:35,94,9.4
2024-12-17 18:14:36,89,8.9
2024-12-17 18:14:37,56,5.6
2024-12-17 18:14:38,156,15.6
2024-12-17 18:14:39,88,8.8
2024-12-17 18:14:40,159,15.9
2024-12-17 18:14:41,143,14.3
2024-12-17 18:14:42,129,12.9
2024-12-17 18:14:43,64,6.4
2024-12-17 18:14:44,143,14.3
2024-12-17 18:14:45,143,14.3
2024-12-17 18:14:46,96,9.6
2024-12-17 18:14:47,62,6.2
2024-12-17 18:14:48,106,10.6
2024-12-17 18:14:49,78,7.8
2024-12-17 18:14:50,130,13.0
2024-12-17 18:14:51,121,12.1
2024-12-17 18:14:52,104,10.4
2024-12-17 18:14:53,82,8.2
2024-12-17 18:14:54,74,7.4
2024-12-17 18:14:55,60,6.0
2024-12-17 18:14:56,110,11.0
2024-12-17 18:14:57,134,13.4
2024-12-17 18:14:58,67,6.7
2024-12-17 18:14:59,121,12.1
2024-12-17 18:15:00,135,13.5
2024-12-17 18:15:01,136,13.6
2024-12-17 18:15:02,137,13.7
2024-12-17 18:15:03,114,11.4
2024-12-17 18:15:04,57,5.7
2024-12-17 18:15:05,149,14.9
2024-12-17 18:15:06,103,10.3
2024-12-17 18:15:07,75,7.5
2024-12-17 18:15:08,127,12.7
2024-12-17 18:15:09,135,13.5
2024-12-17 18:15:10,64,6.4
2024-12-17 18:15:11,116,11.6
2024-12-17 18:15:12,95,9.5
2024-12-17 18:15:13,143,14.3
2024-12-17 18:15:14,70,7.0
2024-12-17 18:15:15,150,15.0
2024-12-17 18:15:16,72,7.2
2024-12-17 18:15:17,68,6.8
2024-12-17 18:15:18,128,12.8
2024-12-17 18:15:19,84,8.4
2024-12-17 18:15:20,51,5.1
2024-12-17 18:15:21,53,5.3
2024-12-17 18:15:22,121,12.1
2024-12-17 18:15:23,95,9.5
2024-12-17 18:15:24,139,13.9
2024-12-17 18:15:25,101,10.1
2024-12-17 18:15:26,160,16.0
2024-12-17 18:15:27,153,15.3
2024-12-17 18:15:28,134,13.4
2024-12-17 18:15:29,149,14.9
2024-12-17 18:15:30,120,12.0
2024-12-17 18:15:31,159,15.9
2024-12-17 18:15:32,111,11.1
2024-12-17 18:15:33,136,13.6
2024-12-17 18:15:34,141,14.1
2024-12-17 18:15:35,85,8.5
2024-12-17 18:15:36,125,12.5
2024-12-17 18:15:37,104,10.4
2024-12-17 18:15:38,68,6.8
2024-12-17 18:15:39,135,13.5
2024-12-17 18:15:40,80,8.0
2024-12-17 18:15:41,107,10.7
2024-12-17 18:15:42,131,13.1
2024-12-17 18:15:43,135,13.5
2024-12-17 18:15:44,85,8.5
2024-12-17 18:15:45,141,14.1
2024-12-17 18:15:46,103,10.3
2024-12-17 18:15:47,149,14.9
2024-12-17 18:15:48,154,15.4
2024-12-17 18:15:49,53,5.3
2024-12-17 18:15:50,153,15.3
2024-12-17 18:15:51,92,9.2
2024-12-17 18:15:52,123,12.3
2024-12-17 18:15:53,77,7.7
2024-12-17 18:15:54,146,14.6
2024-12-17 18:15:55,128,12.8
2024-12-17 18:15:56,111,11.1
2024-12-17 18:15:57,56,5.6
2024-12-17 18:15:58,150,15.0
2024-12-17 18:15:59,56,5.6
2024-12-17 18:16:00,101,10.1
2024-12-17 18:16:01,117,11.7
2024-12-17 18:16:02,101,10.1
2024-12-17 18:16:03,68,6.8
2024-12-17 18:16:04,122,12.2
2024-12-17 18:16:05,135,13.5
2024-12-17 18:16:06,91,9.1
2024-12-17 18:16:07,135,13.5
2024-12-17 18:16:08,116,11.6
2024-12-17 18:16:09,60,6.0
2024-12-17 18:16:10,80,8.0
2024-12-17 18:16:11,70,7.0
2024-12-17 18:16:12,61,6.1
2024-12-17 18:16:13,109,10.9
2024-12-17 18:16:14,88,8.8
2024-12-17 18:16:15,57,5.7
2024-12-17 18:16:16,60,6.0
2024-12-17 18:16:17,69,6.9
2024-12-17 18:16:18,67,6.7
2024-12-17 18:16:19,152,15.2
2024-12-17 18:16:20,155,15.5
2024-12-17 18:16:21,139,13.9
2024-12-17 18:16:22,116,11.6
2024-12-17 18:16:23,160,16.0
2024-12-17 18:16:24,77,7.7
2024-12-17 18:16:25,139,13.9
2024-12-17 18:16:26,94,9.4
2024-12-17 18:16:27,50,5.0
2024-12-17 18:16:28,53,5.3
2024-12-17 18:16:29,149,14.9
2024-12-17 18:16:30,63,6.3
2024-12-17 18:16:31,61,6.1
2024-12-17 18:16:32,123,12.3
2024-12-17 18:16:33,134,13.4
2024-12-17 18:16:34,130,13.0
2024-12-17 18:16:35,160,16.0
2024-12-17 18:16:36,93,9.3
2024-12-17 18:16:37,130,13.0
2024-12-17 18:16:38,65,6.5
2024-12-17 18:16:39,65,6.5
2024-12-17 18:16:40,156,15.6
2024-12-17 18:16:41,95,9.5
2024-12-17 18:16:42,59,5.9
2024-12-17 18:16:43,130,13.0
2024-12-17 18:16:44,101,10.1
2024-12-17 18:16:45,128,12.8
2024-12-17 18:16:46,70,7.0
2024-12-17 18:16:47,138,13.8
2024-12-17 18:16:48,89,8.9
2024-12-17 18:16:49,83,8.3
2024-12-17 18:16:50,123,12.3
2024-12-17 18:16:51,101,10.1
2024-12-17 18:16:52,140,14.0
2024-12-17 18:16:53,85,8.5
2024-12-17 18:16:54,128,12.8
2024-12-17 18:16:55,136,13.6
2024-12-17 18:16:56,103,10.3
2024-12-17 18:16:57,81,8.1
2024-12-17 18:16:58,66,6.6
2024-12-17 18:16:59,108,10.8
2024-12-17 18:17:00,112,11.2
2024-12-17 18:17:01,54,5.4
2024-12-17 18:17:02,92,9.2
2024-12-17 18:17:03,71,7.1
2024-12-17 18:17:04,113,11.3
2024-12-17 18:17:05,131,13.1
2024-12-17 18:17:06,153,15.3
2024-12-17 18:17:07,133,13.3
2024-12-17 18:17:08,159,15.9
2024-12-17 18:17:09,51,5.1
2024-12-17 18:17:10,125,12.5
2024-12-17 18:17:11,153,15.3
2024-12-17 18:17:12,72,7.2
2024-12-17 18:17:13,103,10.3
2024-12-17 18:17:14,71,7.1
2024-12-17 18:17:15,107,10.7
2024-12-17 18:17:16,156,15.6
2024-12-17 18:17:17,124,12.4
2024-12-17 18:17:18,143,14.3
2024-12-17 18:17:19,137,13.7
2024-12-17 18:17:20,83,8.3
2024-12-17 18:17:21,52,5.2
2024-12-17 18:17:22,61,6.1
2024-12-17 18:17:23,73,7.3
2024-12-17 18:17:24,151,15.1
2024-12-17 18:17:25,62,6.2
2024-12-17 18:17:26,148,14.8
2024-12-17 18:17:27,134,13.4
2024-12-17 18:17:28,82,8.2
2024-12-17 18:17:29,102,10.2
2024-12-17 18:17:30,72,7.2
2024-12-17 18:17:31,121,12.1
2024-12-17 18:17:32,129,12.9
2024-12-17 18:17:33,103,10.3
2024-12-17 18:17:34,68,6.8
2024-12-17 18:17:35,146,14.6
2024-12-17 18:17:36,139,13.9
2024-12-17 18:17:37,63,6.3
2024-12-17 18:17:38,130,13.0
2024-12-17 18:17:39,138,13.8
2024-12-17 18:17:40,108,10.8
2024-12-17 18:17:41,159,15.9
2024-12-17 18:17:42,156,15.6
2024-12-17 18:17:43,137,13.7
2024-12-17 18:17:44,111,11.1
2024-12-17 18:17:45,62,6.2
2024-12-17 18:17:46,69,6.9
2024-12-17 18:17:47,89,8.9
2024-12-17 18:17:48,145,14.5
2024-12-17 18:17:49,70,7.0
2024-12-17 18:17:50,134,13.4
2024-12-17 18:17:51,103,10.3
2024-12-17 18:17:52,112,11.2
2024-12-17 18:17:53,52,5.2
2024-12-17 18:17:54,82,8.2
2024-12-17 18:17:55,65,6.5
2024-12-17 18:17:56,91,9.1
2024-12-17 18:17:57,114,11.4
2024-12-17 18:17:58,108,10.8
2024-12-17 18:17:59,145,14.5
2024-12-17 18:18:00,115,11.5
2024-12-17 18:18:01,101,10.1
2024-12-17 18:18:02,71,7.1
2024-12-17 18:18:03,65,6.5
2024-12-17 18:18:04,124,12.4
2024-12-17 18:18:05,68,6.8
2024-12-17 18:18:06,127,12.7
2024-12-17 18:18:07,79,7.9
2024-12-17 18:18:08,79,7.9
2024-12-17 18:18:09,158,15.8
2024-12-17 18:18:10,148,14.8
2024-12-17 18:18:11,67,6.7
2024-12-17 18:18:12,110,11.0
2024-12-17 18:18:13,118,11.8
2024-12-17 18:18:14,122,12.2
2024-12-17 18:18:15,116,11.6
2024-12-17 18:18:16,121,12.1
2024-12-17 18:18:17,123,12.3
2024-12-17 18:18:18,126,12.6
2024-12-17 18:18:19,64,6.4
2024-12-17 18:18:20,82,8.2
2024-12-17 18:18:21,111,11.1
2024-12-17 18:18:22,148,14.8
2024-12-17 18:18:23,108,10.8
2024-12-17 18:18:24,70,7.0
2024-12-17 18:18:25,139,13.9
2024-12-17 18:18:26,128,12.8
2024-12-17 18:18:27,104,10.4
2024-12-17 18:18:28,120,12.0
2024-12-17 18:18:29,99,9.9
2024-12-17 18:18:30,90,9.0
2024-12-17 18:18:31,126,12.6
2024-12-17 18:18:32,108,10.8
2024-12-17 18:18:33,125,12.5
2024-12-17 18:18:34,146,14.6
2024-12-17 18:18:35,107,10.7
2024-12-17 18:18:36,64,6.4
2024-12-17 18:18:37,135,13.5
2024-12-17 18:18:38,141,14.1
2024-12-17 18:18:39,58,5.8
2024-12-17 18:18:40,123,12.3
2024-12-17 18:18:41,89,8.9
2024-12-17 18:18:42,160,16.0
2024-12-17 18:18:43,64,6.4
2024-12-17 18:18:44,153,15.3
2024-12-17 18:18:45,57,5.7
2024-12-17 18:18:46,145,14.5
2024-12-17 18:18:47,53,5.3
2024-12-17 18:18:48,158,15.8
2024-12-17 18:18:49,113,11.3
2024-12-17 18:18:50,114,11.4
2024-12-17 18:18:51,51,5.1
2024-12-17 18:18:52,138,13.8
2024-12-17 18:18:53,64,6.4
2024-12-17 18:18:54,56,5.6
2024-12-17 18:18:55,71,7.1
2024-12-17 18:18:56,63,6.3
2024-12-17 18:18:57,70,7.0
2024-12-17 18:18:58,159,15.9
2024-12-17 18:18:59,122,12.2
2024-12-17 18:19:00,74,7.4
2024-12-17 18:19:01,70,7.0
2024-12-17 18:19:02,144,14.4
2024-12-17 18:19:03,149,14.9
2024-12-17 18:19:04,103,10.3
2024-12-17 18:19:05,82,8.2
2024-12-17 18:19:06,84,8.4
2024-12-17 18:19:07,90,9.0
2024-12-17 18:19:08,71,7.1
2024-12-17 18:19:09,57,5.7
2024-12-17 18:19:10,127,12.7
2024-12-17 18:19:11,147,14.7
2024-12-17 18:19:12,121,12.1
2024-12-17 18:19:13,115,11.5
2024-12-17 18:19:14,137,13.7
2024-12-17 18:19:15,55,5.5
2024-12-17 18:19:16,86,8.6
2024-12-17 18:19:17,142,14.2
2024-12-17 18:19:18,111,11.1
2024-12-17 18:19:19,112,11.2
2024-12-17 18:19:20,135,13.5
2024-12-17 18:19:21,90,9.0
2024-12-17 18:19:22,138,13.8
2024-12-17 18:19:23,90,9.0
2024-12-17 18:19:24,150,15.0
2024-12-17 18:19:25,57,5.7
2024-12-17 18:19:26,89,8.9
2024-12-17 18:19:27,51,5.1
2024-12-17 18:19:28,109,10.9
2024-12-17 18:19:29,82,8.2
2024-12-17 18:19:30,122,12.2
2024-12-17 18:19:31,92,9.2
2024-12-17 18:19:32,158,15.8
2024-12-17 18:19:33,55,5.5
2024-12-17 18:19:34,83,8.3
2024-12-17 18:19:35,71,7.1
2024-12-17 18:19:36,90,9.0
2024-12-17 18:19:37,139,13.9
2024-12-17 18:19:38,131,13.1
2024-12-17 18:19:39,126,12.6
2024-12-17 18:19:40,105,10.5
2024-12-17 18:19:41,107,10.7
2024-12-17 18:19:42,73,7.3
2024-12-17 18:19:43,70,7.0
2024-12-17 18:19:44,64,6.4
2024-12-17 18:19:45,103,10.3
2024-12-17 18:19:46,62,6.2
2024-12-17 18:19:47,52,5.2
2024-12-17 18:19:48,122,12.2
2024-12-17 18:19:49,78,7.8
2024-12-17 18:19:50,56,5.6
2024-12-17 18:19:51,132,13.2
2024-12-17 18:19:52,134,13.4
2024-12-17 18:19:53,104,10.4
2024-12-17 18:19:54,63,6.3
2024-12-17 18:19:55,120,12.0
2024-12-17 18:19:56,110,11.0
2024-12-17 18:19:57,78,7.8
2024-12-17 18:19:58,55,5.5
2024-12-17 18:19:59,97,9.7
2024-12-17 18:20:00,114,11.4
2024-12-17 18:20:01,50,5.0
2024-12-17 18:20:02,91,9.1
2024-12-17 18:20:03,84,8.4
2024-12-17 18:20:04,123,12.3
2024-12-17 18:20:05,90,9.0
2024-12-17 18:20:06,109,10.9
2024-12-17 18:20:07,61,6.1
2024-12-17 18:20:08,76,7.6
2024-12-17 18:20:09,104,10.4
2024-12-17 18:20:10,53,5.3
2024-12-17 18:20:11,77,7.7
2024-12-17 18:20:12,92,9.2
2024-12-17 18:20:13,73,7.3
2024-12-17 18:20:14,126,12.6
2024-12-17 18:20:15,112,11.2
2024-12-17 18:20:16,157,15.7
2024-12-17 18:20:17,72,7.2
2024-12-17 18:20:18,101,10.1
2024-12-17 18:20:19,72,7.2
2024-12-17 18:20:20,102,10.2
2024-12-17 18:20:21,79,7.9
2024-12-17 18:20:22,123,12.3
2024-12-17 18:20:23,122,12.2
2024-12-17 18:20:24,159,15.9
2024-12-17 18:20:25,113,11.3
2024-12-17 18:20:26,78,7.8
2024-12-17 18:20:27,50,5.0
2024-12-17 18:20:28,102,10.2
2024-12-17 18:20:29,77,7.7
2024-12-17 18:20:30,109,10.9
2024-12-17 18:20:31,113,11.3
2024-12-17 18:20:32,129,12.9
2024-12-17 18:20:33,140,14.0
2024-12-17 18:20:34,85,8.5
2024-12-17 18:20:35,74,7.4
2024-12-17 18:20:36,100,10.0
2024-12-17 18:20:37,116,11.6
2024-12-17 18:20:38,148,14.8
2024-12-17 18:20:39,52,5.2
2024-12-17 18:20:40,151,15.1
2024-12-17 18:20:41,123,12.3
2024-12-17 18:20:42,140,14.0
2024-12-17 18:20:43,104,10.4
2024-12-17 18:20:44,59,5.9
2024-12-17 18:20:45,79,7.9
2024-12-17 18:20:46,109,10.9
2024-12-17 18:20:47,58,5.8
2024-12-17 18:20:48,132,13.2
2024-12-17 18:20:49,125,12.5
2024-12-17 18:20:50,71,7.1
2024-12-17 18:20:51,128,12.8
2024-12-17 18:20:52,74,7.4
2024-12-17 18:20:53,74,7.4
2024-12-17 18:20:54,136,13.6
2024-12-17 18:20:55,78,7.8
2024-12-17 18:20:56,68,6.8
2024-12-17 18:20:57,97,9.7
2024-12-17 18:20:58,144,14.4
2024-12-17 18:20:59,80,8.0
2024-12-17 18:21:00,88,8.8
2024-12-17 18:21:01,135,13.5
2024-12-17 18:21:02,155,15.5
2024-12-17 18:21:03,62,6.2
2024-12-17 18:21:04,71,7.1
2024-12-17 18:21:05,148,14.8
2024-12-17 18:21:06,67,6.7
2024-12-17 18:21:07,109,10.9
2024-12-17 18:21:08,125,12.5
2024-12-17 18:21:09,88,8.8
2024-12-17 18:21:10,141,14.1
2024-12-17 18:21:11,117,11.7
2024-12-17 18:21:12,109,10.9
2024-12-17 18:21:13,92,9.2
2024-12-17 18:21:14,106,10.6
2024-12-17 18:21:15,150,15.0
2024-12-17 18:21:16,113,11.3
2024-12-17 18:21:17,87,8.7
2024-12-17 18:21:18,100,10.0
2024-12-17 18:21:19,83,8.3
2024-12-17 18:21:20,101,10.1
2024-12-17 18:21:21,103,10.3
2024-12-17 18:21:22,104,10.4
2024-12-17 18:21:23,138,13.8
2024-12-17 18:21:24,70,7.0
2024-12-17 18:21:25,121,12.1
2024-12-17 18:21:26,54,5.4
2024-12-17 18:21:27,111,11.1
2024-12-17 18:21:28,129,12.9
2024-12-17 18:21:29,149,14.9
2024-12-17 18:21:30,92,9.2
2024-12-17 18:21:31,79,7.9
2024-12-17 18:21:32,77,7.7
2024-12-17 18:21:33,122,12.2
2024-12-17 18:21:34,144,14.4
2024-12-17 18:21:35,66,6.6
2024-12-17 18:21:36,107,10.7
2024-12-17 18:21:37,159,15.9
2024-12-17 18:21:38,101,10.1
2024-12-17 18:21:39,62,6.2
2024-12-17 18:21:40,84,8.4
2024-12-17 18:21:41,55,5.5
2024-12-17 18:21:42,113,11.3
2024-12-17 18:21:43,118,11.8
2024-12-17 18:21:44,103,10.3
2024-12-17 18:21:45,118,11.8
2024-12-17 18:21:46,50,5.0
2024-12-17 18:21:47,145,14.5
2024-12-17 18:21:48,114,11.4
2024-12-17 18:21:49,160,16.0
2024-12-17 18:21:50,160,16.0
2024-12-17 18:21:51,160,16.0
2024-12-17 18:21:52,67,6.7
2024-12-17 18:21:53,136,13.6
2024-12-17 18:21:54,66,6.6
2024-12-17 18:21:55,127,12.7
2024-12-17 18:21:56,153,15.3
2024-12-17 18:21:57,82,8.2
2024-12-17 18:21:58,70,7.0
2024-12-17 18:21:59,65,6.5
2024-12-17 18:22:00,149,14.9
2024-12-17 18:22:01,69,6.9
2024-12-17 18:22:02,148,14.8
2024-12-17 18:22:03,123,12.3
2024-12-17 18:22:04,131,13.1
2024-12-17 18:22:05,91,9.1
2024-12-17 18:22:06,51,5.1
2024-12-17 18:22:07,98,9.8
2024-12-17 18:22:08,80,8.0
2024-12-17 18:22:09,113,11.3
2024-12-17 18:22:10,62,6.2
2024-12-17 18:22:11,74,7.4
2024-12-17 18:22:12,62,6.2
2024-12-17 18:22:13,122,12.2
2024-12-17 18:22:14,75,7.5
2024-12-17 18:22:15,113,11.3
2024-12-17 18:22:16,75,7.5
2024-12-17 18:22:17,130,13.0
2024-12-17 18:22:18,54,5.4
2024-12-17 18:22:19,67,6.7
2024-12-17 18:22:20,115,11.5
2024-12-17 18:22:21,111,11.1
2024-12-17 18:22:22,137,13.7
2024-12-17 18:22:23,120,12.0
2024-12-17 18:22:24,84,8.4
2024-12-17 18:22:25,122,12.2
2024-12-17 18:22:26,153,15.3
2024-12-17 18:22:27,80,8.0
2024-12-17 18:22:28,54,5.4
2024-12-17 18:22:29,76,7.6
2024-12-17 18:22:30,151,15.1
2024-12-17 18:22:31,70,7.0
2024-12-17 18:22:32,114,11.4
2024-12-17 18:22:33,91,9.1
2024-12-17 18:22:34,135,13.5
2024-12-17 18:22:35,63,6.3
2024-12-17 18:22:36,93,9.3
2024-12-17 18:22:37,110,11.0
2024-12-17 18:22:38,64,6.4
2024-12-17 18:22:39,148,14.8
2024-12-17 18:22:40,153,15.3
2024-12-17 18:22:41,129,12.9
2024-12-17 18:22:42,99,9.9
2024-12-17 18:22:43,59,5.9
2024-12-17 18:22:44,160,16.0
2024-12-17 18:22:45,108,10.8
2024-12-17 18:22:46,122,12.2
2024-12-17 18:22:47,144,14.4
2024-12-17 18:22:48,100,10.0
2024-12-17 18:22:49,96,9.6
2024-12-17 18:22:50,120,12.0
2024-12-17 18:22:51,160,16.0
2024-12-17 18:22:52,126,12.6
2024-12-17 18:22:53,160,16.0
2024-12-17 18:22:54,83,8.3
2024-12-17 18:22:55,155,15.5
2024-12-17 18:22:56,114,11.4
2024-12-17 18:22:57,124,12.4
2024-12-17 18:22:58,86,8.6
2024-12-17 18:22:59,63,6.3
2024-12-17 18:23:00,137,13.7
2024-12-17 18:23:01,91,9.1
2024-12-17 18:23:02,146,14.6
2024-12-17 18:23:03,72,7.2
2024-12-17 18:23:04,157,15.7
2024-12-17 18:23:05,123,12.3
2024-12-17 18:23:06,78,7.8
2024-12-17 18:23:07,113,11.3
2024-12-17 18:23:08,97,9.7
2024-12-17 18:23:09,78,7.8
2024-12-17 18:23:10,59,5.9
2024-12-17 18:23:11,127,12.7
2024-12-17 18:23:12,121,12.1
2024-12-17 18:23:13,124,12.4
2024-12-17 18:23:14,52,5.2
2024-12-17 18:23:15,87,8.7
2024-12-17 18:23:16,85,8.5
2024-12-17 18:23:17,108,10.8
2024-12-17 18:23:18,56,5.6
2024-12-17 18:23:19,94,9.4
2024-12-17 18:23:20,117,11.7
2024-12-17 18:23:21,85,8.5
2024-12-17 18:23:22,115,11.5
2024-12-17 18:23:23,95,9.5
2024-12-17 18:23:24,62,6.2
2024-12-17 18:23:25,104,10.4
2024-12-17 18:23:26,85,8.5
2024-12-17 18:23:27,106,10.6
2024-12-17 18:23:28,82,8.2
2024-12-17 18:23:29,85,8.5
2024-12-17 18:23:30,124,12.4
2024-12-17 18:23:31,154,15.4
2024-12-17 18:23:32,86,8.6
2024-12-17 18:23:33,159,15.9
2024-12-17 18:23:34,61,6.1
2024-12-17 18:23:35,80,8.0
2024-12-17 18:23:36,125,12.5
2024-12-17 18:23:37,96,9.6
2024-12-17 18:23:38,77,7.7
2024-12-17 18:23:39,99,9.9
2024-12-17 18:23:40,113,11.3
2024-12-17 18:23:41,131,13.1
2024-12-17 18:23:42,62,6.2
2024-12-17 18:23:43,142,14.2
2024-12-17 18:23:44,63,6.3
2024-12-17 18:23:45,118,11.8
2024-12-17 18:23:46,75,7.5
2024-12-17 18:23:47,79,7.9
2024-12-17 18:23:48,114,11.4
2024-12-17 18:23:49,147,14.7
2024-12-17 18:23:50,147,14.7
2024-12-17 18:23:51,82,8.2
2024-12-17 18:23:52,54,5.4
2024-12-17 18:23:53,77,7.7
2024-12-17 18:23:54,84,8.4
2024-12-17 18:23:55,135,13.5
2024-12-17 18:23:56,74,7.4
2024-12-17 18:23:57,133,13.3
2024-12-17 18:23:58,130,13.0
2024-12-17 18:23:59,156,15.6
2024-12-17 18:24:00,99,9.9
2024-12-17 18:24:01,140,14.0
2024-12-17 18:24:02,142,14.2
2024-12-17 18:24:03,76,7.6
2024-12-17 18:24:04,147,14.7
2024-12-17 18:24:05,109,10.9
2024-12-17 18:24:06,100,10.0
2024-12-17 18:24:07,136,13.6
2024-12-17 18:24:08,85,8.5
2024-12-17 18:24:09,73,7.3
2024-12-17 18:24:10,129,12.9
2024-12-17 18:24:11,89,8.9
2024-12-17 18:24:12,155,15.5
2024-12-17 18:24:13,156,15.6
2024-12-17 18:24:14,135,13.5
2024-12-17 18:24:15,141,14.1
2024-12-17 18:24:16,90,9.0
2024-12-17 18:24:17,62,6.2
2024-12-17 18:24:18,87,8.7
2024-12-17 18:24:19,102,10.2
2024-12-17 18:24:20,116,11.6
2024-12-17 18:24:21,108,10.8
2024-12-17 18:24:22,153,15.3
2024-12-17 18:24:23,154,15.4
2024-12-17 18:24:24,58,5.8
2024-12-17 18:24:25,103,10.3
2024-12-17 18:24:26,143,14.3
2024-12-17 18:24:27,159,15.9
2024-12-17 18:24:28,120,12.0
2024-12-17 18:24:29,113,11.3
2024-12-17 18:24:30,83,8.3
2024-12-17 18:24:31,148,14.8
2024-12-17 18:24:32,117,11.7
2024-12-17 18:24:33,121,12.1
2024-12-17 18:24:34,155,15.5
2024-12-17 18:24:35,69,6.9
2024-12-17 18:24:36,97,9.7
2024-12-17 18:24:37,139,13.9
2024-12-17 18:24:38,73,7.3
2024-12-17 18:24:39,72,7.2
2024-12-17 18:24:40,54,5.4
2024-12-17 18:24:41,57,5.7
2024-12-17 18:24:42,147,14.7
2024-12-17 18:24:43,119,11.9
2024-12-17 18:24:44,142,14.2
2024-12-17 18:24:45,77,7.7
2024-12-17 18:24:46,128,12.8
2024-12-17 18:24:47,83,8.3
2024-12-17 18:24:48,128,12.8
2024-12-17 18:24:49,64,6.4
2024-12-17 18:24:50,134,13.4
2024-12-17 18:24:51,80,8.0
2024-12-17 18:24:52,144,14.4
2024-12-17 18:24:53,90,9.0
2024-12-17 18:24:54,98,9.8
2024-12-17 18:24:55,126,12.6
2024-12-17 18:24:56,129,12.9
2024-12-17 18:24:57,121,12.1
2024-12-17 18:24:58,145,14.5
2024-12-17 18:24:59,62,6.2
2024-12-17 18:25:00,131,13.1
2024-12-17 18:25:01,133,13.3
2024-12-17 18:25:02,136,13.6
2024-12-17 18:25:03,67,6.7
2024-12-17 18:25:04,147,14.7
2024-12-17 18:25:05,137,13.7
2024-12-17 18:25:06,138,13.8
2024-12-17 18:25:07,84,8.4
2024-12-17 18:25:08,74,7.4
2024-12-17 18:25:09,142,14.2
2024-12-17 18:25:10,147,14.7
2024-12-17 18:25:11,83,8.3
2024-12-17 18:25:12,102,10.2
2024-12-17 18:25:13,88,8.8
2024-12-17 18:25:14,135,13.5
2024-12-17 18:25:15,50,5.0
2024-12-17 18:25:16,129,12.9
2024-12-17 18:25:17,77,7.7
2024-12-17 18:25:18,63,6.3
2024-12-17 18:25:19,67,6.7
2024-12-17 18:25:20,93,9.3
2024-12-17 18:25:21,119,11.9
2024-12-17 18:25:22,54,5.4
2024-12-17 18:25:23,122,12.2
2024-12-17 18:25:24,131,13.1
2024-12-17 18:25:25,141,14.1
2024-12-17 18:25:26,63,6.3
2024-12-17 18:25:27,82,8.2
2024-12-17 18:25:28,59,5.9
2024-12-17 18:25:29,72,7.2
2024-12-17 18:25:30,76,7.6
2024-12-17 18:25:31,74,7.4
2024-12-17 18:25:32,120,12.0
2024-12-17 18:25:33,133,13.3
2024-12-17 18:25:34,141,14.1
2024-12-17 18:25:35,150,15.0
2024-12-17 18:25:36,145,14.5
2024-12-17 18:25:37,128,12.8
2024-12-17 18:25:38,64,6.4
2024-12-17 18:25:39,75,7.5
2024-12-17 18:25:40,100,10.0
2024-12-17 18:25:41,107,10.7
2024-12-17 18:25:42,143,14.3
2024-12-17 18:25:43,124,12.4
2024-12-17 18:25:44,87,8.7
2024-12-17 18:25:45,57,5.7
2024-12-17 18:25:46,66,6.6
2024-12-17 18:25:47,91,9.1
2024-12-17 18:25:48,106,10.6
2024-12-17 18:25:49,81,8.1
2024-12-17 18:25:50,145,14.5
2024-12-17 18:25:51,107,10.7
2024-12-17 18:25:52,132,13.2
2024-12-17 18:25:53,101,10.1
2024-12-17 18:25:54,127,12.7
2024-12-17 18:25:55,146,14.6
2024-12-17 18:25:56,122,12.2
2024-12-17 18:25:57,105,10.5
2024-12-17 18:25:58,51,5.1
2024-12-17 18:25:59,74,7.4
2024-12-17 18:26:00,132,13.2
2024-12-17 18:26:01,67,6.7
2024-12-17 18:26:02,107,10.7
2024-12-17 18:26:03,150,15.0
2024-12-17 18:26:04,95,9.5
2024-12-17 18:26:05,86,8.6
2024-12-17 18:26:06,77,7.7
2024-12-17 18:26:07,115,11.5
2024-12-17 18:26:08,90,9.0
2024-12-17 18:26:09,137,13.7
2024-12-17 18:26:10,77,7.7
2024-12-17 18:26:11,103,10.3
2024-12-17 18:26:12,155,15.5
2024-12-17 18:26:13,135,13.5
2024-12-17 18:26:14,114,11.4
2024-12-17 18:26:15,88,8.8
2024-12-17 18:26:16,114,11.4
2024-12-17 18:26:17,114,11.4
2024-12-17 18:26:18,56,5.6
2024-12-17 18:26:19,60,6.0
2024-12-17 18:26:20,86,8.6
2024-12-17 18:26:21,72,7.2
2024-12-17 18:26:22,68,6.8
2024-12-17 18:26:23,67,6.7
2024-12-17 18:26:24,115,11.5
2024-12-17 18:26:25,132,13.2
2024-12-17 18:26:26,61,6.1
2024-12-17 18:26:27,108,10.8
2024-12-17 18:26:28,50,5.0
2024-12-17 18:26:29,93,9.3
2024-12-17 18:26:30,70,7.0
2024-12-17 18:26:31,113,11.3
2024-12-17 18:26:32,146,14.6
2024-12-17 18:26:33,90,9.0
2024-12-17 18:26:34,124,12.4
2024-12-17 18:26:35,144,14.4
2024-12-17 18:26:36,78,7.8
2024-12-17 18:26:37,113,11.3
2024-12-17 18:26:38,121,12.1
2024-12-17 18:26:39,147,14.7
2024-12-17 18:26:40,63,6.3
2024-12-17 18:26:41,89,8.9
2024-12-17 18:26:42,67,6.7
2024-12-17 18:26:43,122,12.2
2024-12-17 18:26:44,92,9.2
2024-12-17 18:26:45,110,11.0
2024-12-17 18:26:46,59,5.9
2024-12-17 18:26:47,142,14.2
2024-12-17 18:26:48,149,14.9
2024-12-17 18:26:49,79,7.9
2024-12-17 18:26:50,152,15.2
2024-12-17 18:26:51,158,15.8
2024-12-17 18:26:52,115,11.5
2024-12-17 18:26:53,154,15.4
2024-12-17 18:26:54,67,6.7
2024-12-17 18:26:55,153,15.3
2024-12-17 18:26:56,118,11.8
2024-12-17 18:26:57,52,5.2
2024-12-17 18:26:58,64,6.4
2024-12-17 18:26:59,135,13.5
2024-12-17 18:27:00,60,6.0
2024-12-17 18:27:01,87,8.7
2024-12-17 18:27:02,128,12.8
2024-12-17 18:27:03,123,12.3
2024-12-17 18:27:04,75,7.5
2024-12-17 18:27:05,106,10.6
2024-12-17 18:27:06,62,6.2
2024-12-17 18:27:07,71,7.1
2024-12-17 18:27:08,90,9.0
2024-12-17 18:27:09,99,9.9
2024-12-17 18:27:10,59,5.9
2024-12-17 18:27:11,64,6.4
2024-12-17 18:27:12,154,15.4
2024-12-17 18:27:13,140,14.0
2024-12-17 18:27:14,74,7.4
2024-12-17 18:27:15,145,14.5
2024-12-17 18:27:16,52,5.2
2024-12-17 18:27:17,106,10.6
2024-12-17 18:27:18,116,11.6
2024-12-17 18:27:19,129,12.9
2024-12-17 18:27:20,107,10.7
2024-12-17 18:27:21,89,8.9
2024-12-17 18:27:22,97,9.7
2024-12-17 18:27:23,85,8.5
2024-12-17 18:27:24,152,15.2
2024-12-17 18:27:25,155,15.5
2024-12-17 18:27:26,101,10.1
2024-12-17 18:27:27,148,14.8
2024-12-17 18:27:28,143,14.3
2024-12-17 18:27:29,86,8.6
2024-12-17 18:27:30,150,15.0
2024-12-17 18:27:31,151,15.1
2024-12-17 18:27:32,73,7.3
2024-12-17 18:27:33,97,9.7
2024-12-17 18:27:34,121,12.1
2024-12-17 18:27:35,105,10.5
2024-12-17 18:27:36,149,14.9
2024-12-17 18:27:37,119,11.9
2024-12-17 18:27:38,77,7.7
2024-12-17 18:27:39,99,9.9
2024-12-17 18:27:40,107,10.7
2024-12-17 18:27:41,101,10.1
2024-12-17 18:27:42,65,6.5
2024-12-17 18:27:43,152,15.2
2024-12-17 18:27:44,93,9.3
2024-12-17 18:27:45,57,5.7
2024-12-17 18:27:46,83,8.3
2024-12-17 18:27:47,157,15.7
2024-12-17 18:27:48,136,13.6
2024-12-17 18:27:49,66,6.6
2024-12-17 18:27:50,54,5.4
2024-12-17 18:27:51,153,15.3
2024-12-17 18:27:52,145,14.5
2024-12-17 18:27:53,114,11.4
2024-12-17 18:27:54,58,5.8
2024-12-17 18:27:55,53,5.3
2024-12-17 18:27:56,76,7.6
2024-12-17 18:27:57,88,8.8
2024-12-17 18:27:58,115,11.5
2024-12-17 18:27:59,160,16.0
2024-12-17 18:28:00,52,5.2
2024-12-17 18:28:01,57,5.7
2024-12-17 18:28:02,61,6.1
2024-12-17 18:28:03,160,16.0
2024-12-17 18:28:04,147,14.7
2024-12-17 18:28:05,56,5.6
2024-12-17 18:28:06,138,13.8
2024-12-17 18:28:07,77,7.7
2024-12-17 18:28:08,109,10.9
2024-12-17 18:28:09,92,9.2
2024-12-17 18:28:10,96,9.6
2024-12-17 18:28:11,136,13.6
2024-12-17 18:28:12,121,12.1
2024-12-17 18:28:13,104,10.4
2024-12-17 18:28:14,77,7.7
2024-12-17 18:28:15,134,13.4
2024-12-17 18:28:16,80,8.0
2024-12-17 18:28:17,59,5.9
2024-12-17 18:28:18,122,12.2
2024-12-17 18:28:19,78,7.8
2024-12-17 18:28:20,115,11.5
2024-12-17 18:28:21,102,10.2
2024-12-17 18:28:22,89,8.9
2024-12-17 18:28:23,120,12.0
2024-12-17 18:28:24,120,12.0
2024-12-17 18:28:25,108,10.8
2024-12-17 18:28:26,136,13.6
2024-12-17 18:28:27,67,6.7
2024-12-17 18:28:28,114,11.4
2024-12-17 18:28:29,142,14.2
2024-12-17 18:28:30,51,5.1
2024-12-17 18:28:31,113,11.3
2024-12-17 18:28:32,107,10.7
2024-12-17 18:28:33,124,12.4
2024-12-17 18:28:34,76,7.6
2024-12-17 18:28:35,59,5.9
2024-12-17 18:28:36,135,13.5
2024-12-17 18:28:37,146,14.6
2024-12-17 18:28:38,68,6.8
2024-12-17 18:28:39,64,6.4
2024-12-17 18:28:40,129,12.9
2024-12-17 18:28:41,78,7.8
2024-12-17 18:28:42,132,13.2
2024-12-17 18:28:43,59,5.9
2024-12-17 18:28:44,112,11.2
2024-12-17 18:28:45,125,12.5
2024-12-17 18:28:46,108,10.8
2024-12-17 18:28:47,60,6.0
2024-12-17 18:28:48,152,15.2
2024-12-17 18:28:49,130,13.0
2024-12-17 18:28:50,59,5.9
2024-12-17 18:28:51,152,15.2
2024-12-17 18:28:52,154,15.4
2024-12-17 18:28:53,77,7.7
2024-12-17 18:28:54,80,8.0
2024-12-17 18:28:55,140,14.0
2024-12-17 18:28:56,50,5.0
2024-12-17 18:28:57,67,6.7
2024-12-17 18:28:58,124,12.4
2024-12-17 18:28:59,147,14.7
2024-12-17 18:29:00,105,10.5
2024-12-17 18:29:01,145,14.5
2024-12-17 18:29:02,157,15.7
2024-12-17 18:29:03,106,10.6
2024-12-17 18:29:04,106,10.6
2024-12-17 18:29:05,110,11.0
2024-12-17 18:29:06,129,12.9
2024-12-17 18:29:07,72,7.2
2024-12-17 18:29:08,106,10.6
2024-12-17 18:29:09,120,12.0
2024-12-17 18:29:10,128,12.8
2024-12-17 18:29:11,68,6.8
2024-12-17 18:29:12,93,9.3
2024-12-17 18:29:13,52,5.2
2024-12-17 18:29:14,138,13.8
2024-12-17 18:29:15,134,13.4
2024-12-17 18:29:16,68,6.8
2024-12-17 18:29:17,73,7.3
2024-12-17 18:29:18,105,10.5
2024-12-17 18:29:19,69,6.9
2024-12-17 18:29:20,150,15.0
2024-12-17 18:29:21,93,9.3
2024-12-17 18:29:22,134,13.4
2024-12-17 18:29:23,123,12.3
2024-12-17 18:29:24,105,10.5
2024-12-17 18:29:25,56,5.6
2024-12-17 18:29:26,67,6.7
2024-12-17 18:29:27,118,11.8
2024-12-17 18:29:28,158,15.8
2024-12-17 18:29:29,134,13.4
2024-12-17 18:29:30,67,6.7
2024-12-17 18:29:31,151,15.1
2024-12-17 18:29:32,110,11.0
2024-12-17 18:29:33,115,11.5
2024-12-17 18:29:34,126,12.6
2024-12-17 18:29:35,100,10.0
2024-12-17 18:29:36,88,8.8
2024-12-17 18:29:37,152,15.2
2024-12-17 18:29:38,134,13.4
2024-12-17 18:29:39,99,9.9
2024-12-17 18:29:40,94,9.4
2024-12-17 18:29:41,148,14.8
2024-12-17 18:29:42,82,8.2
2024-12-17 18:29:43,125,12.5
2024-12-17 18:29:44,138,13.8
2024-12-17 18:29:45,113,11.3
2024-12-17 18:29:46,109,10.9
2024-12-17 18:29:47,104,10.4
2024-12-17 18:29:48,103,10.3
2024-12-17 18:29:49,81,8.1
2024-12-17 18:29:50,143,14.3
2024-12-17 18:29:51,77,7.7
2024-12-17 18:29:52,139,13.9
2024-12-17 18:29:53,83,8.3
2024-12-17 18:29:54,94,9.4
2024-12-17 18:29:55,133,13.3
2024-12-17 18:29:56,109,10.9
2024-12-17 18:29:57,82,8.2
2024-12-17 18:29:58,81,8.1
2024-12-17 18:29:59,92,9.2
2024-12-17 18:30:00,78,7.8
2024-12-17 18:30:01,79,7.9
2024-12-17 18:30:02,106,10.6
2024-12-17 18:30:03,89,8.9
2024-12-17 18:30:04,98,9.8
2024-12-17 18:30:05,77,7.7
2024-12-17 18:30:06,109,10.9
2024-12-17 18:30:07,131,13.1
2024-12-17 18:30:08,112,11.2
2024-12-17 18:30:09,117,11.7
2024-12-17 18:30:10,132,13.2
2024-12-17 18:30:11,155,15.5
2024-12-17 18:30:12,66,6.6
2024-12-17 18:30:13,94,9.4
2024-12-17 18:30:14,89,8.9
2024-12-17 18:30:15,103,10.3
2024-12-17 18:30:16,151,15.1
2024-12-17 18:30:17,73,7.3
2024-12-17 18:30:18,120,12.0
2024-12-17 18:30:19,117,11.7
2024-12-17 18:30:20,144,14.4
2024-12-17 18:30:21,154,15.4
2024-12-17 18:30:22,88,8.8
2024-12-17 18:30:23,62,6.2
2024-12-17 18:30:24,52,5.2
2024-12-17 18:30:25,73,7.3
2024-12-17 18:30:26,61,6.1
2024-12-17 18:30:27,53,5.3
2024-12-17 18:30:28,160,16.0
2024-12-17 18:30:29,103,10.3
2024-12-17 18:30:30,74,7.4
2024-12-17 18:30:31,144,14.4
2024-12-17 18:30:32,103,10.3
2024-12-17 18:30:33,148,14.8
2024-12-17 18:30:34,123,12.3
2024-12-17 18:30:35,82,8.2
2024-12-17 18:30:36,79,7.9
2024-12-17 18:30:37,155,15.5
2024-12-17 18:30:38,60,6.0
2024-12-17 18:30:39,107,10.7
2024-12-17 18:30:40,149,14.9
2024-12-17 18:30:41,107,10.7
2024-12-17 18:30:42,140,14.0
2024-12-17 18:30:43,105,10.5
2024-12-17 18:30:44,79,7.9
2024-12-17 18:30:45,148,14.8
2024-12-17 18:30:46,96,9.6
2024-12-17 18:30:47,129,12.9
2024-12-17 18:30:48,68,6.8
2024-12-17 18:30:49,126,12.6
2024-12-17 18:30:50,94,9.4
2024-12-17 18:30:51,58,5.8
2024-12-17 18:30:52,124,12.4
2024-12-17 18:30:53,143,14.3
2024-12-17 18:30:54,97,9.7
2024-12-17 18:30:55,122,12.2
2024-12-17 18:30:56,138,13.8
2024-12-17 18:30:57,134,13.4
2024-12-17 18:30:58,120,12.0
2024-12-17 18:30:59,56,5.6
2024-12-17 18:31:00,122,12.2
2024-12-17 18:31:01,54,5.4
2024-12-17 18:31:02,100,10.0
2024-12-17 18:31:03,130,13.0
2024-12-17 18:31:04,150,15.0
2024-12-17 18:31:05,129,12.9
2024-12-17 18:31:06,101,10.1
2024-12-17 18:31:07,119,11.9
2024-12-17 18:31:08,73,7.3
2024-12-17 18:31:09,97,9.7
2024-12-17 18:31:10,81,8.1
2024-12-17 18:31:11,67,6.7
2024-12-17 18:31:12,76,7.6
2024-12-17 18:31:13,117,11.7
2024-12-17 18:31:14,121,12.1
2024-12-17 18:31:15,119,11.9
2024-12-17 18:31:16,75,7.5
2024-12-17 18:31:17,90,9.0
2024-12-17 18:31:18,128,12.8
2024-12-17 18:31:19,75,7.5
2024-12-17 18:31:20,115,11.5
2024-12-17 18:31:21,148,14.8
2024-12-17 18:31:22,128,12.8
2024-12-17 18:31:23,114,11.4
2024-12-17 18:31:24,128,12.8
2024-12-17 18:31:25,158,15.8
2024-12-17 18:31:26,130,13.0
2024-12-17 18:31:27,89,8.9
2024-12-17 18:31:28,95,9.5
2024-12-17 18:31:29,52,5.2
2024-12-17 18:31:30,78,7.8
2024-12-17 18:31:31,142,14.2
2024-12-17 18:31:32,67,6.7
2024-12-17 18:31:33,111,11.1
2024-12-17 18:31:34,55,5.5
2024-12-17 18:31:35,132,13.2
2024-12-17 18:31:36,98,9.8
2024-12-17 18:31:37,58,5.8
2024-12-17 18:31:38,107,10.7
2024-12-17 18:31:39,147,14.7
2024-12-17 18:31:40,103,10.3
2024-12-17 18:31:41,139,13.9
2024-12-17 18:31:42,145,14.5
2024-12-17 18:31:43,75,7.5
2024-12-17 18:31:44,118,11.8
2024-12-17 18:31:45,105,10.5
2024-12-17 18:31:46,110,11.0
2024-12-17 18:31:47,104,10.4
2024-12-17 18:31:48,76,7.6
2024-12-17 18:31:49,61,6.1
2024-12-17 18:31:50,147,14.7
2024-12-17 18:31:51,51,5.1
2024-12-17 18:31:52,130,13.0
2024-12-17 18:31:53,99,9.9
2024-12-17 18:31:54,73,7.3
2024-12-17 18:31:55,60,6.0
2024-12-17 18:31:56,127,12.7
2024-12-17 18:31:57,95,9.5
2024-12-17 18:31:58,81,8.1
2024-12-17 18:31:59,131,13.1
2024-12-17 18:32:00,132,13.2
2024-12-17 18:32:01,73,7.3
2024-12-17 18:32:02,158,15.8
2024-12-17 18:32:03,134,13.4
2024-12-17 18:32:04,141,14.1
2024-12-17 18:32:05,65,6.5
2024-12-17 18:32:06,82,8.2
2024-12-17 18:32:07,112,11.2
2024-12-17 18:32:08,104,10.4
2024-12-17 18:32:09,84,8.4
2024-12-17 18:32:10,80,8.0
2024-12-17 18:32:11,94,9.4
2024-12-17 18:32:12,92,9.2
2024-12-17 18:32:13,80,8.0
2024-12-17 18:32:14,141,14.1
2024-12-17 18:32:15,148,14.8
2024-12-17 18:32:16,115,11.5
2024-12-17 18:32:17,108,10.8
2024-12-17 18:32:18,94,9.4
2024-12-17 18:32:19,135,13.5
2024-12-17 18:32:20,152,15.2
2024-12-17 18:32:21,120,12.0
2024-12-17 18:32:22,83,8.3
2024-12-17 18:32:23,87,8.7
2024-12-17 18:32:24,138,13.8
2024-12-17 18:32:25,100,10.0
2024-12-17 18:32:26,123,12.3
2024-12-17 18:32:27,52,5.2
2024-12-17 18:32:28,104,10.4
2024-12-17 18:32:29,152,15.2
2024-12-17 18:32:30,141,14.1
2024-12-17 18:32:31,58,5.8
2024-12-17 18:32:32,55,5.5
2024-12-17 18:32:33,124,12.4
2024-12-17 18:32:34,76,7.6
2024-12-17 18:32:35,159,15.9
2024-12-17 18:32:36,89,8.9
2024-12-17 18:32:37,106,10.6
2024-12-17 18:32:38,63,6.3
2024-12-17 18:32:39,66,6.6
2024-12-17 18:32:40,156,15.6
2024-12-17 18:32:41,128,12.8
2024-12-17 18:32:42,76,7.6
2024-12-17 18:32:43,146,14.6
2024-12-17 18:32:44,111,11.1
2024-12-17 18:32:45,70,7.0
2024-12-17 18:32:46,142,14.2
2024-12-17 18:32:47,110,11.0
2024-12-17 18:32:48,138,13.8
2024-12-17 18:32:49,156,15.6
2024-12-17 18:32:50,108,10.8
2024-12-17 18:32:51,151,15.1
2024-12-17 18:32:52,125,12.5
2024-12-17 18:32:53,99,9.9
2024-12-17 18:32:54,106,10.6
2024-12-17 18:32:55,116,11.6
2024-12-17 18:32:56,132,13.2
2024-12-17 18:32:57,100,10.0
2024-12-17 18:32:58,92,9.2
2024-12-17 18:32:59,106,10.6
2024-12-17 18:33:00,120,12.0
2024-12-17 18:33:01,52,5.2
2024-12-17 18:33:02,55,5.5
2024-12-17 18:33:03,55,5.5
2024-12-17 18:33:04,114,11.4
2024-12-17 18:33:05,105,10.5
2024-12-17 18:33:06,90,9.0
2024-12-17 18:33:07,66,6.6
2024-12-17 18:33:08,75,7.5
2024-12-17 18:33:09,97,9.7
2024-12-17 18:33:10,148,14.8
2024-12-17 18:33:11,61,6.1
2024-12-17 18:33:12,103,10.3
2024-12-17 18:33:13,136,13.6
2024-12-17 18:33:14,106,10.6
2024-12-17 18:33:15,65,6.5
2024-12-17 18:33:16,155,15.5
2024-12-17 18:33:17,122,12.2
2024-12-17 18:33:18,63,6.3
2024-12-17 18:33:19,149,14.9
2024-12-17 18:33:20,84,8.4
2024-12-17 18:33:21,141,14.1
2024-12-17 18:33:22,113,11.3
2024-12-17 18:33:23,78,7.8
2024-12-17 18:33:24,134,13.4
2024-12-17 18:33:25,103,10.3
2024-12-17 18:33:26,146,14.6
2024-12-17 18:33:27,142,14.2
2024-12-17 18:33:28,114,11.4
2024-12-17 18:33:29,138,13.8
2024-12-17 18:33:30,109,10.9
2024-12-17 18:33:31,153,15.3
2024-12-17 18:33:32,112,11.2
2024-12-17 18:33:33,110,11.0
2024-12-17 18:33:34,79,7.9
2024-12-17 18:33:35,116,11.6
2024-12-17 18:33:36,143,14.3
2024-12-17 18:33:37,99,9.9
2024-12-17 18:33:38,132,13.2
2024-12-17 18:33:39,119,11.9
2024-12-17 18:33:40,87,8.7
2024-12-17 18:33:41,67,6.7
2024-12-17 18:33:42,108,10.8
2024-12-17 18:33:43,72,7.2
2024-12-17 18:33:44,58,5.8
2024-12-17 18:33:45,122,12.2
2024-12-17 18:33:46,134,13.4
2024-12-17 18:33:47,92,9.2
2024-12-17 18:33:48,100,10.0
2024-12-17 18:33:49,149,14.9
2024-12-17 18:33:50,160,16.0
2024-12-17 18:33:51,65,6.5
2024-12-17 18:33:52,101,10.1
2024-12-17 18:33:53,139,13.9
2024-12-17 18:33:54,70,7.0
2024-12-17 18:33:55,107,10.7
2024-12-17 18:33:56,145,14.5
2024-12-17 18:33:57,134,13.4
2024-12-17 18:33:58,88,8.8
2024-12-17 18:33:59,136,13.6
2024-12-17 18:34:00,127,12.7
2024-12-17 18:34:01,95,9.5
2024-12-17 18:34:02,128,12.8
2024-12-17 18:34:03,150,15.0
2024-12-17 18:34:04,53,5.3
2024-12-17 18:34:05,60,6.0
2024-12-17 18:34:06,98,9.8
2024-12-17 18:34:07,134,13.4
2024-12-17 18:34:08,141,14.1
2024-12-17 18:34:09,60,6.0
2024-12-17 18:34:10,75,7.5
2024-12-17 18:34:11,57,5.7
2024-12-17 18:34:12,156,15.6
2024-12-17 18:34:13,137,13.7
2024-12-17 18:34:14,70,7.0
2024-12-17 18:34:15,107,10.7
2024-12-17 18:34:16,159,15.9
2024-12-17 18:34:17,156,15.6
2024-12-17 18:34:18,59,5.9
2024-12-17 18:34:19,160,16.0
2024-12-17 18:34:20,104,10.4
2024-12-17 18:34:21,97,9.7
2024-12-17 18:34:22,130,13.0
2024-12-17 18:34:23,76,7.6
2024-12-17 18:34:24,76,7.6
2024-12-17 18:34:25,73,7.3
2024-12-17 18:34:26,60,6.0
2024-12-17 18:34:27,62,6.2
2024-12-17 18:34:28,144,14.4
2024-12-17 18:34:29,148,14.8
2024-12-17 18:34:30,101,10.1
2024-12-17 18:34:31,109,10.9
2024-12-17 18:34:32,142,14.2
2024-12-17 18:34:33,146,14.6
2024-12-17 18:34:34,113,11.3
2024-12-17 18:34:35,74,7.4
2024-12-17 18:34:36,80,8.0
2024-12-17 18:34:37,154,15.4
2024-12-17 18:34:38,127,12.7
2024-12-17 18:34:39,138,13.8
2024-12-17 18:34:40,59,5.9
2024-12-17 18:34:41,111,11.1
2024-12-17 18:34:42,84,8.4
2024-12-17 18:34:43,86,8.6
2024-12-17 18:34:44,127,12.7
2024-12-17 18:34:45,160,16.0
2024-12-17 18:34:46,62,6.2
2024-12-17 18:34:47,126,12.6
2024-12-17 18:34:48,53,5.3
2024-12-17 18:34:49,119,11.9
2024-12-17 18:34:50,63,6.3
2024-12-17 18:34:51,146,14.6
2024-12-17 18:34:52,92,9.2
2024-12-17 18:34:53,106,10.6
2024-12-17 18:34:54,109,10.9
2024-12-17 18:34:55,108,10.8
2024-12-17 18:34:56,153,15.3
2024-12-17 18:34:57,125,12.5
2024-12-17 18:34:58,80,8.0
2024-12-17 18:34:59,62,6.2
2024-12-17 18:35:00,64,6.4
2024-12-17 18:35:01,94,9.4
2024-12-17 18:35:02,133,13.3
2024-12-17 18:35:03,74,7.4
2024-12-17 18:35:04,60,6.0
2024-12-17 18:35:05,128,12.8
2024-12-17 18:35:06,66,6.6
2024-12-17 18:35:07,99,9.9
2024-12-17 18:35:08,143,14.3
2024-12-17 18:35:09,157,15.7
2024-12-17 18:35:10,105,10.5
2024-12-17 18:35:11,99,9.9
2024-12-17 18:35:12,126,12.6
2024-12-17 18:35:13,145,14.5
2024-12-17 18:35:14,149,14.9
2024-12-17 18:35:15,122,12.2
2024-12-17 18:35:16,112,11.2
2024-12-17 18:35:17,152,15.2
2024-12-17 18:35:18,52,5.2
2024-12-17 18:35:19,96,9.6
2024-12-17 18:35:20,69,6.9
2024-12-17 18:35:21,114,11.4
2024-12-17 18:35:22,132,13.2
2024-12-17 18:35:23,125,12.5
2024-12-17 18:35:24,97,9.7
2024-12-17 18:35:25,89,8.9
2024-12-17 18:35:26,127,12.7
2024-12-17 18:35:27,107,10.7
2024-12-17 18:35:28,69,6.9
2024-12-17 18:35:29,68,6.8
2024-12-17 18:35:30,144,14.4
2024-12-17 18:35:31,109,10.9
2024-12-17 18:35:32,154,15.4
2024-12-17 18:35:33,87,8.7
2024-12-17 18:35:34,132,13.2
2024-12-17 18:35:35,59,5.9
2024-12-17 18:35:36,88,8.8
2024-12-17 18:35:37,84,8.4
2024-12-17 18:35:38,109,10.9
2024-12-17 18:35:39,107,10.7
2024-12-17 18:35:40,84,8.4
2024-12-17 18:35:41,147,14.7
2024-12-17 18:35:42,125,12.5
2024-12-17 18:35:43,111,11.1
2024-12-17 18:35:44,52,5.2
2024-12-17 18:35:45,61,6.1
2024-12-17 18:35:46,113,11.3
2024-12-17 18:35:47,92,9.2
2024-12-17 18:35:48,95,9.5
2024-12-17 18:35:49,111,11.1
2024-12-17 18:35:50,160,16.0
2024-12-17 18:35:51,71,7.1
2024-12-17 18:35:52,107,10.7
2024-12-17 18:35:53,116,11.6
2024-12-17 18:35:54,125,12.5
2024-12-17 18:35:55,131,13.1
2024-12-17 18:35:56,126,12.6
2024-12-17 18:35:57,157,15.7
2024-12-17 18:35:58,106,10.6
2024-12-17 18:35:59,160,16.0
2024-12-17 18:36:00,91,9.1
2024-12-17 18:36:01,142,14.2
2024-12-17 18:36:02,71,7.1
2024-12-17 18:36:03,113,11.3
2024-12-17 18:36:04,50,5.0
2024-12-17 18:36:05,143,14.3
2024-12-17 18:36:06,144,14.4
2024-12-17 18:36:07,131,13.1
2024-12-17 18:36:08,56,5.6
2024-12-17 18:36:09,61,6.1
2024-12-17 18:36:10,53,5.3
2024-12-17 18:36:11,54,5.4
2024-12-17 18:36:12,156,15.6
2024-12-17 18:36:13,77,7.7
2024-12-17 18:36:14,146,14.6
2024-12-17 18:36:15,145,14.5
2024-12-17 18:36:16,88,8.8
2024-12-17 18:36:17,147,14.7
2024-12-17 18:36:18,113,11.3
2024-12-17 18:36:19,61,6.1
2024-12-17 18:36:20,153,15.3
2024-12-17 18:36:21,145,14.5
2024-12-17 18:36:22,151,15.1
2024-12-17 18:36:23,56,5.6
2024-12-17 18:36:24,122,12.2
2024-12-17 18:36:25,158,15.8
2024-12-17 18:36:26,91,9.1
2024-12-17 18:36:27,79,7.9
2024-12-17 18:36:28,150,15.0
2024-12-17 18:36:29,128,12.8
2024-12-17 18:36:30,105,10.5
2024-12-17 18:36:31,127,12.7
2024-12-17 18:36:32,59,5.9
2024-12-17 18:36:33,129,12.9
2024-12-17 18:36:34,110,11.0
2024-12-17 18:36:35,147,14.7
2024-12-17 18:36:36,79,7.9
2024-12-17 18:36:37,146,14.6
2024-12-17 18:36:38,93,9.3
2024-12-17 18:36:39,69,6.9
2024-12-17 18:36:40,130,13.0
2024-12-17 18:36:41,157,15.7
2024-12-17 18:36:42,102,10.2
2024-12-17 18:36:43,67,6.7
2024-12-17 18:36:44,89,8.9
2024-12-17 18:36:45,84,8.4
2024-12-17 18:36:46,52,5.2
2024-12-17 18:36:47,134,13.4
2024-12-17 18:36:48,93,9.3
2024-12-17 18:36:49,140,14.0
2024-12-17 18:36:50,86,8.6
2024-12-17 18:36:51,156,15.6
2024-12-17 18:36:52,65,6.5
2024-12-17 18:36:53,130,13.0
2024-12-17 18:36:54,95,9.5
2024-12-17 18:36:55,67,6.7
2024-12-17 18:36:56,80,8.0
2024-12-17 18:36:57,74,7.4
2024-12-17 18:36:58,121,12.1
2024-12-17 18:36:59,159,15.9
2024-12-17 18:37:00,51,5.1
2024-12-17 18:37:01,54,5.4
2024-12-17 18:37:02,72,7.2
2024-12-17 18:37:03,60,6.0
2024-12-17 18:37:04,158,15.8
2024-12-17 18:37:05,55,5.5
2024-12-17 18:37:06,127,12.7
2024-12-17 18:37:07,110,11.0
2024-12-17 18:37:08,127,12.7
2024-12-17 18:37:09,96,9.6
2024-12-17 18:37:10,72,7.2
2024-12-17 18:37:11,139,13.9
2024-12-17 18:37:12,104,10.4
2024-12-17 18:37:13,50,5.0
2024-12-17 18:37:14,79,7.9
2024-12-17 18:37:15,94,9.4
2024-12-17 18:37:16,133,13.3
2024-12-17 18:37:17,159,15.9
2024-12-17 18:37:18,119,11.9
2024-12-17 18:37:19,120,12.0
2024-12-17 18:37:20,74,7.4
2024-12-17 18:37:21,153,15.3
2024-12-17 18:37:22,53,5.3
2024-12-17 18:37:23,50,5.0
2024-12-17 18:37:24,107,10.7
2024-12-17 18:37:25,101,10.1
2024-12-17 18:37:26,61,6.1
2024-12-17 18:37:27,74,7.4
2024-12-17 18:37:28,92,9.2
2024-12-17 18:37:29,87,8.7
2024-12-17 18:37:30,112,11.2
2024-12-17 18:37:31,101,10.1
2024-12-17 18:37:32,112,11.2
2024-12-17 18:37:33,105,10.5
2024-12-17 18:37:34,109,10.9
2024-12-17 18:37:35,143,14.3
2024-12-17 18:37:36,109,10.9
2024-12-17 18:37:37,83,8.3
2024-12-17 18:37:38,140,14.0
2024-12-17 18:37:39,141,14.1
2024-12-17 18:37:40,145,14.5
2024-12-17 18:37:41,85,8.5
2024-12-17 18:37:42,129,12.9
2024-12-17 18:37:43,95,9.5
2024-12-17 18:37:44,87,8.7
2024-12-17 18:37:45,109,10.9
2024-12-17 18:37:46,107,10.7
2024-12-17 18:37:47,155,15.5
2024-12-17 18:37:48,112,11.2
2024-12-17 18:37:49,103,10.3
2024-12-17 18:37:50,102,10.2
2024-12-17 18:37:51,73,7.3
2024-12-17 18:37:52,111,11.1
2024-12-17 18:37:53,83,8.3
2024-12-17 18:37:54,122,12.2
2024-12-17 18:37:55,97,9.7
2024-12-17 18:37:56,94,9.4
2024-12-17 18:37:57,66,6.6
2024-12-17 18:37:58,119,11.9
2024-12-17 18:37:59,65,6.5
2024-12-17 18:38:00,157,15.7
2024-12-17 18:38:01,61,6.1
2024-12-17 18:38:02,157,15.7
2024-12-17 18:38:03,90,9.0
2024-12-17 18:38:04,90,9.0
2024-12-17 18:38:05,63,6.3
2024-12-17 18:38:06,96,9.6
2024-12-17 18:38:07,52,5.2
2024-12-17 18:38:08,125,12.5
2024-12-17 18:38:09,52,5.2
2024-12-17 18:38:10,74,7.4
2024-12-17 18:38:11,115,11.5
2024-12-17 18:38:12,132,13.2
2024-12-17 18:38:13,104,10.4
2024-12-17 18:38:14,136,13.6
2024-12-17 18:38:15,62,6.2
2024-12-17 18:38:16,98,9.8
2024-12-17 18:38:17,143,14.3
2024-12-17 18:38:18,55,5.5
2024-12-17 18:38:19,106,10.6
2024-12-17 18:38:20,123,12.3
2024-12-17 18:38:21,99,9.9
2024-12-17 18:38:22,158,15.8
2024-12-17 18:38:23,78,7.8
2024-12-17 18:38:24,90,9.0
2024-12-17 18:38:25,50,5.0
2024-12-17 18:38:26,118,11.8
2024-12-17 18:38:27,121,12.1
2024-12-17 18:38:28,103,10.3
2024-12-17 18:38:29,146,14.6
2024-12-17 18:38:30,74,7.4
2024-12-17 18:38:31,97,9.7
2024-12-17 18:38:32,75,7.5
2024-12-17 18:38:33,152,15.2
2024-12-17 18:38:34,156,15.6
2024-12-17 18:38:35,99,9.9
2024-12-17 18:38:36,90,9.0
2024-12-17 18:38:37,93,9.3
2024-12-17 18:38:38,155,15.5
2024-12-17 18:38:39,52,5.2
2024-12-17 18:38:40,82,8.2
2024-12-17 18:38:41,70,7.0
2024-12-17 18:38:42,57,5.7
2024-12-17 18:38:43,155,15.5
2024-12-17 18:38:44,71,7.1
2024-12-17 18:38:45,58,5.8
2024-12-17 18:38:46,56,5.6
2024-12-17 18:38:47,123,12.3
2024-12-17 18:38:48,56,5.6
2024-12-17 18:38:49,71,7.1
2024-12-17 18:38:50,154,15.4
2024-12-17 18:38:51,143,14.3
2024-12-17 18:38:52,129,12.9
2024-12-17 18:38:53,135,13.5
2024-12-17 18:38:54,54,5.4
2024-12-17 18:38:55,71,7.1
2024-12-17 18:38:56,112,11.2
2024-12-17 18:38:57,58,5.8
2024-12-17 18:38:58,142,14.2
2024-12-17 18:38:59,59,5.9
2024-12-17 18:39:00,132,13.2
2024-12-17 18:39:01,121,12.1
2024-12-17 18:39:02,58,5.8
2024-12-17 18:39:03,89,8.9
2024-12-17 18:39:04,51,5.1
2024-12-17 18:39:05,63,6.3
2024-12-17 18:39:06,151,15.1
2024-12-17 18:39:07,157,15.7
2024-12-17 18:39:08,118,11.8
2024-12-17 18:39:09,96,9.6
2024-12-17 18:39:10,91,9.1
2024-12-17 18:39:11,73,7.3
2024-12-17 18:39:12,74,7.4
2024-12-17 18:39:13,133,13.3
2024-12-17 18:39:14,151,15.1
2024-12-17 18:39:15,96,9.6
2024-12-17 18:39:16,92,9.2
2024-12-17 18:39:17,107,10.7
2024-12-17 18:39:18,88,8.8
2024-12-17 18:39:19,90,9.0
2024-12-17 18:39:20,98,9.8
2024-12-17 18:39:21,154,15.4
2024-12-17 18:39:22,122,12.2
2024-12-17 18:39:23,101,10.1
2024-12-17 18:39:24,122,12.2
2024-12-17 18:39:25,113,11.3
2024-12-17 18:39:26,80,8.0
2024-12-17 18:39:27,93,9.3
2024-12-17 18:39:28,157,15.7
2024-12-17 18:39:29,143,14.3
2024-12-17 18:39:30,69,6.9
2024-12-17 18:39:31,157,15.7
2024-12-17 18:39:32,113,11.3
2024-12-17 18:39:33,152,15.2
2024-12-17 18:39:34,80,8.0
2024-12-17 18:39:35,152,15.2
2024-12-17 18:39:36,106,10.6
2024-12-17 18:39:37,76,7.6
2024-12-17 18:39:38,66,6.6
2024-12-17 18:39:39,105,10.5
2024-12-17 18:39:40,67,6.7
2024-12-17 18:39:41,104,10.4
2024-12-17 18:39:42,71,7.1
2024-12-17 18:39:43,151,15.1
2024-12-17 18:39:44,143,14.3
2024-12-17 18:39:45,52,5.2
2024-12-17 18:39:46,143,14.3
2024-12-17 18:39:47,52,5.2
2024-12-17 18:39:48,151,15.1
2024-12-17 18:39:49,52,5.2
2024-12-17 18:39:50,125,12.5
2024-12-17 18:39:51,156,15.6
2024-12-17 18:39:52,122,12.2
2024-12-17 18:39:53,136,13.6
2024-12-17 18:39:54,84,8.4
2024-12-17 18:39:55,110,11.0
2024-12-17 18:39:56,79,7.9
2024-12-17 18:39:57,104,10.4
2024-12-17 18:39:58,66,6.6
2024-12-17 18:39:59,71,7.1
2024-12-17 18:40:00,89,8.9
2024-12-17 18:40:01,84,8.4
2024-12-17 18:40:02,128,12.8
2024-12-17 18:40:03,111,11.1
2024-12-17 18:40:04,87,8.7
2024-12-17 18:40:05,139,13.9
2024-12-17 18:40:06,116,11.6
2024-12-17 18:40:07,152,15.2
2024-12-17 18:40:08,138,13.8
2024-12-17 18:40:09,52,5.2
2024-12-17 18:40:10,128,12.8
2024-12-17 18:40:11,157,15.7
2024-12-17 18:40:12,72,7.2
2024-12-17 18:40:13,79,7.9
2024-12-17 18:40:14,133,13.3
2024-12-17 18:40:15,62,6.2
2024-12-17 18:40:16,52,5.2
2024-12-17 18:40:17,104,10.4
2024-12-17 18:40:18,129,12.9
2024-12-17 18:40:19,115,11.5
2024-12-17 18:40:20,132,13.2
2024-12-17 18:40:21,136,13.6
2024-12-17 18:40:22,112,11.2
2024-12-17 18:40:23,142,14.2
2024-12-17 18:40:24,68,6.8
2024-12-17 18:40:25,150,15.0
2024-12-17 18:40:26,63,6.3
2024-12-17 18:40:27,51,5.1
2024-12-17 18:40:28,58,5.8
2024-12-17 18:40:29,79,7.9
2024-12-17 18:40:30,78,7.8
2024-12-17 18:40:31,111,11.1
2024-12-17 18:40:32,83,8.3
2024-12-17 18:40:33,55,5.5
2024-12-17 18:40:34,120,12.0
2024-12-17 18:40:35,99,9.9
2024-12-17 18:40:36,60,6.0
2024-12-17 18:40:37,140,14.0
2024-12-17 18:40:38,144,14.4
2024-12-17 18:40:39,112,11.2
2024-12-17 18:40:40,108,10.8
2024-12-17 18:40:41,75,7.5
2024-12-17 18:40:42,91,9.1
2024-12-17 18:40:43,100,10.0
2024-12-17 18:40:44,72,7.2
2024-12-17 18:40:45,77,7.7
2024-12-17 18:40:46,98,9.8
2024-12-17 18:40:47,126,12.6
2024-12-17 18:40:48,82,8.2
2024-12-17 18:40:49,83,8.3
2024-12-17 18:40:50,67,6.7
2024-12-17 18:40:51,109,10.9
2024-12-17 18:40:52,117,11.7
2024-12-17 18:40:53,132,13.2
2024-12-17 18:40:54,93,9.3
2024-12-17 18:40:55,66,6.6
2024-12-17 18:40:56,125,12.5
2024-12-17 18:40:57,138,13.8
2024-12-17 18:40:58,62,6.2
2024-12-17 18:40:59,65,6.5
2024-12-17 18:41:00,95,9.5
2024-12-17 18:41:01,60,6.0
2024-12-17 18:41:02,122,12.2
2024-12-17 18:41:03,71,7.1
2024-12-17 18:41:04,145,14.5
2024-12-17 18:41:05,99,9.9
2024-12-17 18:41:06,90,9.0
2024-12-17 18:41:07,91,9.1
2024-12-17 18:41:08,62,6.2
2024-12-17 18:41:09,105,10.5
2024-12-17 18:41:10,58,5.8
2024-12-17 18:41:11,104,10.4
2024-12-17 18:41:12,82,8.2
2024-12-17 18:41:13,156,15.6
2024-12-17 18:41:14,145,14.5
2024-12-17 18:41:15,117,11.7
2024-12-17 18:41:16,63,6.3
2024-12-17 18:41:17,101,10.1
2024-12-17 18:41:18,118,11.8
2024-12-17 18:41:19,87,8.7
2024-12-17 18:41:20,76,7.6
2024-12-17 18:41:21,66,6.6
2024-12-17 18:41:22,136,13.6
2024-12-17 18:41:23,74,7.4
2024-12-17 18:41:24,73,7.3
2024-12-17 18:41:25,53,5.3
2024-12-17 18:41:26,95,9.5
2024-12-17 18:41:27,141,14.1
2024-12-17 18:41:28,123,12.3
2024-12-17 18:41:29,108,10.8
2024-12-17 18:41:30,134,13.4
2024-12-17 18:41:31,139,13.9
2024-12-17 18:41:32,107,10.7
2024-12-17 18:41:33,140,14.0
2024-12-17 18:41:34,96,9.6
2024-12-17 18:41:35,100,10.0
2024-12-17 18:41:36,114,11.4
2024-12-17 18:41:37,151,15.1
2024-12-17 18:41:38,126,12.6
2024-12-17 18:41:39,98,9.8
2024-12-17 18:41:40,144,14.4
2024-12-17 18:41:41,155,15.5
2024-12-17 18:41:42,148,14.8
2024-12-17 18:41:43,118,11.8
2024-12-17 18:41:44,150,15.0
2024-12-17 18:41:45,102,10.2
2024-12-17 18:41:46,108,10.8
2024-12-17 18:41:47,80,8.0
2024-12-17 18:41:48,119,11.9
2024-12-17 18:41:49,68,6.8
2024-12-17 18:41:50,101,10.1
2024-12-17 18:41:51,144,14.4
2024-12-17 18:41:52,110,11.0
2024-12-17 18:41:53,113,11.3
2024-12-17 18:41:54,115,11.5
2024-12-17 18:41:55,154,15.4
2024-12-17 18:41:56,90,9.0
2024-12-17 18:41:57,123,12.3
2024-12-17 18:41:58,108,10.8
2024-12-17 18:41:59,125,12.5
2024-12-17 18:42:00,84,8.4
2024-12-17 18:42:01,62,6.2
2024-12-17 18:42:02,113,11.3
2024-12-17 18:42:03,157,15.7
2024-12-17 18:42:04,104,10.4
2024-12-17 18:42:05,75,7.5
2024-12-17 18:42:06,126,12.6
2024-12-17 18:42:07,125,12.5
2024-12-17 18:42:08,111,11.1
2024-12-17 18:42:09,103,10.3
2024-12-17 18:42:10,66,6.6
2024-12-17 18:42:11,64,6.4
2024-12-17 18:42:12,90,9.0
2024-12-17 18:42:13,58,5.8
2024-12-17 18:42:14,139,13.9
2024-12-17 18:42:15,55,5.5
2024-12-17 18:42:16,102,10.2
2024-12-17 18:42:17,159,15.9
2024-12-17 18:42:18,90,9.0
2024-12-17 18:42:19,102,10.2
2024-12-17 18:42:20,129,12.9
2024-12-17 18:42:21,150,15.0
2024-12-17 18:42:22,108,10.8
2024-12-17 18:42:23,146,14.6
2024-12-17 18:42:24,88,8.8
2024-12-17 18:42:25,119,11.9
2024-12-17 18:42:26,76,7.6
2024-12-17 18:42:27,145,14.5
2024-12-17 18:42:28,126,12.6
2024-12-17 18:42:29,155,15.5
2024-12-17 18:42:30,81,8.1
2024-12-17 18:42:31,89,8.9
2024-12-17 18:42:32,66,6.6
2024-12-17 18:42:33,107,10.7
2024-12-17 18:42:34,81,8.1
2024-12-17 18:42:35,86,8.6
2024-12-17 18:42:36,83,8.3
2024-12-17 18:42:37,137,13.7
2024-12-17 18:42:38,92,9.2
2024-12-17 18:42:39,97,9.7
2024-12-17 18:42:40,106,10.6
2024-12-17 18:42:41,71,7.1
2024-12-17 18:42:42,65,6.5
2024-12-17 18:42:43,103,10.3
2024-12-17 18:42:44,80,8.0
2024-12-17 18:42:45,65,6.5
2024-12-17 18:42:46,58,5.8
2024-12-17 18:42:47,114,11.4
2024-12-17 18:42:48,138,13.8
2024-12-17 18:42:49,114,11.4
2024-12-17 18:42:50,73,7.3
2024-12-17 18:42:51,150,15.0
2024-12-17 18:42:52,148,14.8
2024-12-17 18:42:53,150,15.0
2024-12-17 18:42:54,50,5.0
2024-12-17 18:42:55,51,5.1
2024-12-17 18:42:56,54,5.4
2024-12-17 18:42:57,130,13.0
2024-12-17 18:42:58,115,11.5
2024-12-17 18:42:59,121,12.1
2024-12-17 18:43:00,91,9.1
2024-12-17 18:43:01,121,12.1
2024-12-17 18:43:02,124,12.4
2024-12-17 18:43:03,132,13.2
2024-12-17 18:43:04,68,6.8
2024-12-17 18:43:05,73,7.3
2024-12-17 18:43:06,85,8.5
2024-12-17 18:43:07,122,12.2
2024-12-17 18:43:08,153,15.3
2024-12-17 18:43:09,109,10.9
2024-12-17 18:43:10,143,14.3
2024-12-17 18:43:11,160,16.0
2024-12-17 18:43:12,103,10.3
2024-12-17 18:43:13,71,7.1
2024-12-17 18:43:14,127,12.7
2024-12-17 18:43:15,145,14.5
2024-12-17 18:43:16,155,15.5
2024-12-17 18:43:17,88,8.8
2024-12-17 18:43:18,101,10.1
2024-12-17 18:43:19,117,11.7
2024-12-17 18:43:20,69,6.9
2024-12-17 18:43:21,70,7.0
2024-12-17 18:43:22,78,7.8
2024-12-17 18:43:23,106,10.6
2024-12-17 18:43:24,89,8.9
2024-12-17 18:43:25,153,15.3
2024-12-17 18:43:26,159,15.9
2024-12-17 18:43:27,73,7.3
2024-12-17 18:43:28,117,11.7
2024-12-17 18:43:29,86,8.6
2024-12-17 18:43:30,147,14.7
2024-12-17 18:43:31,69,6.9
2024-12-17 18:43:32,61,6.1
2024-12-17 18:43:33,108,10.8
2024-12-17 18:43:34,142,14.2
2024-12-17 18:43:35,148,14.8
2024-12-17 18:43:36,119,11.9
2024-12-17 18:43:37,158,15.8
2024-12-17 18:43:38,66,6.6
2024-12-17 18:43:39,107,10.7
2024-12-17 18:43:40,114,11.4
2024-12-17 18:43:41,96,9.6
2024-12-17 18:43:42,102,10.2
2024-12-17 18:43:43,143,14.3
2024-12-17 18:43:44,89,8.9
2024-12-17 18:43:45,87,8.7
2024-12-17 18:43:46,135,13.5
2024-12-17 18:43:47,120,12.0
2024-12-17 18:43:48,73,7.3
2024-12-17 18:43:49,127,12.7
2024-12-17 18:43:50,156,15.6
2024-12-17 18:43:51,98,9.8
2024-12-17 18:43:52,114,11.4
2024-12-17 18:43:53,138,13.8
2024-12-17 18:43:54,98,9.8
2024-12-17 18:43:55,108,10.8
2024-12-17 18:43:56,81,8.1
2024-12-17 18:43:57,159,15.9
2024-12-17 18:43:58,110,11.0
2024-12-17 18:43:59,140,14.0
2024-12-17 18:44:00,75,7.5
2024-12-17 18:44:01,122,12.2
2024-12-17 18:44:02,71,7.1
2024-12-17 18:44:03,116,11.6
2024-12-17 18:44:04,95,9.5
2024-12-17 18:44:05,103,10.3
2024-12-17 18:44:06,81,8.1
2024-12-17 18:44:07,59,5.9
2024-12-17 18:44:08,79,7.9
2024-12-17 18:44:09,110,11.0
2024-12-17 18:44:10,118,11.8
2024-12-17 18:44:11,93,9.3
2024-12-17 18:44:12,158,15.8
2024-12-17 18:44:13,57,5.7
2024-12-17 18:44:14,51,5.1
2024-12-17 18:44:15,70,7.0
2024-12-17 18:44:16,94,9.4
2024-12-17 18:44:17,54,5.4
2024-12-17 18:44:18,146,14.6
2024-12-17 18:44:19,110,11.0
2024-12-17 18:44:20,90,9.0
2024-12-17 18:44:21,82,8.2
2024-12-17 18:44:22,85,8.5
2024-12-17 18:44:23,78,7.8
2024-12-17 18:44:24,122,12.2
2024-12-17 18:44:25,88,8.8
2024-12-17 18:44:26,71,7.1
2024-12-17 18:44:27,80,8.0
2024-12-17 18:44:28,69,6.9
2024-12-17 18:44:29,121,12.1
2024-12-17 18:44:30,113,11.3
2024-12-17 18:44:31,115,11.5
2024-12-17 18:44:32,74,7.4
2024-12-17 18:44:33,73,7.3
2024-12-17 18:44:34,83,8.3
2024-12-17 18:44:35,158,15.8
2024-12-17 18:44:36,154,15.4
2024-12-17 18:44:37,123,12.3
2024-12-17 18:44:38,118,11.8
2024-12-17 18:44:39,68,6.8
2024-12-17 18:44:40,98,9.8
2024-12-17 18:44:41,113,11.3
2024-12-17 18:44:42,93,9.3
2024-12-17 18:44:43,103,10.3
2024-12-17 18:44:44,116,11.6
2024-12-17 18:44:45,132,13.2
2024-12-17 18:44:46,139,13.9
2024-12-17 18:44:47,59,5.9
2024-12-17 18:44:48,51,5.1
2024-12-17 18:44:49,86,8.6
2024-12-17 18:44:50,133,13.3
2024-12-17 18:44:51,106,10.6
2024-12-17 18:44:52,67,6.7
2024-12-17 18:44:53,80,8.0
2024-12-17 18:44:54,78,7.8
2024-12-17 18:44:55,86,8.6
2024-12-17 18:44:56,59,5.9
2024-12-17 18:44:57,51,5.1
2024-12-17 18:44:58,115,11.5
2024-12-17 18:44:59,108,10.8
2024-12-17 18:45:00,82,8.2
2024-12-17 18:45:01,152,15.2
2024-12-17 18:45:02,76,7.6
2024-12-17 18:45:03,56,5.6
2024-12-17 18:45:04,62,6.2
2024-12-17 18:45:05,149,14.9
2024-12-17 18:45:06,95,9.5
2024-12-17 18:45:07,87,8.7
2024-12-17 18:45:08,76,7.6
2024-12-17 18:45:09,65,6.5
2024-12-17 18:45:10,56,5.6
2024-12-17 18:45:11,62,6.2
2024-12-17 18:45:12,98,9.8
2024-12-17 18:45:13,128,12.8
2024-12-17 18:45:14,95,9.5
2024-12-17 18:45:15,87,8.7
2024-12-17 18:45:16,102,10.2
2024-12-17 18:45:17,91,9.1
2024-12-17 18:45:18,124,12.4
2024-12-17 18:45:19,156,15.6
2024-12-17 18:45:20,71,7.1
2024-12-17 18:45:21,53,5.3
2024-12-17 18:45:22,67,6.7
2024-12-17 18:45:23,51,5.1
2024-12-17 18:45:24,155,15.5
2024-12-17 18:45:25,67,6.7
2024-12-17 18:45:26,117,11.7
2024-12-17 18:45:27,54,5.4
2024-12-17 18:45:28,64,6.4
2024-12-17 18:45:29,63,6.3
2024-12-17 18:45:30,113,11.3
2024-12-17 18:45:31,145,14.5
2024-12-17 18:45:32,63,6.3
2024-12-17 18:45:33,92,9.2
2024-12-17 18:45:34,69,6.9
2024-12-17 18:45:35,96,9.6
2024-12-17 18:45:36,145,14.5
2024-12-17 18:45:37,90,9.0
2024-12-17 18:45:38,53,5.3
2024-12-17 18:45:39,117,11.7
2024-12-17 18:45:40,131,13.1
2024-12-17 18:45:41,116,11.6
2024-12-17 18:45:42,90,9.0
2024-12-17 18:45:43,116,11.6
2024-12-17 18:45:44,124,12.4
2024-12-17 18:45:45,81,8.1
2024-12-17 18:45:46,64,6.4
2024-12-17 18:45:47,86,8.6
2024-12-17 18:45:48,110,11.0
2024-12-17 18:45:49,54,5.4
2024-12-17 18:45:50,148,14.8
2024-12-17 18:45:51,126,12.6
2024-12-17 18:45:52,120,12.0
2024-12-17 18:45:53,156,15.6
2024-12-17 18:45:54,134,13.4
2024-12-17 18:45:55,125,12.5
2024-12-17 18:45:56,106,10.6
2024-12-17 18:45:57,65,6.5
2024-12-17 18:45:58,85,8.5
2024-12-17 18:45:59,114,11.4
2024-12-17 18:46:00,148,14.8
2024-12-17 18:46:01,138,13.8
2024-12-17 18:46:02,58,5.8
2024-12-17 18:46:03,132,13.2
2024-12-17 18:46:04,85,8.5
2024-12-17 18:46:05,144,14.4
2024-12-17 18:46:06,160,16.0
2024-12-17 18:46:07,121,12.1
2024-12-17 18:46:08,51,5.1
2024-12-17 18:46:09,77,7.7
2024-12-17 18:46:10,51,5.1
2024-12-17 18:46:11,108,10.8
2024-12-17 18:46:12,51,5.1
2024-12-17 18:46:13,56,5.6
2024-12-17 18:46:14,64,6.4
2024-12-17 18:46:15,54,5.4
2024-12-17 18:46:16,81,8.1
2024-12-17 18:46:17,147,14.7
2024-12-17 18:46:18,131,13.1
2024-12-17 18:46:19,82,8.2
2024-12-17 18:46:20,151,15.1
2024-12-17 18:46:21,85,8.5
2024-12-17 18:46:22,152,15.2
2024-12-17 18:46:23,149,14.9
2024-12-17 18:46:24,113,11.3
2024-12-17 18:46:25,90,9.0
2024-12-17 18:46:26,151,15.1
2024-12-17 18:46:27,78,7.8
2024-12-17 18:46:28,117,11.7
2024-12-17 18:46:29,56,5.6
2024-12-17 18:46:30,126,12.6
2024-12-17 18:46:31,97,9.7
2024-12-17 18:46:32,122,12.2
2024-12-17 18:46:33,59,5.9
2024-12-17 18:46:34,148,14.8
2024-12-17 18:46:35,152,15.2
2024-12-17 18:46:36,144,14.4
2024-12-17 18:46:37,82,8.2
2024-12-17 18:46:38,124,12.4
2024-12-17 18:46:39,67,6.7
2024-12-17 18:46:40,93,9.3
2024-12-17 18:46:41,63,6.3
2024-12-17 18:46:42,54,5.4
2024-12-17 18:46:43,142,14.2
2024-12-17 18:46:44,160,16.0
2024-12-17 18:46:45,76,7.6
2024-12-17 18:46:46,138,13.8
2024-12-17 18:46:47,63,6.3
2024-12-17 18:46:48,141,14.1
2024-12-17 18:46:49,75,7.5
2024-12-17 18:46:50,157,15.7
2024-12-17 18:46:51,160,16.0
2024-12-17 18:46:52,156,15.6
2024-12-17 18:46:53,78,7.8
2024-12-17 18:46:54,50,5.0
2024-12-17 18:46:55,135,13.5
2024-12-17 18:46:56,97,9.7
2024-12-17 18:46:57,125,12.5
2024-12-17 18:46:58,110,11.0
2024-12-17 18:46:59,157,15.7
2024-12-17 18:47:00,143,14.3
2024-12-17 18:47:01,98,9.8
2024-12-17 18:47:02,144,14.4
2024-12-17 18:47:03,53,5.3
2024-12-17 18:47:04,80,8.0
2024-12-17 18:47:05,76,7.6
2024-12-17 18:47:06,117,11.7
2024-12-17 18:47:07,137,13.7
2024-12-17 18:47:08,104,10.4
2024-12-17 18:47:09,131,13.1
2024-12-17 18:47:10,109,10.9
2024-12-17 18:47:11,132,13.2
2024-12-17 18:47:12,120,12.0
2024-12-17 18:47:13,117,11.7
2024-12-17 18:47:14,116,11.6
2024-12-17 18:47:15,134,13.4
2024-12-17 18:47:16,106,10.6
2024-12-17 18:47:17,158,15.8
2024-12-17 18:47:18,88,8.8
2024-12-17 18:47:19,158,15.8
2024-12-17 18:47:20,140,14.0
2024-12-17 18:47:21,116,11.6
2024-12-17 18:47:22,75,7.5
2024-12-17 18:47:23,151,15.1
2024-12-17 18:47:24,155,15.5
2024-12-17 18:47:25,54,5.4
2024-12-17 18:47:26,158,15.8
2024-12-17 18:47:27,135,13.5
2024-12-17 18:47:28,108,10.8
2024-12-17 18:47:29,77,7.7
2024-12-17 18:47:30,139,13.9
2024-12-17 18:47:31,117,11.7
2024-12-17 18:47:32,78,7.8
2024-12-17 18:47:33,141,14.1
2024-12-17 18:47:34,57,5.7
2024-12-17 18:47:35,85,8.5
2024-12-17 18:47:36,129,12.9
2024-12-17 18:47:37,140,14.0
2024-12-17 18:47:38,57,5.7
2024-12-17 18:47:39,85,8.5
2024-12-17 18:47:40,106,10.6
2024-12-17 18:47:41,90,9.0
2024-12-17 18:47:42,154,15.4
2024-12-17 18:47:43,102,10.2
2024-12-17 18:47:44,141,14.1
2024-12-17 18:47:45,71,7.1
2024-12-17 18:47:46,83,8.3
2024-12-17 18:47:47,142,14.2
2024-12-17 18:47:48,147,14.7
2024-12-17 18:47:49,110,11.0
2024-12-17 18:47:50,137,13.7
2024-12-17 18:47:51,137,13.7
2024-12-17 18:47:52,107,10.7
2024-12-17 18:47:53,122,12.2
2024-12-17 18:47:54,119,11.9
2024-12-17 18:47:55,58,5.8
2024-12-17 18:47:56,132,13.2
2024-12-17 18:47:57,62,6.2
2024-12-17 18:47:58,53,5.3
2024-12-17 18:47:59,137,13.7
2024-12-17 18:48:00,158,15.8
2024-12-17 18:48:01,60,6.0
2024-12-17 18:48:02,94,9.4
2024-12-17 18:48:03,72,7.2
2024-12-17 18:48:04,129,12.9
2024-12-17 18:48:05,50,5.0
2024-12-17 18:48:06,106,10.6
2024-12-17 18:48:07,73,7.3
2024-12-17 18:48:08,52,5.2
2024-12-17 18:48:09,67,6.7
2024-12-17 18:48:10,125,12.5
2024-12-17 18:48:11,123,12.3
2024-12-17 18:48:12,141,14.1
2024-12-17 18:48:13,53,5.3
2024-12-17 18:48:14,145,14.5
2024-12-17 18:48:15,124,12.4
2024-12-17 18:48:16,96,9.6
2024-12-17 18:48:17,144,14.4
2024-12-17 18:48:18,63,6.3
2024-12-17 18:48:19,75,7.5
2024-12-17 18:48:20,110,11.0
2024-12-17 18:48:21,82,8.2
2024-12-17 18:48:22,117,11.7
2024-12-17 18:48:23,57,5.7
2024-12-17 18:48:24,120,12.0
2024-12-17 18:48:25,125,12.5
2024-12-17 18:48:26,118,11.8
2024-12-17 18:48:27,157,15.7
2024-12-17 18:48:28,106,10.6
2024-12-17 18:48:29,61,6.1
2024-12-17 18:48:30,81,8.1
2024-12-17 18:48:31,69,6.9
2024-12-17 18:48:32,108,10.8
2024-12-17 18:48:33,107,10.7
2024-12-17 18:48:34,155,15.5
2024-12-17 18:48:35,64,6.4
2024-12-17 18:48:36,134,13.4
2024-12-17 18:48:37,56,5.6
2024-12-17 18:48:38,77,7.7
2024-12-17 18:48:39,95,9.5
2024-12-17 18:48:40,154,15.4
2024-12-17 18:48:41,147,14.7
2024-12-17 18:48:42,99,9.9
2024-12-17 18:48:43,51,5.1
2024-12-17 18:48:44,119,11.9
2024-12-17 18:48:45,74,7.4
2024-12-17 18:48:46,129,12.9
2024-12-17 18:48:47,86,8.6
2024-12-17 18:48:48,142,14.2
2024-12-17 18:48:49,84,8.4
2024-12-17 18:48:50,150,15.0
2024-12-17 18:48:51,110,11.0
2024-12-17 18:48:52,83,8.3
2024-12-17 18:48:53,88,8.8
2024-12-17 18:48:54,63,6.3
2024-12-17 18:48:55,54,5.4
2024-12-17 18:48:56,54,5.4
2024-12-17 18:48:57,66,6.6
2024-12-17 18:48:58,62,6.2
2024-12-17 18:48:59,62,6.2
2024-12-17 18:49:00,150,15.0
2024-12-17 18:49:01,147,14.7
2024-12-17 18:49:02,56,5.6
2024-12-17 18:49:03,81,8.1
2024-12-17 18:49:04,89,8.9
2024-12-17 18:49:05,79,7.9
2024-12-17 18:49:06,101,10.1
2024-12-17 18:49:07,70,7.0
2024-12-17 18:49:08,152,15.2
2024-12-17 18:49:09,127,12.7
2024-12-17 18:49:10,160,16.0
2024-12-17 18:49:11,113,11.3
2024-12-17 18:49:12,100,10.0
2024-12-17 18:49:13,86,8.6
2024-12-17 18:49:14,70,7.0
2024-12-17 18:49:15,158,15.8
2024-12-17 18:49:16,133,13.3
2024-12-17 18:49:17,159,15.9
2024-12-17 18:49:18,86,8.6
2024-12-17 18:49:19,77,7.7
2024-12-17 18:49:20,107,10.7
2024-12-17 18:49:21,94,9.4
2024-12-17 18:49:22,82,8.2
2024-12-17 18:49:23,147,14.7
2024-12-17 18:49:24,80,8.0
2024-12-17 18:49:25,145,14.5
2024-12-17 18:49:26,77,7.7
2024-12-17 18:49:27,155,15.5
2024-12-17 18:49:28,65,6.5
2024-12-17 18:49:29,146,14.6
2024-12-17 18:49:30,79,7.9
2024-12-17 18:49:31,58,5.8
2024-12-17 18:49:32,51,5.1
2024-12-17 18:49:33,109,10.9
2024-12-17 18:49:34,112,11.2
2024-12-17 18:49:35,75,7.5
2024-12-17 18:49:36,112,11.2
2024-12-17 18:49:37,124,12.4
2024-12-17 18:49:38,117,11.7
2024-12-17 18:49:39,80,8.0
2024-12-17 18:49:40,103,10.3
2024-12-17 18:49:41,50,5.0
2024-12-17 18:49:42,108,10.8
2024-12-17 18:49:43,98,9.8
2024-12-17 18:49:44,94,9.4
2024-12-17 18:49:45,87,8.7
2024-12-17 18:49:46,109,10.9
2024-12-17 18:49:47,95,9.5
2024-12-17 18:49:48,99,9.9
2024-12-17 18:49:49,132,13.2
2024-12-17 18:49:50,84,8.4
2024-12-17 18:49:51,127,12.7
2024-12-17 18:49:52,142,14.2
2024-12-17 18:49:53,134,13.4
2024-12-17 18:49:54,125,12.5
2024-12-17 18:49:55,53,5.3
2024-12-17 18:49:56,71,7.1
2024-12-17 18:49:57,72,7.2
2024-12-17 18:49:58,137,13.7
2024-12-17 18:49:59,74,7.4
2024-12-17 18:50:00,60,6.0
2024-12-17 18:50:01,60,6.0
2024-12-17 18:50:02,64,6.4
2024-12-17 18:50:03,69,6.9
2024-12-17 18:50:04,130,13.0
2024-12-17 18:50:05,130,13.0
2024-12-17 18:50:06,152,15.2
2024-12-17 18:50:07,82,8.2
2024-12-17 18:50:08,135,13.5
2024-12-17 18:50:09,101,10.1
2024-12-17 18:50:10,160,16.0
2024-12-17 18:50:11,105,10.5
2024-12-17 18:50:12,111,11.1
2024-12-17 18:50:13,69,6.9
2024-12-17 18:50:14,117,11.7
2024-12-17 18:50:15,72,7.2
2024-12-17 18:50:16,91,9.1
2024-12-17 18:50:17,149,14.9
2024-12-17 18:50:18,113,11.3
2024-12-17 18:50:19,53,5.3
2024-12-17 18:50:20,138,13.8
2024-12-17 18:50:21,56,5.6
2024-12-17 18:50:22,101,10.1
2024-12-17 18:50:23,120,12.0
2024-12-17 18:50:24,146,14.6
2024-12-17 18:50:25,69,6.9
2024-12-17 18:50:26,67,6.7
2024-12-17 18:50:27,83,8.3
2024-12-17 18:50:28,75,7.5
2024-12-17 18:50:29,132,13.2
2024-12-17 18:50:30,133,13.3
2024-12-17 18:50:31,76,7.6
2024-12-17 18:50:32,87,8.7
2024-12-17 18:50:33,81,8.1
2024-12-17 18:50:34,139,13.9
2024-12-17 18:50:35,151,15.1
2024-12-17 18:50:36,52,5.2
2024-12-17 18:50:37,147,14.7
2024-12-17 18:50:38,77,7.7
2024-12-17 18:50:39,67,6.7
2024-12-17 18:50:40,69,6.9
2024-12-17 18:50:41,158,15.8
2024-12-17 18:50:42,150,15.0
2024-12-17 18:50:43,77,7.7
2024-12-17 18:50:44,119,11.9
2024-12-17 18:50:45,85,8.5
2024-12-17 18:50:46,76,7.6
2024-12-17 18:50:47,63,6.3
2024-12-17 18:50:48,118,11.8
2024-12-17 18:50:49,108,10.8
2024-12-17 18:50:50,126,12.6
2024-12-17 18:50:51,93,9.3
2024-12-17 18:50:52,75,7.5
2024-12-17 18:50:53,98,9.8
2024-12-17 18:50:54,60,6.0
2024-12-17 18:50:55,157,15.7
2024-12-17 18:50:56,118,11.8
2024-12-17 18:50:57,130,13.0
2024-12-17 18:50:58,78,7.8
2024-12-17 18:50:59,52,5.2
2024-12-17 18:51:00,155,15.5
2024-12-17 18:51:01,112,11.2
2024-12-17 18:51:02,86,8.6
2024-12-17 18:51:03,62,6.2
2024-12-17 18:51:04,152,15.2
2024-12-17 18:51:05,145,14.5
2024-12-17 18:51:06,159,15.9
2024-12-17 18:51:07,156,15.6
2024-12-17 18:51:08,121,12.1
2024-12-17 18:51:09,118,11.8
2024-12-17 18:51:10,92,9.2
2024-12-17 18:51:11,128,12.8
2024-12-17 18:51:12,145,14.5
2024-12-17 18:51:13,129,12.9
2024-12-17 18:51:14,73,7.3
2024-12-17 18:51:15,91,9.1
2024-12-17 18:51:16,115,11.5
2024-12-17 18:51:17,71,7.1
2024-12-17 18:51:18,112,11.2
2024-12-17 18:51:19,77,7.7
2024-12-17 18:51:20,158,15.8
2024-12-17 18:51:21,131,13.1
2024-12-17 18:51:22,56,5.6
2024-12-17 18:51:23,143,14.3
2024-12-17 18:51:24,123,12.3
2024-12-17 18:51:25,120,12.0
2024-12-17 18:51:26,132,13.2
2024-12-17 18:51:27,126,12.6
2024-12-17 18:51:28,113,11.3
2024-12-17 18:51:29,54,5.4
2024-12-17 18:51:30,64,6.4
2024-12-17 18:51:31,114,11.4
2024-12-17 18:51:32,51,5.1
2024-12-17 18:51:33,108,10.8
2024-12-17 18:51:34,78,7.8
2024-12-17 18:51:35,59,5.9
2024-12-17 18:51:36,83,8.3
2024-12-17 18:51:37,56,5.6
2024-12-17 18:51:38,131,13.1
2024-12-17 18:51:39,154,15.4
2024-12-17 18:51:40,138,13.8
2024-12-17 18:51:41,119,11.9
2024-12-17 18:51:42,122,12.2
2024-12-17 18:51:43,127,12.7
2024-12-17 18:51:44,154,15.4
2024-12-17 18:51:45,90,9.0
2024-12-17 18:51:46,121,12.1
2024-12-17 18:51:47,89,8.9
2024-12-17 18:51:48,140,14.0
2024-12-17 18:51:49,53,5.3
2024-12-17 18:51:50,121,12.1
2024-12-17 18:51:51,114,11.4
2024-12-17 18:51:52,112,11.2
2024-12-17 18:51:53,72,7.2
2024-12-17 18:51:54,145,14.5
2024-12-17 18:51:55,138,13.8
2024-12-17 18:51:56,85,8.5
2024-12-17 18:51:57,85,8.5
2024-12-17 18:51:58,113,11.3
2024-12-17 18:51:59,137,13.7
2024-12-17 18:52:00,58,5.8
2024-12-17 18:52:01,145,14.5
2024-12-17 18:52:02,59,5.9
2024-12-17 18:52:03,118,11.8
2024-12-17 18:52:04,95,9.5
2024-12-17 18:52:05,149,14.9
2024-12-17 18:52:06,135,13.5
2024-12-17 18:52:07,116,11.6
2024-12-17 18:52:08,100,10.0
2024-12-17 18:52:09,65,6.5
2024-12-17 18:52:10,52,5.2
2024-12-17 18:52:11,104,10.4
2024-12-17 18:52:12,100,10.0
2024-12-17 18:52:13,75,7.5
2024-12-17 18:52:14,131,13.1
2024-12-17 18:52:15,74,7.4
2024-12-17 18:52:16,100,10.0
2024-12-17 18:52:17,101,10.1
2024-12-17 18:52:18,89,8.9
2024-12-17 18:52:19,75,7.5
2024-12-17 18:52:20,93,9.3
2024-12-17 18:52:21,91,9.1
2024-12-17 18:52:22,56,5.6
2024-12-17 18:52:23,109,10.9
2024-12-17 18:52:24,157,15.7
2024-12-17 18:52:25,129,12.9
2024-12-17 18:52:26,92,9.2
2024-12-17 18:52:27,132,13.2
2024-12-17 18:52:28,86,8.6
2024-12-17 18:52:29,56,5.6
2024-12-17 18:52:30,82,8.2
2024-12-17 18:52:31,93,9.3
2024-12-17 18:52:32,73,7.3
2024-12-17 18:52:33,53,5.3
2024-12-17 18:52:34,121,12.1
2024-12-17 18:52:35,149,14.9
2024-12-17 18:52:36,118,11.8
2024-12-17 18:52:37,85,8.5
2024-12-17 18:52:38,84,8.4
2024-12-17 18:52:39,59,5.9
2024-12-17 18:52:40,70,7.0
2024-12-17 18:52:41,87,8.7
2024-12-17 18:52:42,145,14.5
2024-12-17 18:52:43,77,7.7
2024-12-17 18:52:44,73,7.3
2024-12-17 18:52:45,121,12.1
2024-12-17 18:52:46,57,5.7
2024-12-17 18:52:47,112,11.2
2024-12-17 18:52:48,75,7.5
2024-12-17 18:52:49,145,14.5
2024-12-17 18:52:50,108,10.8
2024-12-17 18:52:51,104,10.4
2024-12-17 18:52:52,78,7.8
2024-12-17 18:52:53,70,7.0
2024-12-17 18:52:54,86,8.6
2024-12-17 18:52:55,73,7.3
2024-12-17 18:52:56,56,5.6
2024-12-17 18:52:57,60,6.0
2024-12-17 18:52:58,99,9.9
2024-12-17 18:52:59,85,8.5
2024-12-17 18:53:00,116,11.6
2024-12-17 18:53:01,70,7.0
2024-12-17 18:53:02,123,12.3
2024-12-17 18:53:03,90,9.0
2024-12-17 18:53:04,124,12.4
2024-12-17 18:53:05,66,6.6
2024-12-17 18:53:06,94,9.4
2024-12-17 18:53:07,97,9.7
2024-12-17 18:53:08,118,11.8
2024-12-17 18:53:09,121,12.1
2024-12-17 18:53:10,56,5.6
2024-12-17 18:53:11,156,15.6
2024-12-17 18:53:12,141,14.1
2024-12-17 18:53:13,56,5.6
2024-12-17 18:53:14,88,8.8
2024-12-17 18:53:15,134,13.4
2024-12-17 18:53:16,146,14.6
2024-12-17 18:53:17,157,15.7
2024-12-17 18:53:18,127,12.7
2024-12-17 18:53:19,141,14.1
2024-12-17 18:53:20,75,7.5
2024-12-17 18:53:21,110,11.0
2024-12-17 18:53:22,137,13.7
2024-12-17 18:53:23,150,15.0
2024-12-17 18:53:24,69,6.9
2024-12-17 18:53:25,131,13.1
2024-12-17 18:53:26,119,11.9
2024-12-17 18:53:27,86,8.6
2024-12-17 18:53:28,92,9.2
2024-12-17 18:53:29,75,7.5
2024-12-17 18:53:30,151,15.1
2024-12-17 18:53:31,83,8.3
2024-12-17 18:53:32,88,8.8
2024-12-17 18:53:33,89,8.9
2024-12-17 18:53:34,75,7.5
2024-12-17 18:53:35,60,6.0
2024-12-17 18:53:36,102,10.2
2024-12-17 18:53:37,121,12.1
2024-12-17 18:53:38,125,12.5
2024-12-17 18:53:39,122,12.2
2024-12-17 18:53:40,145,14.5
2024-12-17 18:53:41,125,12.5
2024-12-17 18:53:42,98,9.8
2024-12-17 18:53:43,145,14.5
2024-12-17 18:53:44,119,11.9
2024-12-17 18:53:45,112,11.2
2024-12-17 18:53:46,116,11.6
2024-12-17 18:53:47,75,7.5
2024-12-17 18:53:48,147,14.7
2024-12-17 18:53:49,121,12.1
2024-12-17 18:53:50,105,10.5
2024-12-17 18:53:51,50,5.0
2024-12-17 18:53:52,88,8.8
2024-12-17 18:53:53,74,7.4
2024-12-17 18:53:54,68,6.8
2024-12-17 18:53:55,120,12.0
2024-12-17 18:53:56,145,14.5
2024-12-17 18:53:57,152,15.2
2024-12-17 18:53:58,68,6.8
2024-12-17 18:53:59,139,13.9
2024-12-17 18:54:00,89,8.9
2024-12-17 18:54:01,151,15.1
2024-12-17 18:54:02,142,14.2
2024-12-17 18:54:03,128,12.8
2024-12-17 18:54:04,107,10.7
2024-12-17 18:54:05,94,9.4
2024-12-17 18:54:06,130,13.0
2024-12-17 18:54:07,76,7.6
2024-12-17 18:54:08,133,13.3
2024-12-17 18:54:09,68,6.8
2024-12-17 18:54:10,111,11.1
2024-12-17 18:54:11,81,8.1
2024-12-17 18:54:12,144,14.4
2024-12-17 18:54:13,73,7.3
2024-12-17 18:54:14,147,14.7
2024-12-17 18:54:15,137,13.7
2024-12-17 18:54:16,108,10.8
2024-12-17 18:54:17,144,14.4
2024-12-17 18:54:18,77,7.7
2024-12-17 18:54:19,150,15.0
2024-12-17 18:54:20,74,7.4
2024-12-17 18:54:21,128,12.8
2024-12-17 18:54:22,133,13.3
2024-12-17 18:54:23,129,12.9
2024-12-17 18:54:24,68,6.8
2024-12-17 18:54:25,112,11.2
2024-12-17 18:54:26,60,6.0
2024-12-17 18:54:27,155,15.5
2024-12-17 18:54:28,103,10.3
2024-12-17 18:54:29,141,14.1
2024-12-17 18:54:30,83,8.3
2024-12-17 18:54:31,136,13.6
2024-12-17 18:54:32,58,5.8
2024-12-17 18:54:33,108,10.8
2024-12-17 18:54:34,68,6.8
2024-12-17 18:54:35,142,14.2
2024-12-17 18:54:36,71,7.1
2024-12-17 18:54:37,155,15.5
2024-12-17 18:54:38,98,9.8
2024-12-17 18:54:39,74,7.4
2024-12-17 18:54:40,71,7.1
2024-12-17 18:54:41,140,14.0
2024-12-17 18:54:42,91,9.1
2024-12-17 18:54:43,103,10.3
2024-12-17 18:54:44,86,8.6
2024-12-17 18:54:45,85,8.5
2024-12-17 18:54:46,141,14.1
2024-12-17 18:54:47,126,12.6
2024-12-17 18:54:48,88,8.8
2024-12-17 18:54:49,107,10.7
2024-12-17 18:54:50,56,5.6
2024-12-17 18:54:51,130,13.0
2024-12-17 18:54:52,98,9.8
2024-12-17 18:54:53,119,11.9
2024-12-17 18:54:54,57,5.7
2024-12-17 18:54:55,100,10.0
2024-12-17 18:54:56,113,11.3
2024-12-17 18:54:57,90,9.0
2024-12-17 18:54:58,150,15.0
2024-12-17 18:54:59,140,14.0
2024-12-17 18:55:00,150,15.0
2024-12-17 18:55:01,116,11.6
2024-12-17 18:55:02,140,14.0
2024-12-17 18:55:03,122,12.2
2024-12-17 18:55:04,98,9.8
2024-12-17 18:55:05,118,11.8
2024-12-17 18:55:06,137,13.7
2024-12-17 18:55:07,74,7.4
2024-12-17 18:55:08,52,5.2
2024-12-17 18:55:09,60,6.0
2024-12-17 18:55:10,54,5.4
2024-12-17 18:55:11,66,6.6
2024-12-17 18:55:12,81,8.1
2024-12-17 18:55:13,55,5.5
2024-12-17 18:55:14,68,6.8
2024-12-17 18:55:15,89,8.9
2024-12-17 18:55:16,51,5.1
2024-12-17 18:55:17,105,10.5
2024-12-17 18:55:18,105,10.5
2024-12-17 18:55:19,79,7.9
2024-12-17 18:55:20,156,15.6
2024-12-17 18:55:21,158,15.8
2024-12-17 18:55:22,89,8.9
2024-12-17 18:55:23,76,7.6
2024-12-17 18:55:24,109,10.9
2024-12-17 18:55:25,106,10.6
2024-12-17 18:55:26,65,6.5
2024-12-17 18:55:27,96,9.6
2024-12-17 18:55:28,105,10.5
2024-12-17 18:55:29,135,13.5
2024-12-17 18:55:30,144,14.4
2024-12-17 18:55:31,126,12.6
2024-12-17 18:55:32,146,14.6
2024-12-17 18:55:33,76,7.6
2024-12-17 18:55:34,95,9.5
2024-12-17 18:55:35,120,12.0
2024-12-17 18:55:36,53,5.3
2024-12-17 18:55:37,151,15.1
2024-12-17 18:55:38,154,15.4
2024-12-17 18:55:39,57,5.7
2024-12-17 18:55:40,60,6.0
2024-12-17 18:55:41,117,11.7
2024-12-17 18:55:42,150,15.0
2024-12-17 18:55:43,127,12.7
2024-12-17 18:55:44,101,10.1
2024-12-17 18:55:45,60,6.0
2024-12-17 18:55:46,65,6.5
2024-12-17 18:55:47,136,13.6
2024-12-17 18:55:48,99,9.9
2024-12-17 18:55:49,146,14.6
2024-12-17 18:55:50,102,10.2
2024-12-17 18:55:51,142,14.2
2024-12-17 18:55:52,118,11.8
2024-12-17 18:55:53,158,15.8
2024-12-17 18:55:54,73,7.3
2024-12-17 18:55:55,118,11.8
2024-12-17 18:55:56,77,7.7
2024-12-17 18:55:57,108,10.8
2024-12-17 18:55:58,124,12.4
2024-12-17 18:55:59,59,5.9
2024-12-17 18:56:00,64,6.4
2024-12-17 18:56:01,100,10.0
2024-12-17 18:56:02,58,5.8
2024-12-17 18:56:03,68,6.8
2024-12-17 18:56:04,66,6.6
2024-12-17 18:56:05,54,5.4
2024-12-17 18:56:06,118,11.8
2024-12-17 18:56:07,142,14.2
2024-12-17 18:56:08,60,6.0
2024-12-17 18:56:09,70,7.0
2024-12-17 18:56:10,55,5.5
2024-12-17 18:56:11,81,8.1
2024-12-17 18:56:12,120,12.0
2024-12-17 18:56:13,87,8.7
2024-12-17 18:56:14,83,8.3
2024-12-17 18:56:15,91,9.1
2024-12-17 18:56:16,70,7.0
2024-12-17 18:56:17,72,7.2
2024-12-17 18:56:18,67,6.7
2024-12-17 18:56:19,141,14.1
2024-12-17 18:56:20,96,9.6
2024-12-17 18:56:21,79,7.9
2024-12-17 18:56:22,148,14.8
2024-12-17 18:56:23,125,12.5
2024-12-17 18:56:24,113,11.3
2024-12-17 18:56:25,135,13.5
2024-12-17 18:56:26,60,6.0
2024-12-17 18:56:27,67,6.7
2024-12-17 18:56:28,95,9.5
2024-12-17 18:56:29,106,10.6
2024-12-17 18:56:30,63,6.3
2024-12-17 18:56:31,153,15.3
2024-12-17 18:56:32,123,12.3
2024-12-17 18:56:33,59,5.9
2024-12-17 18:56:34,76,7.6
2024-12-17 18:56:35,50,5.0
2024-12-17 18:56:36,57,5.7
2024-12-17 18:56:37,124,12.4
2024-12-17 18:56:38,139,13.9
2024-12-17 18:56:39,124,12.4
2024-12-17 18:56:40,75,7.5
2024-12-17 18:56:41,153,15.3
2024-12-17 18:56:42,154,15.4
2024-12-17 18:56:43,121,12.1
2024-12-17 18:56:44,93,9.3
2024-12-17 18:56:45,107,10.7
2024-12-17 18:56:46,151,15.1
2024-12-17 18:56:47,148,14.8
2024-12-17 18:56:48,80,8.0
2024-12-17 18:56:49,121,12.1
2024-12-17 18:56:50,145,14.5
2024-12-17 18:56:51,68,6.8
2024-12-17 18:56:52,106,10.6
2024-12-17 18:56:53,112,11.2
2024-12-17 18:56:54,158,15.8
2024-12-17 18:56:55,113,11.3
2024-12-17 18:56:56,100,10.0
2024-12-17 18:56:57,109,10.9
2024-12-17 18:56:58,90,9.0
2024-12-17 18:56:59,86,8.6
2024-12-17 18:57:00,136,13.6
2024-12-17 18:57:01,121,12.1
2024-12-17 18:57:02,138,13.8
2024-12-17 18:57:03,119,11.9
2024-12-17 18:57:04,59,5.9
2024-12-17 18:57:05,158,15.8
2024-12-17 18:57:06,74,7.4
2024-12-17 18:57:07,102,10.2
2024-12-17 18:57:08,142,14.2
2024-12-17 18:57:09,137,13.7
2024-12-17 18:57:10,106,10.6
2024-12-17 18:57:11,117,11.7
2024-12-17 18:57:12,133,13.3
2024-12-17 18:57:13,50,5.0
2024-12-17 18:57:14,111,11.1
2024-12-17 18:57:15,116,11.6
2024-12-17 18:57:16,54,5.4
2024-12-17 18:57:17,125,12.5
2024-12-17 18:57:18,137,13.7
2024-12-17 18:57:19,110,11.0
2024-12-17 18:57:20,141,14.1
2024-12-17 18:57:21,155,15.5
2024-12-17 18:57:22,157,15.7
2024-12-17 18:57:23,59,5.9
2024-12-17 18:57:24,140,14.0
2024-12-17 18:57:25,93,9.3
2024-12-17 18:57:26,145,14.5
2024-12-17 18:57:27,104,10.4
2024-12-17 18:57:28,79,7.9
2024-12-17 18:57:29,140,14.0
2024-12-17 18:57:30,62,6.2
2024-12-17 18:57:31,144,14.4
2024-12-17 18:57:32,70,7.0
2024-12-17 18:57:33,130,13.0
2024-12-17 18:57:34,148,14.8
2024-12-17 18:57:35,103,10.3
2024-12-17 18:57:36,60,6.0
2024-12-17 18:57:37,56,5.6
2024-12-17 18:57:38,144,14.4
2024-12-17 18:57:39,111,11.1
2024-12-17 18:57:40,101,10.1
2024-12-17 18:57:41,71,7.1
2024-12-17 18:57:42,80,8.0
2024-12-17 18:57:43,89,8.9
2024-12-17 18:57:44,91,9.1
2024-12-17 18:57:45,75,7.5
2024-12-17 18:57:46,123,12.3
2024-12-17 18:57:47,160,16.0
2024-12-17 18:57:48,122,12.2
2024-12-17 18:57:49,103,10.3
2024-12-17 18:57:50,137,13.7
2024-12-17 18:57:51,152,15.2
2024-12-17 18:57:52,66,6.6
2024-12-17 18:57:53,50,5.0
2024-12-17 18:57:54,138,13.8
2024-12-17 18:57:55,129,12.9
2024-12-17 18:57:56,159,15.9
2024-12-17 18:57:57,67,6.7
2024-12-17 18:57:58,97,9.7
2024-12-17 18:57:59,140,14.0
2024-12-17 18:58:00,88,8.8
2024-12-17 18:58:01,122,12.2
2024-12-17 18:58:02,126,12.6
2024-12-17 18:58:03,150,15.0
2024-12-17 18:58:04,154,15.4
2024-12-17 18:58:05,112,11.2
2024-12-17 18:58:06,117,11.7
2024-12-17 18:58:07,138,13.8
2024-12-17 18:58:08,132,13.2
2024-12-17 18:58:09,67,6.7
2024-12-17 18:58:10,129,12.9
2024-12-17 18:58:11,98,9.8
2024-12-17 18:58:12,58,5.8
2024-12-17 18:58:13,83,8.3
2024-12-17 18:58:14,51,5.1
2024-12-17 18:58:15,143,14.3
2024-12-17 18:58:16,78,7.8
2024-12-17 18:58:17,152,15.2
2024-12-17 18:58:18,56,5.6
2024-12-17 18:58:19,113,11.3
2024-12-17 18:58:20,64,6.4
2024-12-17 18:58:21,94,9.4
2024-12-17 18:58:22,110,11.0
2024-12-17 18:58:23,119,11.9
2024-12-17 18:58:24,153,15.3
2024-12-17 18:58:25,68,6.8
2024-12-17 18:58:26,64,6.4
2024-12-17 18:58:27,103,10.3
2024-12-17 18:58:28,129,12.9
2024-12-17 18:58:29,110,11.0
2024-12-17 18:58:30,58,5.8
2024-12-17 18:58:31,88,8.8
2024-12-17 18:58:32,92,9.2
2024-12-17 18:58:33,55,5.5
2024-12-17 18:58:34,102,10.2
2024-12-17 18:58:35,154,15.4
2024-12-17 18:58:36,84,8.4
2024-12-17 18:58:37,74,7.4
2024-12-17 18:58:38,61,6.1
2024-12-17 18:58:39,64,6.4
2024-12-17 18:58:40,121,12.1
2024-12-17 18:58:41,64,6.4
2024-12-17 18:58:42,145,14.5
2024-12-17 18:58:43,100,10.0
2024-12-17 18:58:44,104,10.4
2024-12-17 18:58:45,93,9.3
2024-12-17 18:58:46,137,13.7
2024-12-17 18:58:47,58,5.8
2024-12-17 18:58:48,139,13.9
2024-12-17 18:58:49,137,13.7
2024-12-17 18:58:50,116,11.6
2024-12-17 18:58:51,146,14.6
2024-12-17 18:58:52,154,15.4
2024-12-17 18:58:53,155,15.5
2024-12-17 18:58:54,112,11.2
2024-12-17 18:58:55,109,10.9
2024-12-17 18:58:56,114,11.4
2024-12-17 18:58:57,128,12.8
2024-12-17 18:58:58,77,7.7
2024-12-17 18:58:59,148,14.8
2024-12-17 18:59:00,72,7.2
2024-12-17 18:59:01,131,13.1
2024-12-17 18:59:02,146,14.6
2024-12-17 18:59:03,118,11.8
2024-12-17 18:59:04,51,5.1
2024-12-17 18:59:05,56,5.6
2024-12-17 18:59:06,116,11.6
2024-12-17 18:59:07,103,10.3
2024-12-17 18:59:08,147,14.7
2024-12-17 18:59:09,112,11.2
2024-12-17 18:59:10,95,9.5
2024-12-17 18:59:11,137,13.7
2024-12-17 18:59:12,123,12.3
2024-12-17 18:59:13,73,7.3
2024-12-17 18:59:14,156,15.6
2024-12-17 18:59:15,109,10.9
2024-12-17 18:59:16,100,10.0
2024-12-17 18:59:17,128,12.8
2024-12-17 18:59:18,111,11.1
2024-12-17 18:59:19,138,13.8
2024-12-17 18:59:20,99,9.9
2024-12-17 18:59:21,107,10.7
2024-12-17 18:59:22,158,15.8
2024-12-17 18:59:23,59,5.9
2024-12-17 18:59:24,85,8.5
2024-12-17 18:59:25,78,7.8
2024-12-17 18:59:26,84,8.4
2024-12-17 18:59:27,101,10.1
2024-12-17 18:59:28,82,8.2
2024-12-17 18:59:29,55,5.5
2024-12-17 18:59:30,146,14.6
2024-12-17 18:59:31,92,9.2
2024-12-17 18:59:32,138,13.8
2024-12-17 18:59:33,108,10.8
2024-12-17 18:59:34,96,9.6
2024-12-17 18:59:35,122,12.2
2024-12-17 18:59:36,127,12.7
2024-12-17 18:59:37,149,14.9
2024-12-17 18:59:38,127,12.7
2024-12-17 18:59:39,68,6.8
2024-12-17 18:59:40,153,15.3
2024-12-17 18:59:41,92,9.2
2024-12-17 18:59:42,81,8.1
2024-12-17 18:59:43,65,6.5
2024-12-17 18:59:44,80,8.0
2024-12-17 18:59:45,144,14.4
2024-12-17 18:59:46,120,12.0
2024-12-17 18:59:47,78,7.8
2024-12-17 18:59:48,158,15.8
2024-12-17 18:59:49,160,16.0
2024-12-17 18:59:50,87,8.7
2024-12-17 18:59:51,89,8.9
2024-12-17 18:59:52,91,9.1
2024-12-17 18:59:53,86,8.6
2024-12-17 18:59:54,135,13.5
2024-12-17 18:59:55,155,15.5
2024-12-17 18:59:56,117,11.7
2024-12-17 18:59:57,59,5.9
2024-12-17 18:59:58,137,13.7
2024-12-17 18:59:59,106,10.6
2024-12-17 19:00:00,108,10.8
2024-12-17 19:00:01,80,8.0
2024-12-17 19:00:02,154,15.4
2024-12-17 19:00:03,92,9.2
2024-12-17 19:00:04,122,12.2
2024-12-17 19:00:05,71,7.1
2024-12-17 19:00:06,148,14.8
2024-12-17 19:00:07,70,7.0
2024-12-17 19:00:08,160,16.0
2024-12-17 19:00:09,152,15.2
2024-12-17 19:00:10,137,13.7
2024-12-17 19:00:11,128,12.8
2024-12-17 19:00:12,113,11.3
2024-12-17 19:00:13,108,10.8
2024-12-17 19:00:14,143,14.3
2024-12-17 19:00:15,50,5.0
2024-12-17 19:00:16,108,10.8
2024-12-17 19:00:17,144,14.4
2024-12-17 19:00:18,146,14.6
2024-12-17 19:00:19,119,11.9
2024-12-17 19:00:20,76,7.6
2024-12-17 19:00:21,98,9.8
2024-12-17 19:00:22,81,8.1
2024-12-17 19:00:23,61,6.1
2024-12-17 19:00:24,68,6.8
2024-12-17 19:00:25,160,16.0
2024-12-17 19:00:26,66,6.6
2024-12-17 19:00:27,62,6.2
2024-12-17 19:00:28,93,9.3
2024-12-17 19:00:29,82,8.2
2024-12-17 19:00:30,105,10.5
2024-12-17 19:00:31,78,7.8
2024-12-17 19:00:32,124,12.4
2024-12-17 19:00:33,52,5.2
2024-12-17 19:00:34,55,5.5
2024-12-17 19:00:35,130,13.0
2024-12-17 19:00:36,89,8.9
2024-12-17 19:00:37,153,15.3
2024-12-17 19:00:38,119,11.9
2024-12-17 19:00:39,153,15.3
2024-12-17 19:00:40,72,7.2
2024-12-17 19:00:41,133,13.3
2024-12-17 19:00:42,122,12.2
2024-12-17 19:00:43,64,6.4
2024-12-17 19:00:44,138,13.8
2024-12-17 19:00:45,94,9.4
2024-12-17 19:00:46,54,5.4
2024-12-17 19:00:47,85,8.5
2024-12-17 19:00:48,117,11.7
2024-12-17 19:00:49,152,15.2
2024-12-17 19:00:50,91,9.1
2024-12-17 19:00:51,143,14.3
2024-12-17 19:00:52,63,6.3
2024-12-17 19:00:53,52,5.2
2024-12-17 19:00:54,116,11.6
2024-12-17 19:00:55,93,9.3
2024-12-17 19:00:56,54,5.4
2024-12-17 19:00:57,126,12.6
2024-12-17 19:00:58,149,14.9
2024-12-17 19:00:59,156,15.6
2024-12-17 19:01:00,138,13.8
2024-12-17 19:01:01,106,10.6
2024-12-17 19:01:02,133,13.3
2024-12-17 19:01:03,71,7.1
2024-12-17 19:01:04,65,6.5
2024-12-17 19:01:05,160,16.0
2024-12-17 19:01:06,111,11.1
2024-12-17 19:01:07,65,6.5
2024-12-17 19:01:08,121,12.1
2024-12-17 19:01:09,93,9.3
2024-12-17 19:01:10,134,13.4
2024-12-17 19:01:11,125,12.5
2024-12-17 19:01:12,91,9.1
2024-12-17 19:01:13,66,6.6
2024-12-17 19:01:14,72,7.2
2024-12-17 19:01:15,85,8.5
2024-12-17 19:01:16,122,12.2
2024-12-17 19:01:17,145,14.5
2024-12-17 19:01:18,150,15.0
2024-12-17 19:01:19,80,8.0
2024-12-17 19:01:20,94,9.4
2024-12-17 19:01:21,83,8.3
2024-12-17 19:01:22,74,7.4
2024-12-17 19:01:23,103,10.3
2024-12-17 19:01:24,97,9.7
2024-12-17 19:01:25,139,13.9
2024-12-17 19:01:26,81,8.1
2024-12-17 19:01:27,87,8.7
2024-12-17 19:01:28,88,8.8
2024-12-17 19:01:29,148,14.8
2024-12-17 19:01:30,106,10.6
2024-12-17 19:01:31,79,7.9
2024-12-17 19:01:32,151,15.1
2024-12-17 19:01:33,141,14.1
2024-12-17 19:01:34,89,8.9
2024-12-17 19:01:35,86,8.6
2024-12-17 19:01:36,121,12.1
2024-12-17 19:01:37,76,7.6
2024-12-17 19:01:38,98,9.8
2024-12-17 19:01:39,144,14.4
2024-12-17 19:01:40,121,12.1
2024-12-17 19:01:41,147,14.7
2024-12-17 19:01:42,72,7.2
2024-12-17 19:01:43,110,11.0
2024-12-17 19:01:44,100,10.0
2024-12-17 19:01:45,99,9.9
2024-12-17 19:01:46,63,6.3
2024-12-17 19:01:47,54,5.4
2024-12-17 19:01:48,57,5.7
2024-12-17 19:01:49,97,9.7
2024-12-17 19:01:50,143,14.3
2024-12-17 19:01:51,52,5.2
2024-12-17 19:01:52,86,8.6
2024-12-17 19:01:53,76,7.6
2024-12-17 19:01:54,112,11.2
2024-12-17 19:01:55,139,13.9
2024-12-17 19:01:56,133,13.3
2024-12-17 19:01:57,66,6.6
2024-12-17 19:01:58,114,11.4
2024-12-17 19:01:59,70,7.0
2024-12-17 19:02:00,143,14.3
2024-12-17 19:02:01,59,5.9
2024-12-17 19:02:02,141,14.1
2024-12-17 19:02:03,127,12.7
2024-12-17 19:02:04,59,5.9
2024-12-17 19:02:05,91,9.1
2024-12-17 19:02:06,63,6.3
2024-12-17 19:02:07,100,10.0
2024-12-17 19:02:08,153,15.3
2024-12-17 19:02:09,126,12.6
2024-12-17 19:02:10,73,7.3
2024-12-17 19:02:11,87,8.7
2024-12-17 19:02:12,115,11.5
2024-12-17 19:02:13,68,6.8
2024-12-17 19:02:14,74,7.4
2024-12-17 19:02:15,73,7.3
2024-12-17 19:02:16,122,12.2
2024-12-17 19:02:17,117,11.7
2024-12-17 19:02:18,98,9.8
2024-12-17 19:02:19,154,15.4
2024-12-17 19:02:20,109,10.9
2024-12-17 19:02:21,149,14.9
2024-12-17 19:02:22,67,6.7
2024-12-17 19:02:23,104,10.4
2024-12-17 19:02:24,61,6.1
2024-12-17 19:02:25,94,9.4
2024-12-17 19:02:26,123,12.3
2024-12-17 19:02:27,153,15.3
2024-12-17 19:02:28,141,14.1
2024-12-17 19:02:29,54,5.4
2024-12-17 19:02:30,126,12.6
2024-12-17 19:02:31,123,12.3
2024-12-17 19:02:32,142,14.2
2024-12-17 19:02:33,142,14.2
2024-12-17 19:02:34,62,6.2
2024-12-17 19:02:35,142,14.2
2024-12-17 19:02:36,64,6.4
2024-12-17 19:02:37,106,10.6
2024-12-17 19:02:38,73,7.3
2024-12-17 19:02:39,102,10.2
2024-12-17 19:02:40,130,13.0
2024-12-17 19:02:41,118,11.8
2024-12-17 19:02:42,124,12.4
2024-12-17 19:02:43,101,10.1
2024-12-17 19:02:44,96,9.6
2024-12-17 19:02:45,81,8.1
2024-12-17 19:02:46,149,14.9
2024-12-17 19:02:47,101,10.1
2024-12-17 19:02:48,138,13.8
2024-12-17 19:02:49,54,5.4
2024-12-17 19:02:50,106,10.6
2024-12-17 19:02:51,59,5.9
2024-12-17 19:02:52,130,13.0
2024-12-17 19:02:53,96,9.6
2024-12-17 19:02:54,66,6.6
2024-12-17 19:02:55,55,5.5
2024-12-17 19:02:56,58,5.8
2024-12-17 19:02:57,111,11.1
2024-12-17 19:02:58,116,11.6
2024-12-17 19:02:59,106,10.6
2024-12-17 19:03:00,85,8.5
2024-12-17 19:03:01,160,16.0
2024-12-17 19:03:02,137,13.7
2024-12-17 19:03:03,134,13.4
2024-12-17 19:03:04,141,14.1
2024-12-17 19:03:05,118,11.8
2024-12-17 19:03:06,77,7.7
2024-12-17 19:03:07,61,6.1
2024-12-17 19:03:08,116,11.6
2024-12-17 19:03:09,139,13.9
2024-12-17 19:03:10,68,6.8
2024-12-17 19:03:11,156,15.6
2024-12-17 19:03:12,133,13.3
2024-12-17 19:03:13,99,9.9
2024-12-17 19:03:14,122,12.2
2024-12-17 19:03:15,115,11.5
2024-12-17 19:03:16,112,11.2
2024-12-17 19:03:17,69,6.9
2024-12-17 19:03:18,123,12.3
2024-12-17 19:03:19,116,11.6
2024-12-17 19:03:20,115,11.5
2024-12-17 19:03:21,70,7.0
2024-12-17 19:03:22,93,9.3
2024-12-17 19:03:23,72,7.2
2024-12-17 19:03:24,90,9.0
2024-12-17 19:03:25,66,6.6
2024-12-17 19:03:26,146,14.6
2024-12-17 19:03:27,108,10.8
2024-12-17 19:03:28,157,15.7
2024-12-17 19:03:29,116,11.6
2024-12-17 19:03:30,53,5.3
2024-12-17 19:03:31,73,7.3
2024-12-17 19:03:32,106,10.6
2024-12-17 19:03:33,146,14.6
2024-12-17 19:03:34,74,7.4
2024-12-17 19:03:35,88,8.8
2024-12-17 19:03:36,68,6.8
2024-12-17 19:03:37,108,10.8
2024-12-17 19:03:38,50,5.0
2024-12-17 19:03:39,104,10.4
2024-12-17 19:03:40,92,9.2
2024-12-17 19:03:41,137,13.7
2024-12-17 19:03:42,96,9.6
2024-12-17 19:03:43,89,8.9
2024-12-17 19:03:44,128,12.8
2024-12-17 19:03:45,128,12.8
2024-12-17 19:03:46,151,15.1
2024-12-17 19:03:47,128,12.8
2024-12-17 19:03:48,140,14.0
2024-12-17 19:03:49,157,15.7
2024-12-17 19:03:50,139,13.9
2024-12-17 19:03:51,123,12.3
2024-12-17 19:03:52,75,7.5
2024-12-17 19:03:53,112,11.2
2024-12-17 19:03:54,74,7.4
2024-12-17 19:03:55,53,5.3
2024-12-17 19:03:56,159,15.9
2024-12-17 19:03:57,154,15.4
2024-12-17 19:03:58,153,15.3
2024-12-17 19:03:59,50,5.0
2024-12-17 19:04:00,129,12.9
2024-12-17 19:04:01,143,14.3
2024-12-17 19:04:02,126,12.6
2024-12-17 19:04:03,105,10.5
2024-12-17 19:04:04,71,7.1
2024-12-17 19:04:05,72,7.2
2024-12-17 19:04:06,56,5.6
2024-12-17 19:04:07,115,11.5
2024-12-17 19:04:08,88,8.8
2024-12-17 19:04:09,89,8.9
2024-12-17 19:04:10,62,6.2
2024-12-17 19:04:11,141,14.1
2024-12-17 19:04:12,89,8.9
2024-12-17 19:04:13,82,8.2
2024-12-17 19:04:14,116,11.6
2024-12-17 19:04:15,124,12.4
2024-12-17 19:04:16,136,13.6
2024-12-17 19:04:17,151,15.1
2024-12-17 19:04:18,106,10.6
2024-12-17 19:04:19,104,10.4
2024-12-17 19:04:20,140,14.0
2024-12-17 19:04:21,137,13.7
2024-12-17 19:04:22,96,9.6
2024-12-17 19:04:23,135,13.5
2024-12-17 19:04:24,62,6.2
2024-12-17 19:04:25,87,8.7
2024-12-17 19:04:26,146,14.6
2024-12-17 19:04:27,151,15.1
2024-12-17 19:04:28,113,11.3
2024-12-17 19:04:29,118,11.8
2024-12-17 19:04:30,157,15.7
2024-12-17 19:04:31,65,6.5
2024-12-17 19:04:32,89,8.9
2024-12-17 19:04:33,160,16.0
2024-12-17 19:04:34,131,13.1
2024-12-17 19:04:35,119,11.9
2024-12-17 19:04:36,70,7.0
2024-12-17 19:04:37,112,11.2
2024-12-17 19:04:38,72,7.2
2024-12-17 19:04:39,61,6.1
2024-12-17 19:04:40,154,15.4
2024-12-17 19:04:41,87,8.7
2024-12-17 19:04:42,86,8.6
2024-12-17 19:04:43,66,6.6
2024-12-17 19:04:44,57,5.7
2024-12-17 19:04:45,85,8.5
2024-12-17 19:04:46,114,11.4
2024-12-17 19:04:47,148,14.8
2024-12-17 19:04:48,153,15.3
2024-12-17 19:04:49,110,11.0
2024-12-17 19:04:50,102,10.2
2024-12-17 19:04:51,125,12.5
2024-12-17 19:04:52,107,10.7
2024-12-17 19:04:53,63,6.3
2024-12-17 19:04:54,143,14.3
2024-12-17 19:04:55,127,12.7
2024-12-17 19:04:56,92,9.2
2024-12-17 19:04:57,61,6.1
2024-12-17 19:04:58,83,8.3
2024-12-17 19:04:59,110,11.0
2024-12-17 19:05:00,115,11.5
2024-12-17 19:05:01,158,15.8
2024-12-17 19:05:02,145,14.5
2024-12-17 19:05:03,70,7.0
2024-12-17 19:05:04,63,6.3
2024-12-17 19:05:05,159,15.9
2024-12-17 19:05:06,87,8.7
2024-12-17 19:05:07,104,10.4
2024-12-17 19:05:08,69,6.9
2024-12-17 19:05:09,53,5.3
2024-12-17 19:05:10,121,12.1
2024-12-17 19:05:11,141,14.1
2024-12-17 19:05:12,60,6.0
2024-12-17 19:05:13,159,15.9
2024-12-17 19:05:14,82,8.2
2024-12-17 19:05:15,65,6.5
2024-12-17 19:05:16,69,6.9
2024-12-17 19:05:17,105,10.5
2024-12-17 19:05:18,101,10.1
2024-12-17 19:05:19,151,15.1
2024-12-17 19:05:20,144,14.4
2024-12-17 19:05:21,114,11.4
2024-12-17 19:05:22,78,7.8
2024-12-17 19:05:23,118,11.8
2024-12-17 19:05:24,85,8.5
2024-12-17 19:05:25,60,6.0
2024-12-17 19:05:26,91,9.1
2024-12-17 19:05:27,156,15.6
2024-12-17 19:05:28,156,15.6
2024-12-17 19:05:29,67,6.7
2024-12-17 19:05:30,64,6.4
2024-12-17 19:05:31,94,9.4
2024-12-17 19:05:32,80,8.0
2024-12-17 19:05:33,60,6.0
2024-12-17 19:05:34,158,15.8
2024-12-17 19:05:35,79,7.9
2024-12-17 19:05:36,133,13.3
2024-12-17 19:05:37,125,12.5
2024-12-17 19:05:38,115,11.5
2024-12-17 19:05:39,146,14.6
2024-12-17 19:05:40,119,11.9
2024-12-17 19:05:41,74,7.4
2024-12-17 19:05:42,84,8.4
2024-12-17 19:05:43,87,8.7
2024-12-17 19:05:44,79,7.9
2024-12-17 19:05:45,154,15.4
2024-12-17 19:05:46,105,10.5
2024-12-17 19:05:47,78,7.8
2024-12-17 19:05:48,127,12.7
2024-12-17 19:05:49,94,9.4
2024-12-17 19:05:50,63,6.3
2024-12-17 19:05:51,121,12.1
2024-12-17 19:05:52,153,15.3
2024-12-17 19:05:53,93,9.3
2024-12-17 19:05:54,83,8.3
2024-12-17 19:05:55,51,5.1
2024-12-17 19:05:56,142,14.2
2024-12-17 19:05:57,90,9.0
2024-12-17 19:05:58,124,12.4
2024-12-17 19:05:59,103,10.3
2024-12-17 19:06:00,105,10.5
2024-12-17 19:06:01,115,11.5
2024-12-17 19:06:02,120,12.0
2024-12-17 19:06:03,116,11.6
2024-12-17 19:06:04,71,7.1
2024-12-17 19:06:05,110,11.0
2024-12-17 19:06:06,154,15.4
2024-12-17 19:06:07,114,11.4
2024-12-17 19:06:08,66,6.6
2024-12-17 19:06:09,63,6.3
2024-12-17 19:06:10,110,11.0
2024-12-17 19:06:11,95,9.5
2024-12-17 19:06:12,104,10.4
2024-12-17 19:06:13,85,8.5
2024-12-17 19:06:14,144,14.4
2024-12-17 19:06:15,117,11.7
2024-12-17 19:06:16,134,13.4
2024-12-17 19:06:17,143,14.3
2024-12-17 19:06:18,83,8.3
2024-12-17 19:06:19,96,9.6
2024-12-17 19:06:20,116,11.6
2024-12-17 19:06:21,91,9.1
2024-12-17 19:06:22,60,6.0
2024-12-17 19:06:23,63,6.3
2024-12-17 19:06:24,114,11.4
2024-12-17 19:06:25,94,9.4
2024-12-17 19:06:26,67,6.7
2024-12-17 19:06:27,152,15.2
2024-12-17 19:06:28,89,8.9
2024-12-17 19:06:29,118,11.8
2024-12-17 19:06:30,121,12.1
2024-12-17 19:06:31,146,14.6
2024-12-17 19:06:32,92,9.2
2024-12-17 19:06:33,90,9.0
2024-12-17 19:06:34,147,14.7
2024-12-17 19:06:35,138,13.8
2024-12-17 19:06:36,121,12.1
2024-12-17 19:06:37,159,15.9
2024-12-17 19:06:38,90,9.0
2024-12-17 19:06:39,97,9.7
2024-12-17 19:06:40,154,15.4
2024-12-17 19:06:41,54,5.4
2024-12-17 19:06:42,83,8.3
2024-12-17 19:06:43,131,13.1
2024-12-17 19:06:44,121,12.1
2024-12-17 19:06:45,153,15.3
2024-12-17 19:06:46,58,5.8
2024-12-17 19:06:47,123,12.3
2024-12-17 19:06:48,88,8.8
2024-12-17 19:06:49,78,7.8
2024-12-17 19:06:50,58,5.8
2024-12-17 19:06:51,94,9.4
2024-12-17 19:06:52,82,8.2
2024-12-17 19:06:53,94,9.4
2024-12-17 19:06:54,114,11.4
2024-12-17 19:06:55,106,10.6
2024-12-17 19:06:56,150,15.0
2024-12-17 19:06:57,57,5.7
2024-12-17 19:06:58,92,9.2
2024-12-17 19:06:59,114,11.4
2024-12-17 19:07:00,125,12.5
2024-12-17 19:07:01,110,11.0
2024-12-17 19:07:02,91,9.1
2024-12-17 19:07:03,159,15.9
2024-12-17 19:07:04,67,6.7
2024-12-17 19:07:05,99,9.9
2024-12-17 19:07:06,84,8.4
2024-12-17 19:07:07,89,8.9
2024-12-17 19:07:08,141,14.1
2024-12-17 19:07:09,62,6.2
2024-12-17 19:07:10,147,14.7
2024-12-17 19:07:11,57,5.7
2024-12-17 19:07:12,111,11.1
2024-12-17 19:07:13,132,13.2
2024-12-17 19:07:14,144,14.4
2024-12-17 19:07:15,103,10.3
2024-12-17 19:07:16,111,11.1
2024-12-17 19:07:17,69,6.9
2024-12-17 19:07:18,124,12.4
2024-12-17 19:07:19,127,12.7
2024-12-17 19:07:20,60,6.0
2024-12-17 19:07:21,53,5.3
2024-12-17 19:07:22,75,7.5
2024-12-17 19:07:23,149,14.9
2024-12-17 19:07:24,124,12.4
2024-12-17 19:07:25,105,10.5
2024-12-17 19:07:26,156,15.6
2024-12-17 19:07:27,68,6.8
2024-12-17 19:07:28,53,5.3
2024-12-17 19:07:29,85,8.5
2024-12-17 19:07:30,87,8.7
2024-12-17 19:07:31,66,6.6
2024-12-17 19:07:32,73,7.3
2024-12-17 19:07:33,132,13.2
2024-12-17 19:07:34,64,6.4
2024-12-17 19:07:35,82,8.2
2024-12-17 19:07:36,66,6.6
2024-12-17 19:07:37,53,5.3
2024-12-17 19:07:38,113,11.3
2024-12-17 19:07:39,62,6.2
2024-12-17 19:07:40,126,12.6
2024-12-17 19:07:41,125,12.5
2024-12-17 19:07:42,147,14.7
2024-12-17 19:07:43,101,10.1
2024-12-17 19:07:44,57,5.7
2024-12-17 19:07:45,155,15.5
2024-12-17 19:07:46,122,12.2
2024-12-17 19:07:47,80,8.0
2024-12-17 19:07:48,136,13.6
2024-12-17 19:07:49,77,7.7
2024-12-17 19:07:50,129,12.9
2024-12-17 19:07:51,144,14.4
2024-12-17 19:07:52,142,14.2
2024-12-17 19:07:53,115,11.5
2024-12-17 19:07:54,86,8.6
2024-12-17 19:07:55,72,7.2
2024-12-17 19:07:56,103,10.3
2024-12-17 19:07:57,127,12.7
2024-12-17 19:07:58,148,14.8
2024-12-17 19:07:59,98,9.8
2024-12-17 19:08:00,147,14.7
2024-12-17 19:08:01,83,8.3
2024-12-17 19:08:02,93,9.3
2024-12-17 19:08:03,139,13.9
2024-12-17 19:08:04,158,15.8
2024-12-17 19:08:05,96,9.6
2024-12-17 19:08:06,110,11.0
2024-12-17 19:08:07,90,9.0
2024-12-17 19:08:08,158,15.8
2024-12-17 19:08:09,60,6.0
2024-12-17 19:08:10,131,13.1
2024-12-17 19:08:11,109,10.9
2024-12-17 19:08:12,115,11.5
2024-12-17 19:08:13,109,10.9
2024-12-17 19:08:14,120,12.0
2024-12-17 19:08:15,51,5.1
2024-12-17 19:08:16,88,8.8
2024-12-17 19:08:17,160,16.0
2024-12-17 19:08:18,76,7.6
2024-12-17 19:08:19,146,14.6
2024-12-17 19:08:20,56,5.6
2024-12-17 19:08:21,89,8.9
2024-12-17 19:08:22,88,8.8
2024-12-17 19:08:23,71,7.1
2024-12-17 19:08:24,119,11.9
2024-12-17 19:08:25,67,6.7
2024-12-17 19:08:26,145,14.5
2024-12-17 19:08:27,124,12.4
2024-12-17 19:08:28,114,11.4
2024-12-17 19:08:29,108,10.8
2024-12-17 19:08:30,79,7.9
2024-12-17 19:08:31,158,15.8
2024-12-17 19:08:32,106,10.6
2024-12-17 19:08:33,58,5.8
2024-12-17 19:08:34,94,9.4
2024-12-17 19:08:35,93,9.3
2024-12-17 19:08:36,160,16.0
2024-12-17 19:08:37,90,9.0
2024-12-17 19:08:38,143,14.3
2024-12-17 19:08:39,126,12.6
2024-12-17 19:08:40,122,12.2
2024-12-17 19:08:41,149,14.9
2024-12-17 19:08:42,96,9.6
2024-12-17 19:08:43,157,15.7
2024-12-17 19:08:44,143,14.3
2024-12-17 19:08:45,92,9.2
2024-12-17 19:08:46,112,11.2
2024-12-17 19:08:47,99,9.9
2024-12-17 19:08:48,98,9.8
2024-12-17 19:08:49,70,7.0
2024-12-17 19:08:50,141,14.1
2024-12-17 19:08:51,100,10.0
2024-12-17 19:08:52,122,12.2
2024-12-17 19:08:53,146,14.6
2024-12-17 19:08:54,77,7.7
2024-12-17 19:08:55,51,5.1
2024-12-17 19:08:56,51,5.1
2024-12-17 19:08:57,62,6.2
2024-12-17 19:08:58,92,9.2
2024-12-17 19:08:59,103,10.3
2024-12-17 19:09:00,84,8.4
2024-12-17 19:09:01,148,14.8
2024-12-17 19:09:02,148,14.8
2024-12-17 19:09:03,96,9.6
2024-12-17 19:09:04,156,15.6
2024-12-17 19:09:05,100,10.0
2024-12-17 19:09:06,114,11.4
2024-12-17 19:09:07,124,12.4
2024-12-17 19:09:08,123,12.3
2024-12-17 19:09:09,158,15.8
2024-12-17 19:09:10,102,10.2
2024-12-17 19:09:11,70,7.0
2024-12-17 19:09:12,82,8.2
2024-12-17 19:09:13,67,6.7
2024-12-17 19:09:14,105,10.5
2024-12-17 19:09:15,92,9.2
2024-12-17 19:09:16,51,5.1
2024-12-17 19:09:17,88,8.8
2024-12-17 19:09:18,78,7.8
2024-12-17 19:09:19,75,7.5
2024-12-17 19:09:20,151,15.1
2024-12-17 19:09:21,60,6.0
2024-12-17 19:09:22,94,9.4
2024-12-17 19:09:23,102,10.2
2024-12-17 19:09:24,90,9.0
2024-12-17 19:09:25,128,12.8
2024-12-17 19:09:26,108,10.8
2024-12-17 19:09:27,55,5.5
2024-12-17 19:09:28,73,7.3
2024-12-17 19:09:29,158,15.8
2024-12-17 19:09:30,158,15.8
2024-12-17 19:09:31,146,14.6
2024-12-17 19:09:32,66,6.6
2024-12-17 19:09:33,141,14.1
2024-12-17 19:09:34,92,9.2
2024-12-17 19:09:35,139,13.9
2024-12-17 19:09:36,74,7.4
2024-12-17 19:09:37,61,6.1
2024-12-17 19:09:38,150,15.0
2024-12-17 19:09:39,59,5.9
2024-12-17 19:09:40,51,5.1
2024-12-17 19:09:41,142,14.2
2024-12-17 19:09:42,135,13.5
2024-12-17 19:09:43,75,7.5
2024-12-17 19:09:44,97,9.7
2024-12-17 19:09:45,157,15.7
2024-12-17 19:09:46,135,13.5
2024-12-17 19:09:47,75,7.5
2024-12-17 19:09:48,117,11.7
2024-12-17 19:09:49,121,12.1
2024-12-17 19:09:50,63,6.3
2024-12-17 19:09:51,104,10.4
2024-12-17 19:09:52,159,15.9
2024-12-17 19:09:53,100,10.0
2024-12-17 19:09:54,85,8.5
2024-12-17 19:09:55,142,14.2
2024-12-17 19:09:56,64,6.4
2024-12-17 19:09:57,89,8.9
2024-12-17 19:09:58,95,9.5
2024-12-17 19:09:59,76,7.6
2024-12-17 19:10:00,59,5.9
2024-12-17 19:10:01,71,7.1
2024-12-17 19:10:02,146,14.6
2024-12-17 19:10:03,55,5.5
2024-12-17 19:10:04,138,13.8
2024-12-17 19:10:05,106,10.6
2024-12-17 19:10:06,99,9.9
2024-12-17 19:10:07,157,15.7
2024-12-17 19:10:08,154,15.4
2024-12-17 19:10:09,129,12.9
2024-12-17 19:10:10,71,7.1
2024-12-17 19:10:11,116,11.6
2024-12-17 19:10:12,112,11.2
2024-12-17 19:10:13,144,14.4
2024-12-17 19:10:14,93,9.3
2024-12-17 19:10:15,65,6.5
2024-12-17 19:10:16,95,9.5
2024-12-17 19:10:17,87,8.7
2024-12-17 19:10:18,54,5.4
2024-12-17 19:10:19,100,10.0
2024-12-17 19:10:20,118,11.8
2024-12-17 19:10:21,83,8.3
2024-12-17 19:10:22,123,12.3
2024-12-17 19:10:23,150,15.0
2024-12-17 19:10:24,84,8.4
2024-12-17 19:10:25,125,12.5
2024-12-17 19:10:26,156,15.6
2024-12-17 19:10:27,142,14.2
2024-12-17 19:10:28,93,9.3
2024-12-17 19:10:29,50,5.0
2024-12-17 19:10:30,153,15.3
2024-12-17 19:10:31,158,15.8
2024-12-17 19:10:32,68,6.8
2024-12-17 19:10:33,69,6.9
2024-12-17 19:10:34,67,6.7
2024-12-17 19:10:35,77,7.7
2024-12-17 19:10:36,123,12.3
2024-12-17 19:10:37,153,15.3
2024-12-17 19:10:38,69,6.9
2024-12-17 19:10:39,64,6.4
2024-12-17 19:10:40,59,5.9
2024-12-17 19:10:41,110,11.0
2024-12-17 19:10:42,109,10.9
2024-12-17 19:10:43,142,14.2
2024-12-17 19:10:44,98,9.8
2024-12-17 19:10:45,153,15.3
2024-12-17 19:10:46,97,9.7
2024-12-17 19:10:47,155,15.5
2024-12-17 19:10:48,146,14.6
2024-12-17 19:10:49,113,11.3
2024-12-17 19:10:50,150,15.0
2024-12-17 19:10:51,88,8.8
2024-12-17 19:10:52,151,15.1
2024-12-17 19:10:53,112,11.2
2024-12-17 19:10:54,99,9.9
2024-12-17 19:10:55,109,10.9
2024-12-17 19:10:56,157,15.7
2024-12-17 19:10:57,55,5.5
2024-12-17 19:10:58,69,6.9
2024-12-17 19:10:59,146,14.6
2024-12-17 19:11:00,128,12.8
2024-12-17 19:11:01,158,15.8
2024-12-17 19:11:02,123,12.3
2024-12-17 19:11:03,74,7.4
2024-12-17 19:11:04,128,12.8
2024-12-17 19:11:05,56,5.6
2024-12-17 19:11:06,74,7.4
2024-12-17 19:11:07,51,5.1
2024-12-17 19:11:08,143,14.3
2024-12-17 19:11:09,154,15.4
2024-12-17 19:11:10,74,7.4
2024-12-17 19:11:11,128,12.8
2024-12-17 19:11:12,133,13.3
2024-12-17 19:11:13,74,7.4
2024-12-17 19:11:14,137,13.7
2024-12-17 19:11:15,113,11.3
2024-12-17 19:11:16,61,6.1
2024-12-17 19:11:17,121,12.1
2024-12-17 19:11:18,151,15.1
2024-12-17 19:11:19,111,11.1
2024-12-17 19:11:20,125,12.5
2024-12-17 19:11:21,69,6.9
2024-12-17 19:11:22,117,11.7
2024-12-17 19:11:23,73,7.3
2024-12-17 19:11:24,60,6.0
2024-12-17 19:11:25,73,7.3
2024-12-17 19:11:26,83,8.3
2024-12-17 19:11:27,76,7.6
2024-12-17 19:11:28,157,15.7
2024-12-17 19:11:29,143,14.3
2024-12-17 19:11:30,85,8.5
2024-12-17 19:11:31,81,8.1
2024-12-17 19:11:32,101,10.1
2024-12-17 19:11:33,76,7.6
2024-12-17 19:11:34,114,11.4
2024-12-17 19:11:35,110,11.0
2024-12-17 19:11:36,132,13.2
2024-12-17 19:11:37,118,11.8
2024-12-17 19:11:38,160,16.0
2024-12-17 19:11:39,90,9.0
2024-12-17 19:11:40,57,5.7
2024-12-17 19:11:41,53,5.3
2024-12-17 19:11:42,150,15.0
2024-12-17 19:11:43,85,8.5
2024-12-17 19:11:44,117,11.7
2024-12-17 19:11:45,118,11.8
2024-12-17 19:11:46,143,14.3
2024-12-17 19:11:47,116,11.6
2024-12-17 19:11:48,135,13.5
2024-12-17 19:11:49,99,9.9
2024-12-17 19:11:50,61,6.1
2024-12-17 19:11:51,105,10.5
2024-12-17 19:11:52,73,7.3
2024-12-17 19:11:53,138,13.8
2024-12-17 19:11:54,85,8.5
2024-12-17 19:11:55,51,5.1
2024-12-17 19:11:56,75,7.5
2024-12-17 19:11:57,123,12.3
2024-12-17 19:11:58,57,5.7
2024-12-17 19:11:59,116,11.6
2024-12-17 19:12:00,100,10.0
2024-12-17 19:12:01,80,8.0
2024-12-17 19:12:02,65,6.5
2024-12-17 19:12:03,97,9.7
2024-12-17 19:12:04,62,6.2
2024-12-17 19:12:05,127,12.7
2024-12-17 19:12:06,133,13.3
2024-12-17 19:12:07,153,15.3
2024-12-17 19:12:08,81,8.1
2024-12-17 19:12:09,106,10.6
2024-12-17 19:12:10,79,7.9
2024-12-17 19:12:11,143,14.3
2024-12-17 19:12:12,151,15.1
2024-12-17 19:12:13,135,13.5
2024-12-17 19:12:14,117,11.7
2024-12-17 19:12:15,151,15.1
2024-12-17 19:12:16,157,15.7
2024-12-17 19:12:17,107,10.7
2024-12-17 19:12:18,76,7.6
2024-12-17 19:12:19,112,11.2
2024-12-17 19:12:20,152,15.2
2024-12-17 19:12:21,150,15.0
2024-12-17 19:12:22,99,9.9
2024-12-17 19:12:23,142,14.2
2024-12-17 19:12:24,102,10.2
2024-12-17 19:12:25,95,9.5
2024-12-17 19:12:26,131,13.1
2024-12-17 19:12:27,103,10.3
2024-12-17 19:12:28,68,6.8
2024-12-17 19:12:29,53,5.3
2024-12-17 19:12:30,128,12.8
2024-12-17 19:12:31,71,7.1
2024-12-17 19:12:32,128,12.8
2024-12-17 19:12:33,116,11.6
2024-12-17 19:12:34,150,15.0
2024-12-17 19:12:35,68,6.8
2024-12-17 19:12:36,71,7.1
2024-12-17 19:12:37,69,6.9
2024-12-17 19:12:38,77,7.7
2024-12-17 19:12:39,150,15.0
2024-12-17 19:12:40,121,12.1
2024-12-17 19:12:41,88,8.8
2024-12-17 19:12:42,125,12.5
2024-12-17 19:12:43,55,5.5
2024-12-17 19:12:44,127,12.7
2024-12-17 19:12:45,82,8.2
2024-12-17 19:12:46,89,8.9
2024-12-17 19:12:47,118,11.8
2024-12-17 19:12:48,101,10.1
2024-12-17 19:12:49,134,13.4
2024-12-17 19:12:50,102,10.2
2024-12-17 19:12:51,144,14.4
2024-12-17 19:12:52,151,15.1
2024-12-17 19:12:53,76,7.6
2024-12-17 19:12:54,95,9.5
2024-12-17 19:12:55,88,8.8
2024-12-17 19:12:56,138,13.8
2024-12-17 19:12:57,134,13.4
2024-12-17 19:12:58,149,14.9
2024-12-17 19:12:59,122,12.2
2024-12-17 19:13:00,70,7.0
2024-12-17 19:13:01,74,7.4
2024-12-17 19:13:02,123,12.3
2024-12-17 19:13:03,160,16.0
2024-12-17 19:13:04,76,7.6
2024-12-17 19:13:05,159,15.9
2024-12-17 19:13:06,154,15.4
2024-12-17 19:13:07,99,9.9
2024-12-17 19:13:08,61,6.1
2024-12-17 19:13:09,135,13.5
2024-12-17 19:13:10,53,5.3
2024-12-17 19:13:11,160,16.0
2024-12-17 19:13:12,72,7.2
2024-12-17 19:13:13,50,5.0
2024-12-17 19:13:14,118,11.8
2024-12-17 19:13:15,134,13.4
2024-12-17 19:13:16,134,13.4
2024-12-17 19:13:17,65,6.5
2024-12-17 19:13:18,81,8.1
2024-12-17 19:13:19,136,13.6
2024-12-17 19:13:20,135,13.5
2024-12-17 19:13:21,130,13.0
2024-12-17 19:13:22,70,7.0
2024-12-17 19:13:23,124,12.4
2024-12-17 19:13:24,80,8.0
2024-12-17 19:13:25,80,8.0
2024-12-17 19:13:26,145,14.5
2024-12-17 19:13:27,88,8.8
2024-12-17 19:13:28,78,7.8
2024-12-17 19:13:29,74,7.4
2024-12-17 19:13:30,159,15.9
2024-12-17 19:13:31,62,6.2
2024-12-17 19:13:32,56,5.6
2024-12-17 19:13:33,79,7.9
2024-12-17 19:13:34,102,10.2
2024-12-17 19:13:35,134,13.4
2024-12-17 19:13:36,99,9.9
2024-12-17 19:13:37,55,5.5
2024-12-17 19:13:38,80,8.0
2024-12-17 19:13:39,115,11.5
2024-12-17 19:13:40,95,9.5
2024-12-17 19:13:41,139,13.9
2024-12-17 19:13:42,157,15.7
2024-12-17 19:13:43,89,8.9
2024-12-17 19:13:44,93,9.3
2024-12-17 19:13:45,95,9.5
2024-12-17 19:13:46,92,9.2
2024-12-17 19:13:47,160,16.0
2024-12-17 19:13:48,128,12.8
2024-12-17 19:13:49,140,14.0
2024-12-17 19:13:50,80,8.0
2024-12-17 19:13:51,94,9.4
2024-12-17 19:13:52,121,12.1
2024-12-17 19:13:53,139,13.9
2024-12-17 19:13:54,82,8.2
2024-12-17 19:13:55,68,6.8
2024-12-17 19:13:56,74,7.4
2024-12-17 19:13:57,108,10.8
2024-12-17 19:13:58,160,16.0
2024-12-17 19:13:59,51,5.1
2024-12-17 19:14:00,139,13.9
2024-12-17 19:14:01,155,15.5
2024-12-17 19:14:02,147,14.7
2024-12-17 19:14:03,95,9.5
2024-12-17 19:14:04,75,7.5
2024-12-17 19:14:05,146,14.6
2024-12-17 19:14:06,145,14.5
2024-12-17 19:14:07,112,11.2
2024-12-17 19:14:08,116,11.6
2024-12-17 19:14:09,119,11.9
2024-12-17 19:14:10,102,10.2
2024-12-17 19:14:11,50,5.0
2024-12-17 19:14:12,108,10.8
2024-12-17 19:14:13,107,10.7
2024-12-17 19:14:14,107,10.7
2024-12-17 19:14:15,93,9.3
2024-12-17 19:14:16,127,12.7
2024-12-17 19:14:17,112,11.2
2024-12-17 19:14:18,106,10.6
2024-12-17 19:14:19,59,5.9
2024-12-17 19:14:20,87,8.7
2024-12-17 19:14:21,160,16.0
2024-12-17 19:14:22,108,10.8
2024-12-17 19:14:23,87,8.7
2024-12-17 19:14:24,145,14.5
2024-12-17 19:14:25,118,11.8
2024-12-17 19:14:26,51,5.1
2024-12-17 19:14:27,147,14.7
2024-12-17 19:14:28,146,14.6
2024-12-17 19:14:29,117,11.7
2024-12-17 19:14:30,89,8.9
2024-12-17 19:14:31,131,13.1
2024-12-17 19:14:32,132,13.2
2024-12-17 19:14:33,92,9.2
2024-12-17 19:14:34,147,14.7
2024-12-17 19:14:35,147,14.7
2024-12-17 19:14:36,155,15.5
2024-12-17 19:14:37,80,8.0
2024-12-17 19:14:38,105,10.5
2024-12-17 19:14:39,92,9.2
2024-12-17 19:14:40,120,12.0
2024-12-17 19:14:41,81,8.1
2024-12-17 19:14:42,74,7.4
2024-12-17 19:14:43,61,6.1
2024-12-17 19:14:44,139,13.9
2024-12-17 19:14:45,130,13.0
2024-12-17 19:14:46,149,14.9
2024-12-17 19:14:47,137,13.7
2024-12-17 19:14:48,72,7.2
2024-12-17 19:14:49,117,11.7
2024-12-17 19:14:50,73,7.3
2024-12-17 19:14:51,143,14.3
2024-12-17 19:14:52,154,15.4
2024-12-17 19:14:53,74,7.4
2024-12-17 19:14:54,66,6.6
2024-12-17 19:14:55,58,5.8
2024-12-17 19:14:56,69,6.9
2024-12-17 19:14:57,115,11.5
2024-12-17 19:14:58,139,13.9
2024-12-17 19:14:59,120,12.0
2024-12-17 19:15:00,63,6.3
2024-12-17 19:15:01,160,16.0
2024-12-17 19:15:02,133,13.3
2024-12-17 19:15:03,103,10.3
2024-12-17 19:15:04,104,10.4
2024-12-17 19:15:05,82,8.2
2024-12-17 19:15:06,86,8.6
2024-12-17 19:15:07,75,7.5
2024-12-17 19:15:08,148,14.8
2024-12-17 19:15:09,151,15.1
2024-12-17 19:15:10,159,15.9
2024-12-17 19:15:11,111,11.1
2024-12-17 19:15:12,148,14.8
2024-12-17 19:15:13,156,15.6
2024-12-17 19:15:14,117,11.7
2024-12-17 19:15:15,106,10.6
2024-12-17 19:15:16,159,15.9
2024-12-17 19:15:17,145,14.5
2024-12-17 19:15:18,127,12.7
2024-12-17 19:15:19,71,7.1
2024-12-17 19:15:20,68,6.8
2024-12-17 19:15:21,86,8.6
2024-12-17 19:15:22,59,5.9
2024-12-17 19:15:23,87,8.7
2024-12-17 19:15:24,114,11.4
2024-12-17 19:15:25,139,13.9
2024-12-17 19:15:26,159,15.9
2024-12-17 19:15:27,109,10.9
2024-12-17 19:15:28,94,9.4
2024-12-17 19:15:29,79,7.9
2024-12-17 19:15:30,154,15.4
2024-12-17 19:15:31,102,10.2
2024-12-17 19:15:32,93,9.3
2024-12-17 19:15:33,158,15.8
2024-12-17 19:15:34,153,15.3
2024-12-17 19:15:35,158,15.8
2024-12-17 19:15:36,137,13.7
2024-12-17 19:15:37,112,11.2
2024-12-17 19:15:38,147,14.7
2024-12-17 19:15:39,95,9.5
2024-12-17 19:15:40,118,11.8
2024-12-17 19:15:41,93,9.3
2024-12-17 19:15:42,55,5.5
2024-12-17 19:15:43,86,8.6
2024-12-17 19:15:44,68,6.8
2024-12-17 19:15:45,128,12.8
2024-12-17 19:15:46,87,8.7
2024-12-17 19:15:47,72,7.2
2024-12-17 19:15:48,73,7.3
2024-12-17 19:15:49,157,15.7
2024-12-17 19:15:50,73,7.3
2024-12-17 19:15:51,149,14.9
2024-12-17 19:15:52,118,11.8
2024-12-17 19:15:53,105,10.5
2024-12-17 19:15:54,160,16.0
2024-12-17 19:15:55,138,13.8
2024-12-17 19:15:56,106,10.6
2024-12-17 19:15:57,112,11.2
2024-12-17 19:15:58,79,7.9
2024-12-17 19:15:59,105,10.5
2024-12-17 19:16:00,68,6.8
2024-12-17 19:16:01,50,5.0
2024-12-17 19:16:02,81,8.1
2024-12-17 19:16:03,66,6.6
2024-12-17 19:16:04,83,8.3
2024-12-17 19:16:05,96,9.6
2024-12-17 19:16:06,108,10.8
2024-12-17 19:16:07,141,14.1
2024-12-17 19:16:08,94,9.4
2024-12-17 19:16:09,155,15.5
2024-12-17 19:16:10,135,13.5
2024-12-17 19:16:11,118,11.8
2024-12-17 19:16:12,148,14.8
2024-12-17 19:16:13,117,11.7
2024-12-17 19:16:14,122,12.2
2024-12-17 19:16:15,53,5.3
2024-12-17 19:16:16,60,6.0
2024-12-17 19:16:17,140,14.0
2024-12-17 19:16:18,50,5.0
2024-12-17 19:16:19,62,6.2
2024-12-17 19:16:20,86,8.6
2024-12-17 19:16:21,150,15.0
2024-12-17 19:16:22,85,8.5
2024-12-17 19:16:23,147,14.7
2024-12-17 19:16:24,75,7.5
2024-12-17 19:16:25,148,14.8
2024-12-17 19:16:26,158,15.8
2024-12-17 19:16:27,141,14.1
2024-12-17 19:16:28,137,13.7
2024-12-17 19:16:29,60,6.0
2024-12-17 19:16:30,76,7.6
2024-12-17 19:16:31,145,14.5
2024-12-17 19:16:32,85,8.5
2024-12-17 19:16:33,61,6.1
2024-12-17 19:16:34,54,5.4
2024-12-17 19:16:35,60,6.0
2024-12-17 19:16:36,77,7.7
2024-12-17 19:16:37,100,10.0
2024-12-17 19:16:38,111,11.1
2024-12-17 19:16:39,53,5.3
2024-12-17 19:16:40,139,13.9
2024-12-17 19:16:41,56,5.6
2024-12-17 19:16:42,64,6.4
2024-12-17 19:16:43,100,10.0
2024-12-17 19:16:44,124,12.4
2024-12-17 19:16:45,148,14.8
2024-12-17 19:16:46,98,9.8
2024-12-17 19:16:47,118,11.8
2024-12-17 19:16:48,128,12.8
2024-12-17 19:16:49,125,12.5
2024-12-17 19:16:50,76,7.6
2024-12-17 19:16:51,149,14.9
2024-12-17 19:16:52,75,7.5
2024-12-17 19:16:53,157,15.7
2024-12-17 19:16:54,86,8.6
2024-12-17 19:16:55,72,7.2
2024-12-17 19:16:56,94,9.4
2024-12-17 19:16:57,77,7.7
2024-12-17 19:16:58,114,11.4
2024-12-17 19:16:59,128,12.8
2024-12-17 19:17:00,89,8.9
2024-12-17 19:17:01,99,9.9
2024-12-17 19:17:02,74,7.4
2024-12-17 19:17:03,90,9.0
2024-12-17 19:17:04,121,12.1
2024-12-17 19:17:05,64,6.4
2024-12-17 19:17:06,94,9.4
2024-12-17 19:17:07,62,6.2
2024-12-17 19:17:08,77,7.7
2024-12-17 19:17:09,95,9.5
2024-12-17 19:17:10,134,13.4
2024-12-17 19:17:11,58,5.8
2024-12-17 19:17:12,52,5.2
2024-12-17 19:17:13,69,6.9
2024-12-17 19:17:14,146,14.6
2024-12-17 19:17:15,102,10.2
2024-12-17 19:17:16,114,11.4
2024-12-17 19:17:17,89,8.9
2024-12-17 19:17:18,91,9.1
2024-12-17 19:17:19,126,12.6
2024-12-17 19:17:20,68,6.8
2024-12-17 19:17:21,114,11.4
2024-12-17 19:17:22,117,11.7
2024-12-17 19:17:23,83,8.3
2024-12-17 19:17:24,102,10.2
2024-12-17 19:17:25,53,5.3
2024-12-17 19:17:26,120,12.0
2024-12-17 19:17:27,110,11.0
2024-12-17 19:17:28,115,11.5
2024-12-17 19:17:29,137,13.7
2024-12-17 19:17:30,92,9.2
2024-12-17 19:17:31,51,5.1
2024-12-17 19:17:32,55,5.5
2024-12-17 19:17:33,60,6.0
2024-12-17 19:17:34,80,8.0
2024-12-17 19:17:35,128,12.8
2024-12-17 19:17:36,68,6.8
2024-12-17 19:17:37,50,5.0
2024-12-17 19:17:38,153,15.3
2024-12-17 19:17:39,107,10.7
2024-12-17 19:17:40,135,13.5
2024-12-17 19:17:41,127,12.7
2024-12-17 19:17:42,86,8.6
2024-12-17 19:17:43,107,10.7
2024-12-17 19:17:44,140,14.0
2024-12-17 19:17:45,124,12.4
2024-12-17 19:17:46,97,9.7
2024-12-17 19:17:47,60,6.0
2024-12-17 19:17:48,106,10.6
2024-12-17 19:17:49,59,5.9
2024-12-17 19:17:50,133,13.3
2024-12-17 19:17:51,82,8.2
2024-12-17 19:17:52,125,12.5
2024-12-17 19:17:53,123,12.3
2024-12-17 19:17:54,85,8.5
2024-12-17 19:17:55,86,8.6
2024-12-17 19:17:56,155,15.5
2024-12-17 19:17:57,156,15.6
2024-12-17 19:17:58,112,11.2
2024-12-17 19:17:59,152,15.2
2024-12-17 19:18:00,137,13.7
2024-12-17 19:18:01,142,14.2
2024-12-17 19:18:02,105,10.5
2024-12-17 19:18:03,148,14.8
2024-12-17 19:18:04,110,11.0
2024-12-17 19:18:05,100,10.0
2024-12-17 19:18:06,80,8.0
2024-12-17 19:18:07,58,5.8
2024-12-17 19:18:08,152,15.2
2024-12-17 19:18:09,59,5.9
2024-12-17 19:18:10,116,11.6
2024-12-17 19:18:11,74,7.4
2024-12-17 19:18:12,134,13.4
2024-12-17 19:18:13,62,6.2
2024-12-17 19:18:14,64,6.4
2024-12-17 19:18:15,112,11.2
2024-12-17 19:18:16,102,10.2
2024-12-17 19:18:17,146,14.6
2024-12-17 19:18:18,74,7.4
2024-12-17 19:18:19,117,11.7
2024-12-17 19:18:20,105,10.5
2024-12-17 19:18:21,51,5.1
2024-12-17 19:18:22,59,5.9
2024-12-17 19:18:23,144,14.4
2024-12-17 19:18:24,134,13.4
2024-12-17 19:18:25,108,10.8
2024-12-17 19:18:26,90,9.0
2024-12-17 19:18:27,63,6.3
2024-12-17 19:18:28,144,14.4
2024-12-17 19:18:29,137,13.7
2024-12-17 19:18:30,59,5.9
2024-12-17 19:18:31,147,14.7
2024-12-17 19:18:32,113,11.3
2024-12-17 19:18:33,56,5.6
2024-12-17 19:18:34,113,11.3
2024-12-17 19:18:35,133,13.3
2024-12-17 19:18:36,57,5.7
2024-12-17 19:18:37,81,8.1
2024-12-17 19:18:38,117,11.7
2024-12-17 19:18:39,133,13.3
2024-12-17 19:18:40,91,9.1
2024-12-17 19:18:41,51,5.1
2024-12-17 19:18:42,70,7.0
2024-12-17 19:18:43,152,15.2
2024-12-17 19:18:44,106,10.6
2024-12-17 19:18:45,144,14.4
2024-12-17 19:18:46,159,15.9
2024-12-17 19:18:47,102,10.2
2024-12-17 19:18:48,137,13.7
2024-12-17 19:18:49,136,13.6
2024-12-17 19:18:50,152,15.2
2024-12-17 19:18:51,87,8.7
2024-12-17 19:18:52,108,10.8
2024-12-17 19:18:53,59,5.9
2024-12-17 19:18:54,55,5.5
2024-12-17 19:18:55,59,5.9
2024-12-17 19:18:56,106,10.6
2024-12-17 19:18:57,110,11.0
2024-12-17 19:18:58,66,6.6
2024-12-17 19:18:59,76,7.6
2024-12-17 19:19:00,118,11.8
2024-12-17 19:19:01,77,7.7
2024-12-17 19:19:02,88,8.8
2024-12-17 19:19:03,62,6.2
2024-12-17 19:19:04,142,14.2
2024-12-17 19:19:05,96,9.6
2024-12-17 19:19:06,116,11.6
2024-12-17 19:19:07,160,16.0
2024-12-17 19:19:08,136,13.6
2024-12-17 19:19:09,79,7.9
2024-12-17 19:19:10,150,15.0
2024-12-17 19:19:11,102,10.2
2024-12-17 19:19:12,86,8.6
2024-12-17 19:19:13,94,9.4
2024-12-17 19:19:14,108,10.8
2024-12-17 19:19:15,84,8.4
2024-12-17 19:19:16,95,9.5
2024-12-17 19:19:17,118,11.8
2024-12-17 19:19:18,155,15.5
2024-12-17 19:19:19,151,15.1
2024-12-17 19:19:20,88,8.8
2024-12-17 19:19:21,108,10.8
2024-12-17 19:19:22,127,12.7
2024-12-17 19:19:23,60,6.0
2024-12-17 19:19:24,145,14.5
2024-12-17 19:19:25,119,11.9
2024-12-17 19:19:26,76,7.6
2024-12-17 19:19:27,125,12.5
2024-12-17 19:19:28,114,11.4
2024-12-17 19:19:29,87,8.7
2024-12-17 19:19:30,63,6.3
2024-12-17 19:19:31,108,10.8
2024-12-17 19:19:32,110,11.0
2024-12-17 19:19:33,114,11.4
2024-12-17 19:19:34,100,10.0
2024-12-17 19:19:35,67,6.7
2024-12-17 19:19:36,66,6.6
2024-12-17 19:19:37,143,14.3
2024-12-17 19:19:38,158,15.8
2024-12-17 19:19:39,151,15.1
2024-12-17 19:19:40,102,10.2
2024-12-17 19:19:41,105,10.5
2024-12-17 19:19:42,69,6.9
2024-12-17 19:19:43,157,15.7
2024-12-17 19:19:44,95,9.5
2024-12-17 19:19:45,149,14.9
2024-12-17 19:19:46,69,6.9
2024-12-17 19:19:47,157,15.7
2024-12-17 19:19:48,81,8.1
2024-12-17 19:19:49,51,5.1
2024-12-17 19:19:50,56,5.6
2024-12-17 19:19:51,72,7.2
2024-12-17 19:19:52,116,11.6
2024-12-17 19:19:53,127,12.7
2024-12-17 19:19:54,64,6.4
2024-12-17 19:19:55,135,13.5
2024-12-17 19:19:56,77,7.7
2024-12-17 19:19:57,92,9.2
2024-12-17 19:19:58,64,6.4
2024-12-17 19:19:59,129,12.9
2024-12-17 19:20:00,65,6.5
2024-12-17 19:20:01,154,15.4
2024-12-17 19:20:02,93,9.3
2024-12-17 19:20:03,150,15.0
2024-12-17 19:20:04,58,5.8
2024-12-17 19:20:05,72,7.2
2024-12-17 19:20:06,70,7.0
2024-12-17 19:20:07,112,11.2
2024-12-17 19:20:08,89,8.9
2024-12-17 19:20:09,139,13.9
2024-12-17 19:20:10,82,8.2
2024-12-17 19:20:11,93,9.3
2024-12-17 19:20:12,141,14.1
2024-12-17 19:20:13,62,6.2
2024-12-17 19:20:14,150,15.0
2024-12-17 19:20:15,126,12.6
2024-12-17 19:20:16,73,7.3
2024-12-17 19:20:17,69,6.9
2024-12-17 19:20:18,135,13.5
2024-12-17 19:20:19,107,10.7
2024-12-17 19:20:20,110,11.0
2024-12-17 19:20:21,66,6.6
2024-12-17 19:20:22,93,9.3
2024-12-17 19:20:23,69,6.9
2024-12-17 19:20:24,118,11.8
2024-12-17 19:20:25,151,15.1
2024-12-17 19:20:26,69,6.9
2024-12-17 19:20:27,138,13.8
2024-12-17 19:20:28,144,14.4
2024-12-17 19:20:29,79,7.9
2024-12-17 19:20:30,147,14.7
2024-12-17 19:20:31,160,16.0
2024-12-17 19:20:32,123,12.3
2024-12-17 19:20:33,89,8.9
2024-12-17 19:20:34,93,9.3
2024-12-17 19:20:35,79,7.9
2024-12-17 19:20:36,126,12.6
2024-12-17 19:20:37,119,11.9
2024-12-17 19:20:38,135,13.5
2024-12-17 19:20:39,54,5.4
2024-12-17 19:20:40,151,15.1
2024-12-17 19:20:41,122,12.2
2024-12-17 19:20:42,139,13.9
2024-12-17 19:20:43,67,6.7
2024-12-17 19:20:44,112,11.2
2024-12-17 19:20:45,69,6.9
2024-12-17 19:20:46,123,12.3
2024-12-17 19:20:47,87,8.7
2024-12-17 19:20:48,81,8.1
2024-12-17 19:20:49,80,8.0
2024-12-17 19:20:50,135,13.5
2024-12-17 19:20:51,129,12.9
2024-12-17 19:20:52,78,7.8
2024-12-17 19:20:53,79,7.9
2024-12-17 19:20:54,92,9.2
2024-12-17 19:20:55,135,13.5
2024-12-17 19:20:56,134,13.4
2024-12-17 19:20:57,80,8.0
2024-12-17 19:20:58,124,12.4
2024-12-17 19:20:59,155,15.5
2024-12-17 19:21:00,57,5.7
2024-12-17 19:21:01,107,10.7
2024-12-17 19:21:02,64,6.4
2024-12-17 19:21:03,122,12.2
2024-12-17 19:21:04,88,8.8
2024-12-17 19:21:05,121,12.1
2024-12-17 19:21:06,107,10.7
2024-12-17 19:21:07,153,15.3
2024-12-17 19:21:08,155,15.5
2024-12-17 19:21:09,59,5.9
2024-12-17 19:21:10,115,11.5
2024-12-17 19:21:11,76,7.6
2024-12-17 19:21:12,85,8.5
2024-12-17 19:21:13,97,9.7
2024-12-17 19:21:14,73,7.3
2024-12-17 19:21:15,110,11.0
2024-12-17 19:21:16,147,14.7
2024-12-17 19:21:17,61,6.1
2024-12-17 19:21:18,128,12.8
2024-12-17 19:21:19,128,12.8
2024-12-17 19:21:20,153,15.3
2024-12-17 19:21:21,50,5.0
2024-12-17 19:21:22,156,15.6
2024-12-17 19:21:23,77,7.7
2024-12-17 19:21:24,104,10.4
2024-12-17 19:21:25,114,11.4
2024-12-17 19:21:26,129,12.9
2024-12-17 19:21:27,137,13.7
2024-12-17 19:21:28,79,7.9
2024-12-17 19:21:29,141,14.1
2024-12-17 19:21:30,143,14.3
2024-12-17 19:21:31,127,12.7
2024-12-17 19:21:32,143,14.3
2024-12-17 19:21:33,122,12.2
2024-12-17 19:21:34,146,14.6
2024-12-17 19:21:35,77,7.7
2024-12-17 19:21:36,74,7.4
2024-12-17 19:21:37,118,11.8
2024-12-17 19:21:38,71,7.1
2024-12-17 19:21:39,67,6.7
2024-12-17 19:21:40,97,9.7
2024-12-17 19:21:41,133,13.3
2024-12-17 19:21:42,67,6.7
2024-12-17 19:21:43,142,14.2
2024-12-17 19:21:44,110,11.0
2024-12-17 19:21:45,131,13.1
2024-12-17 19:21:46,127,12.7
2024-12-17 19:21:47,111,11.1
2024-12-17 19:21:48,80,8.0
2024-12-17 19:21:49,148,14.8
2024-12-17 19:21:50,116,11.6
2024-12-17 19:21:51,126,12.6
2024-12-17 19:21:52,72,7.2
2024-12-17 19:21:53,88,8.8
2024-12-17 19:21:54,129,12.9
2024-12-17 19:21:55,142,14.2
2024-12-17 19:21:56,63,6.3
2024-12-17 19:21:57,119,11.9
2024-12-17 19:21:58,76,7.6
2024-12-17 19:21:59,105,10.5
2024-12-17 19:22:00,136,13.6
2024-12-17 19:22:01,154,15.4
2024-12-17 19:22:02,92,9.2
2024-12-17 19:22:03,144,14.4
2024-12-17 19:22:04,58,5.8
2024-12-17 19:22:05,123,12.3
2024-12-17 19:22:06,97,9.7
2024-12-17 19:22:07,135,13.5
2024-12-17 19:22:08,78,7.8
2024-12-17 19:22:09,79,7.9
2024-12-17 19:22:10,87,8.7
2024-12-17 19:22:11,51,5.1
2024-12-17 19:22:12,61,6.1
2024-12-17 19:22:13,90,9.0
2024-12-17 19:22:14,76,7.6
2024-12-17 19:22:15,95,9.5
2024-12-17 19:22:16,152,15.2
2024-12-17 19:22:17,127,12.7
2024-12-17 19:22:18,106,10.6
2024-12-17 19:22:19,113,11.3
2024-12-17 19:22:20,116,11.6
2024-12-17 19:22:21,68,6.8
2024-12-17 19:22:22,51,5.1
2024-12-17 19:22:23,67,6.7
2024-12-17 19:22:24,69,6.9
2024-12-17 19:22:25,67,6.7
2024-12-17 19:22:26,131,13.1
2024-12-17 19:22:27,87,8.7
2024-12-17 19:22:28,117,11.7
2024-12-17 19:22:29,128,12.8
2024-12-17 19:22:30,160,16.0
2024-12-17 19:22:31,150,15.0
2024-12-17 19:22:32,104,10.4
2024-12-17 19:22:33,117,11.7
2024-12-17 19:22:34,59,5.9
2024-12-17 19:22:35,125,12.5
2024-12-17 19:22:36,109,10.9
2024-12-17 19:22:37,135,13.5
2024-12-17 19:22:38,157,15.7
2024-12-17 19:22:39,160,16.0
2024-12-17 19:22:40,143,14.3
2024-12-17 19:22:41,123,12.3
2024-12-17 19:22:42,86,8.6
2024-12-17 19:22:43,110,11.0
2024-12-17 19:22:44,112,11.2
2024-12-17 19:22:45,80,8.0
2024-12-17 19:22:46,119,11.9
2024-12-17 19:22:47,75,7.5
2024-12-17 19:22:48,139,13.9
2024-12-17 19:22:49,87,8.7
2024-12-17 19:22:50,63,6.3
2024-12-17 19:22:51,120,12.0
2024-12-17 19:22:52,77,7.7
2024-12-17 19:22:53,103,10.3
2024-12-17 19:22:54,118,11.8
2024-12-17 19:22:55,60,6.0
2024-12-17 19:22:56,73,7.3
2024-12-17 19:22:57,146,14.6
2024-12-17 19:22:58,99,9.9
2024-12-17 19:22:59,77,7.7
2024-12-17 19:23:00,76,7.6
2024-12-17 19:23:01,156,15.6
2024-12-17 19:23:02,135,13.5
2024-12-17 19:23:03,76,7.6
2024-12-17 19:23:04,126,12.6
2024-12-17 19:23:05,55,5.5
2024-12-17 19:23:06,154,15.4
2024-12-17 19:23:07,73,7.3
2024-12-17 19:23:08,150,15.0
2024-12-17 19:23:09,100,10.0
2024-12-17 19:23:10,149,14.9
2024-12-17 19:23:11,116,11.6
2024-12-17 19:23:12,131,13.1
2024-12-17 19:23:13,146,14.6
2024-12-17 19:23:14,118,11.8
2024-12-17 19:23:15,132,13.2
2024-12-17 19:23:16,114,11.4
2024-12-17 19:23:17,84,8.4
2024-12-17 19:23:18,153,15.3
2024-12-17 19:23:19,120,12.0
2024-12-17 19:23:20,87,8.7
2024-12-17 19:23:21,67,6.7
2024-12-17 19:23:22,79,7.9
2024-12-17 19:23:23,152,15.2
2024-12-17 19:23:24,149,14.9
2024-12-17 19:23:25,114,11.4
2024-12-17 19:23:26,51,5.1
2024-12-17 19:23:27,96,9.6
2024-12-17 19:23:28,155,15.5
2024-12-17 19:23:29,79,7.9
2024-12-17 19:23:30,79,7.9
2024-12-17 19:23:31,100,10.0
2024-12-17 19:23:32,129,12.9
2024-12-17 19:23:33,97,9.7
2024-12-17 19:23:34,147,14.7
2024-12-17 19:23:35,118,11.8
2024-12-17 19:23:36,70,7.0
2024-12-17 19:23:37,70,7.0
2024-12-17 19:23:38,118,11.8
2024-12-17 19:23:39,104,10.4
2024-12-17 19:23:40,159,15.9
2024-12-17 19:23:41,116,11.6
2024-12-17 19:23:42,133,13.3
2024-12-17 19:23:43,90,9.0
2024-12-17 19:23:44,58,5.8
2024-12-17 19:23:45,88,8.8
2024-12-17 19:23:46,95,9.5
2024-12-17 19:23:47,144,14.4
2024-12-17 19:23:48,85,8.5
2024-12-17 19:23:49,121,12.1
2024-12-17 19:23:50,107,10.7
2024-12-17 19:23:51,59,5.9
2024-12-17 19:23:52,157,15.7
2024-12-17 19:23:53,71,7.1
2024-12-17 19:23:54,91,9.1
2024-12-17 19:23:55,128,12.8
2024-12-17 19:23:56,114,11.4
2024-12-17 19:23:57,147,14.7
2024-12-17 19:23:58,140,14.0
2024-12-17 19:23:59,96,9.6
2024-12-17 19:24:00,121,12.1
2024-12-17 19:24:01,104,10.4
2024-12-17 19:24:02,103,10.3
2024-12-17 19:24:03,131,13.1
2024-12-17 19:24:04,153,15.3
2024-12-17 19:24:05,73,7.3
2024-12-17 19:24:06,130,13.0
2024-12-17 19:24:07,152,15.2
2024-12-17 19:24:08,88,8.8
2024-12-17 19:24:09,137,13.7
2024-12-17 19:24:10,145,14.5
2024-12-17 19:24:11,50,5.0
2024-12-17 19:24:12,62,6.2
2024-12-17 19:24:13,66,6.6
2024-12-17 19:24:14,100,10.0
2024-12-17 19:24:15,63,6.3
2024-12-17 19:24:16,125,12.5
2024-12-17 19:24:17,140,14.0
2024-12-17 19:24:18,122,12.2
2024-12-17 19:24:19,66,6.6
2024-12-17 19:24:20,151,15.1
2024-12-17 19:24:21,72,7.2
2024-12-17 19:24:22,94,9.4
2024-12-17 19:24:23,106,10.6
2024-12-17 19:24:24,135,13.5
2024-12-17 19:24:25,86,8.6
2024-12-17 19:24:26,86,8.6
2024-12-17 19:24:27,89,8.9
2024-12-17 19:24:28,90,9.0
2024-12-17 19:24:29,97,9.7
2024-12-17 19:24:30,134,13.4
2024-12-17 19:24:31,115,11.5
2024-12-17 19:24:32,63,6.3
2024-12-17 19:24:33,78,7.8
2024-12-17 19:24:34,84,8.4
2024-12-17 19:24:35,125,12.5
2024-12-17 19:24:36,85,8.5
2024-12-17 19:24:37,117,11.7
2024-12-17 19:24:38,122,12.2
2024-12-17 19:24:39,155,15.5
2024-12-17 19:24:40,60,6.0
2024-12-17 19:24:41,82,8.2
2024-12-17 19:24:42,52,5.2
2024-12-17 19:24:43,119,11.9
2024-12-17 19:24:44,135,13.5
2024-12-17 19:24:45,76,7.6
2024-12-17 19:24:46,127,12.7
2024-12-17 19:24:47,91,9.1
2024-12-17 19:24:48,55,5.5
2024-12-17 19:24:49,97,9.7
2024-12-17 19:24:50,114,11.4
2024-12-17 19:24:51,58,5.8
2024-12-17 19:24:52,143,14.3
2024-12-17 19:24:53,55,5.5
2024-12-17 19:24:54,58,5.8
2024-12-17 19:24:55,122,12.2
2024-12-17 19:24:56,140,14.0
2024-12-17 19:24:57,89,8.9
2024-12-17 19:24:58,154,15.4
2024-12-17 19:24:59,113,11.3
2024-12-17 19:25:00,126,12.6
2024-12-17 19:25:01,133,13.3
2024-12-17 19:25:02,141,14.1
2024-12-17 19:25:03,131,13.1
2024-12-17 19:25:04,97,9.7
2024-12-17 19:25:05,85,8.5
2024-12-17 19:25:06,135,13.5
2024-12-17 19:25:07,118,11.8
2024-12-17 19:25:08,128,12.8
2024-12-17 19:25:09,147,14.7
2024-12-17 19:25:10,121,12.1
2024-12-17 19:25:11,52,5.2
2024-12-17 19:25:12,54,5.4
2024-12-17 19:25:13,118,11.8
2024-12-17 19:25:14,133,13.3
2024-12-17 19:25:15,63,6.3
2024-12-17 19:25:16,110,11.0
2024-12-17 19:25:17,157,15.7
2024-12-17 19:25:18,90,9.0
2024-12-17 19:25:19,52,5.2
2024-12-17 19:25:20,160,16.0
2024-12-17 19:25:21,111,11.1
2024-12-17 19:25:22,107,10.7
2024-12-17 19:25:23,110,11.0
2024-12-17 19:25:24,57,5.7
2024-12-17 19:25:25,76,7.6
2024-12-17 19:25:26,108,10.8
2024-12-17 19:25:27,148,14.8
2024-12-17 19:25:28,80,8.0
2024-12-17 19:25:29,72,7.2
2024-12-17 19:25:30,83,8.3
2024-12-17 19:25:31,95,9.5
2024-12-17 19:25:32,64,6.4
2024-12-17 19:25:33,93,9.3
2024-12-17 19:25:34,135,13.5
2024-12-17 19:25:35,65,6.5
2024-12-17 19:25:36,141,14.1
2024-12-17 19:25:37,55,5.5
2024-12-17 19:25:38,118,11.8
2024-12-17 19:25:39,50,5.0
2024-12-17 19:25:40,126,12.6
2024-12-17 19:25:41,146,14.6
2024-12-17 19:25:42,159,15.9
2024-12-17 19:25:43,144,14.4
2024-12-17 19:25:44,90,9.0
2024-12-17 19:25:45,142,14.2
2024-12-17 19:25:46,102,10.2
2024-12-17 19:25:47,115,11.5
2024-12-17 19:25:48,94,9.4
2024-12-17 19:25:49,132,13.2
2024-12-17 19:25:50,132,13.2
2024-12-17 19:25:51,157,15.7
2024-12-17 19:25:52,94,9.4
2024-12-17 19:25:53,134,13.4
2024-12-17 19:25:54,64,6.4
2024-12-17 19:25:55,128,12.8
2024-12-17 19:25:56,126,12.6
2024-12-17 19:25:57,61,6.1
2024-12-17 19:25:58,118,11.8
2024-12-17 19:25:59,69,6.9
2024-12-17 19:26:00,87,8.7
2024-12-17 19:26:01,121,12.1
2024-12-17 19:26:02,68,6.8
2024-12-17 19:26:03,100,10.0
2024-12-17 19:26:04,153,15.3
2024-12-17 19:26:05,152,15.2
2024-12-17 19:26:06,86,8.6
2024-12-17 19:26:07,77,7.7
2024-12-17 19:26:08,60,6.0
2024-12-17 19:26:09,83,8.3
2024-12-17 19:26:10,81,8.1
2024-12-17 19:26:11,134,13.4
2024-12-17 19:26:12,65,6.5
2024-12-17 19:26:13,138,13.8
2024-12-17 19:26:14,70,7.0
2024-12-17 19:26:15,118,11.8
2024-12-17 19:26:16,54,5.4
2024-12-17 19:26:17,70,7.0
2024-12-17 19:26:18,99,9.9
2024-12-17 19:26:19,126,12.6
2024-12-17 19:26:20,81,8.1
2024-12-17 19:26:21,154,15.4
2024-12-17 19:26:22,153,15.3
2024-12-17 19:26:23,91,9.1
2024-12-17 19:26:24,155,15.5
2024-12-17 19:26:25,149,14.9
2024-12-17 19:26:26,95,9.5
2024-12-17 19:26:27,157,15.7
2024-12-17 19:26:28,125,12.5
2024-12-17 19:26:29,127,12.7
2024-12-17 19:26:30,60,6.0
2024-12-17 19:26:31,79,7.9
2024-12-17 19:26:32,132,13.2
2024-12-17 19:26:33,147,14.7
2024-12-17 19:26:34,159,15.9
2024-12-17 19:26:35,132,13.2
2024-12-17 19:26:36,106,10.6
2024-12-17 19:26:37,129,12.9
2024-12-17 19:26:38,138,13.8
2024-12-17 19:26:39,62,6.2
2024-12-17 19:26:40,50,5.0
2024-12-17 19:26:41,121,12.1
2024-12-17 19:26:42,129,12.9
2024-12-17 19:26:43,54,5.4
2024-12-17 19:26:44,113,11.3
2024-12-17 19:26:45,56,5.6
2024-12-17 19:26:46,92,9.2
2024-12-17 19:26:47,99,9.9
2024-12-17 19:26:48,147,14.7
2024-12-17 19:26:49,156,15.6
2024-12-17 19:26:50,102,10.2
2024-12-17 19:26:51,132,13.2
2024-12-17 19:26:52,122,12.2
2024-12-17 19:26:53,93,9.3
2024-12-17 19:26:54,59,5.9
2024-12-17 19:26:55,133,13.3
2024-12-17 19:26:56,116,11.6
2024-12-17 19:26:57,103,10.3
2024-12-17 19:26:58,73,7.3
2024-12-17 19:26:59,143,14.3
2024-12-17 19:27:00,105,10.5
2024-12-17 19:27:01,95,9.5
2024-12-17 19:27:02,112,11.2
2024-12-17 19:27:03,122,12.2
2024-12-17 19:27:04,116,11.6
2024-12-17 19:27:05,128,12.8
2024-12-17 19:27:06,58,5.8
2024-12-17 19:27:07,136,13.6
2024-12-17 19:27:08,53,5.3
2024-12-17 19:27:09,66,6.6
2024-12-17 19:27:10,89,8.9
2024-12-17 19:27:11,63,6.3
2024-12-17 19:27:12,62,6.2
2024-12-17 19:27:13,112,11.2
2024-12-17 19:27:14,67,6.7
2024-12-17 19:27:15,87,8.7
2024-12-17 19:27:16,98,9.8
2024-12-17 19:27:17,89,8.9
2024-12-17 19:27:18,53,5.3
2024-12-17 19:27:19,54,5.4
2024-12-17 19:27:20,68,6.8
2024-12-17 19:27:21,147,14.7
2024-12-17 19:27:22,151,15.1
2024-12-17 19:27:23,134,13.4
2024-12-17 19:27:24,63,6.3
2024-12-17 19:27:25,117,11.7
2024-12-17 19:27:26,152,15.2
2024-12-17 19:27:27,125,12.5
2024-12-17 19:27:28,160,16.0
2024-12-17 19:27:29,158,15.8
2024-12-17 19:27:30,139,13.9
2024-12-17 19:27:31,107,10.7
2024-12-17 19:27:32,94,9.4
2024-12-17 19:27:33,146,14.6
2024-12-17 19:27:34,88,8.8
2024-12-17 19:27:35,157,15.7
2024-12-17 19:27:36,140,14.0
2024-12-17 19:27:37,157,15.7
2024-12-17 19:27:38,160,16.0
2024-12-17 19:27:39,142,14.2
2024-12-17 19:27:40,112,11.2
2024-12-17 19:27:41,150,15.0
2024-12-17 19:27:42,149,14.9
2024-12-17 19:27:43,68,6.8
2024-12-17 19:27:44,87,8.7
2024-12-17 19:27:45,51,5.1
2024-12-17 19:27:46,95,9.5
2024-12-17 19:27:47,100,10.0
2024-12-17 19:27:48,92,9.2
2024-12-17 19:27:49,141,14.1
2024-12-17 19:27:50,68,6.8
2024-12-17 19:27:51,122,12.2
2024-12-17 19:27:52,101,10.1
2024-12-17 19:27:53,63,6.3
2024-12-17 19:27:54,152,15.2
2024-12-17 19:27:55,79,7.9
2024-12-17 19:27:56,148,14.8
2024-12-17 19:27:57,152,15.2
2024-12-17 19:27:58,130,13.0
2024-12-17 19:27:59,97,9.7
2024-12-17 19:28:00,61,6.1
2024-12-17 19:28:01,59,5.9
2024-12-17 19:28:02,122,12.2
2024-12-17 19:28:03,50,5.0
2024-12-17 19:28:04,130,13.0
2024-12-17 19:28:05,85,8.5
2024-12-17 19:28:06,97,9.7
2024-12-17 19:28:07,149,14.9
2024-12-17 19:28:08,76,7.6
2024-12-17 19:28:09,137,13.7
2024-12-17 19:28:10,96,9.6
2024-12-17 19:28:11,108,10.8
2024-12-17 19:28:12,122,12.2
2024-12-17 19:28:13,132,13.2
2024-12-17 19:28:14,58,5.8
2024-12-17 19:28:15,150,15.0
2024-12-17 19:28:16,61,6.1
2024-12-17 19:28:17,112,11.2
2024-12-17 19:28:18,80,8.0
2024-12-17 19:28:19,129,12.9
2024-12-17 19:28:20,54,5.4
2024-12-17 19:28:21,78,7.8
2024-12-17 19:28:22,64,6.4
2024-12-17 19:28:23,138,13.8
2024-12-17 19:28:24,143,14.3
2024-12-17 19:28:25,121,12.1
2024-12-17 19:28:26,133,13.3
2024-12-17 19:28:27,157,15.7
2024-12-17 19:28:28,136,13.6
2024-12-17 19:28:29,144,14.4
2024-12-17 19:28:30,107,10.7
2024-12-17 19:28:31,109,10.9
2024-12-17 19:28:32,65,6.5
2024-12-17 19:28:33,106,10.6
2024-12-17 19:28:34,134,13.4
2024-12-17 19:28:35,57,5.7
2024-12-17 19:28:36,58,5.8
2024-12-17 19:28:37,112,11.2
2024-12-17 19:28:38,86,8.6
2024-12-17 19:28:39,85,8.5
2024-12-17 19:28:40,74,7.4
2024-12-17 19:28:41,89,8.9
2024-12-17 19:28:42,122,12.2
2024-12-17 19:28:43,159,15.9
2024-12-17 19:28:44,119,11.9
2024-12-17 19:28:45,115,11.5
2024-12-17 19:28:46,148,14.8
2024-12-17 19:28:47,92,9.2
2024-12-17 19:28:48,70,7.0
2024-12-17 19:28:49,97,9.7
2024-12-17 19:28:50,150,15.0
2024-12-17 19:28:51,75,7.5
2024-12-17 19:28:52,158,15.8
2024-12-17 19:28:53,150,15.0
2024-12-17 19:28:54,89,8.9
2024-12-17 19:28:55,69,6.9
2024-12-17 19:28:56,127,12.7
2024-12-17 19:28:57,91,9.1
2024-12-17 19:28:58,84,8.4
2024-12-17 19:28:59,156,15.6
2024-12-17 19:29:00,85,8.5
2024-12-17 19:29:01,100,10.0
2024-12-17 19:29:02,153,15.3
2024-12-17 19:29:03,97,9.7
2024-12-17 19:29:04,64,6.4
2024-12-17 19:29:05,147,14.7
2024-12-17 19:29:06,51,5.1
2024-12-17 19:29:07,123,12.3
2024-12-17 19:29:08,61,6.1
2024-12-17 19:29:09,121,12.1
2024-12-17 19:29:10,57,5.7
2024-12-17 19:29:11,110,11.0
2024-12-17 19:29:12,147,14.7
2024-12-17 19:29:13,75,7.5
2024-12-17 19:29:14,153,15.3
2024-12-17 19:29:15,56,5.6
2024-12-17 19:29:16,91,9.1
2024-12-17 19:29:17,58,5.8
2024-12-17 19:29:18,78,7.8
2024-12-17 19:29:19,68,6.8
2024-12-17 19:29:20,120,12.0
2024-12-17 19:29:21,99,9.9
2024-12-17 19:29:22,70,7.0
2024-12-17 19:29:23,148,14.8
2024-12-17 19:29:24,61,6.1
2024-12-17 19:29:25,121,12.1
2024-12-17 19:29:26,61,6.1
2024-12-17 19:29:27,108,10.8
2024-12-17 19:29:28,140,14.0
2024-12-17 19:29:29,51,5.1
2024-12-17 19:29:30,142,14.2
2024-12-17 19:29:31,85,8.5
2024-12-17 19:29:32,52,5.2
2024-12-17 19:29:33,102,10.2
2024-12-17 19:29:34,67,6.7
2024-12-17 19:29:35,129,12.9
2024-12-17 19:29:36,98,9.8
2024-12-17 19:29:37,96,9.6
2024-12-17 19:29:38,121,12.1
2024-12-17 19:29:39,141,14.1
2024-12-17 19:29:40,111,11.1
2024-12-17 19:29:41,108,10.8
2024-12-17 19:29:42,88,8.8
2024-12-17 19:29:43,134,13.4
2024-12-17 19:29:44,157,15.7
2024-12-17 19:29:45,51,5.1
2024-12-17 19:29:46,107,10.7
2024-12-17 19:29:47,95,9.5
2024-12-17 19:29:48,83,8.3
2024-12-17 19:29:49,76,7.6
2024-12-17 19:29:50,110,11.0
2024-12-17 19:29:51,143,14.3
2024-12-17 19:29:52,81,8.1
2024-12-17 19:29:53,160,16.0
2024-12-17 19:29:54,85,8.5
2024-12-17 19:29:55,60,6.0
2024-12-17 19:29:56,77,7.7
2024-12-17 19:29:57,145,14.5
2024-12-17 19:29:58,147,14.7
2024-12-17 19:29:59,140,14.0
2024-12-17 19:30:00,74,7.4
2024-12-17 19:30:01,146,14.6
2024-12-17 19:30:02,160,16.0
2024-12-17 19:30:03,156,15.6
2024-12-17 19:30:04,111,11.1
2024-12-17 19:30:05,76,7.6
2024-12-17 19:30:06,72,7.2
2024-12-17 19:30:07,106,10.6
2024-12-17 19:30:08,87,8.7
2024-12-17 19:30:09,56,5.6
2024-12-17 19:30:10,105,10.5
2024-12-17 19:30:11,136,13.6
2024-12-17 19:30:12,53,5.3
2024-12-17 19:30:13,89,8.9
2024-12-17 19:30:14,50,5.0
2024-12-17 19:30:15,141,14.1
2024-12-17 19:30:16,81,8.1
2024-12-17 19:30:17,116,11.6
2024-12-17 19:30:18,139,13.9
2024-12-17 19:30:19,142,14.2
2024-12-17 19:30:20,157,15.7
2024-12-17 19:30:21,86,8.6
2024-12-17 19:30:22,107,10.7
2024-12-17 19:30:23,121,12.1
2024-12-17 19:30:24,51,5.1
2024-12-17 19:30:25,149,14.9
2024-12-17 19:30:26,150,15.0
2024-12-17 19:30:27,156,15.6
2024-12-17 19:30:28,129,12.9
2024-12-17 19:30:29,86,8.6
2024-12-17 19:30:30,120,12.0
2024-12-17 19:30:31,145,14.5
2024-12-17 19:30:32,73,7.3
2024-12-17 19:30:33,126,12.6
2024-12-17 19:30:34,116,11.6
2024-12-17 19:30:35,78,7.8
2024-12-17 19:30:36,83,8.3
2024-12-17 19:30:37,148,14.8
2024-12-17 19:30:38,154,15.4
2024-12-17 19:30:39,131,13.1
2024-12-17 19:30:40,85,8.5
2024-12-17 19:30:41,56,5.6
2024-12-17 19:30:42,106,10.6
2024-12-17 19:30:43,84,8.4
2024-12-17 19:30:44,109,10.9
2024-12-17 19:30:45,60,6.0
2024-12-17 19:30:46,129,12.9
2024-12-17 19:30:47,120,12.0
2024-12-17 19:30:48,89,8.9
2024-12-17 19:30:49,72,7.2
2024-12-17 19:30:50,143,14.3
2024-12-17 19:30:51,160,16.0
2024-12-17 19:30:52,114,11.4
2024-12-17 19:30:53,97,9.7
2024-12-17 19:30:54,120,12.0
2024-12-17 19:30:55,59,5.9
2024-12-17 19:30:56,157,15.7
2024-12-17 19:30:57,153,15.3
2024-12-17 19:30:58,126,12.6
2024-12-17 19:30:59,98,9.8
2024-12-17 19:31:00,114,11.4
2024-12-17 19:31:01,126,12.6
2024-12-17 19:31:02,154,15.4
2024-12-17 19:31:03,50,5.0
2024-12-17 19:31:04,150,15.0
2024-12-17 19:31:05,71,7.1
2024-12-17 19:31:06,85,8.5
2024-12-17 19:31:07,76,7.6
2024-12-17 19:31:08,68,6.8
2024-12-17 19:31:09,141,14.1
2024-12-17 19:31:10,139,13.9
2024-12-17 19:31:11,151,15.1
2024-12-17 19:31:12,98,9.8
2024-12-17 19:31:13,78,7.8
2024-12-17 19:31:14,160,16.0
2024-12-17 19:31:15,76,7.6
2024-12-17 19:31:16,129,12.9
2024-12-17 19:31:17,59,5.9
2024-12-17 19:31:18,86,8.6
2024-12-17 19:31:19,52,5.2
2024-12-17 19:31:20,151,15.1
2024-12-17 19:31:21,97,9.7
2024-12-17 19:31:22,56,5.6
2024-12-17 19:31:23,54,5.4
2024-12-17 19:31:24,78,7.8
2024-12-17 19:31:25,155,15.5
2024-12-17 19:31:26,122,12.2
2024-12-17 19:31:27,62,6.2
2024-12-17 19:31:28,134,13.4
2024-12-17 19:31:29,117,11.7
2024-12-17 19:31:30,68,6.8
2024-12-17 19:31:31,86,8.6
2024-12-17 19:31:32,134,13.4
2024-12-17 19:31:33,68,6.8
2024-12-17 19:31:34,119,11.9
2024-12-17 19:31:35,135,13.5
2024-12-17 19:31:36,149,14.9
2024-12-17 19:31:37,156,15.6
2024-12-17 19:31:38,111,11.1
2024-12-17 19:31:39,82,8.2
2024-12-17 19:31:40,51,5.1
2024-12-17 19:31:41,115,11.5
2024-12-17 19:31:42,103,10.3
2024-12-17 19:31:43,66,6.6
2024-12-17 19:31:44,134,13.4
2024-12-17 19:31:45,87,8.7
2024-12-17 19:31:46,57,5.7
2024-12-17 19:31:47,145,14.5
2024-12-17 19:31:48,113,11.3
2024-12-17 19:31:49,123,12.3
2024-12-17 19:31:50,65,6.5
2024-12-17 19:31:51,152,15.2
2024-12-17 19:31:52,112,11.2
2024-12-17 19:31:53,119,11.9
2024-12-17 19:31:54,130,13.0
2024-12-17 19:31:55,92,9.2
2024-12-17 19:31:56,149,14.9
2024-12-17 19:31:57,80,8.0
2024-12-17 19:31:58,156,15.6
2024-12-17 19:31:59,76,7.6
2024-12-17 19:32:00,87,8.7
2024-12-17 19:32:01,132,13.2
2024-12-17 19:32:02,105,10.5
2024-12-17 19:32:03,105,10.5
2024-12-17 19:32:04,138,13.8
2024-12-17 19:32:05,145,14.5
2024-12-17 19:32:06,58,5.8
2024-12-17 19:32:07,56,5.6
2024-12-17 19:32:08,91,9.1
2024-12-17 19:32:09,139,13.9
2024-12-17 19:32:10,124,12.4
2024-12-17 19:32:11,107,10.7
2024-12-17 19:32:12,56,5.6
2024-12-17 19:32:13,149,14.9
2024-12-17 19:32:14,98,9.8
2024-12-17 19:32:15,101,10.1
2024-12-17 19:32:16,147,14.7
2024-12-17 19:32:17,109,10.9
2024-12-17 19:32:18,102,10.2
2024-12-17 19:32:19,91,9.1
2024-12-17 19:32:20,136,13.6
2024-12-17 19:32:21,98,9.8
2024-12-17 19:32:22,50,5.0
2024-12-17 19:32:23,116,11.6
2024-12-17 19:32:24,150,15.0
2024-12-17 19:32:25,144,14.4
2024-12-17 19:32:26,135,13.5
2024-12-17 19:32:27,116,11.6
2024-12-17 19:32:28,54,5.4
2024-12-17 19:32:29,153,15.3
2024-12-17 19:32:30,55,5.5
2024-12-17 19:32:31,91,9.1
2024-12-17 19:32:32,119,11.9
2024-12-17 19:32:33,155,15.5
2024-12-17 19:32:34,150,15.0
2024-12-17 19:32:35,74,7.4
2024-12-17 19:32:36,103,10.3
2024-12-17 19:32:37,80,8.0
2024-12-17 19:32:38,98,9.8
2024-12-17 19:32:39,152,15.2
2024-12-17 19:32:40,140,14.0
2024-12-17 19:32:41,113,11.3
2024-12-17 19:32:42,53,5.3
2024-12-17 19:32:43,67,6.7
2024-12-17 19:32:44,128,12.8
2024-12-17 19:32:45,79,7.9
2024-12-17 19:32:46,139,13.9
2024-12-17 19:32:47,57,5.7
2024-12-17 19:32:48,59,5.9
2024-12-17 19:32:49,99,9.9
2024-12-17 19:32:50,144,14.4
2024-12-17 19:32:51,73,7.3
2024-12-17 19:32:52,152,15.2
2024-12-17 19:32:53,150,15.0
2024-12-17 19:32:54,99,9.9
2024-12-17 19:32:55,119,11.9
2024-12-17 19:32:56,58,5.8
2024-12-17 19:32:57,158,15.8
2024-12-17 19:32:58,77,7.7
2024-12-17 19:32:59,156,15.6
2024-12-17 19:33:00,160,16.0
2024-12-17 19:33:01,160,16.0
2024-12-17 19:33:02,96,9.6
2024-12-17 19:33:03,131,13.1
2024-12-17 19:33:04,54,5.4
2024-12-17 19:33:05,132,13.2
2024-12-17 19:33:06,146,14.6
2024-12-17 19:33:07,67,6.7
2024-12-17 19:33:08,145,14.5
2024-12-17 19:33:09,79,7.9
2024-12-17 19:33:10,131,13.1
2024-12-17 19:33:11,54,5.4
2024-12-17 19:33:12,69,6.9
2024-12-17 19:33:13,93,9.3
2024-12-17 19:33:14,109,10.9
2024-12-17 19:33:15,104,10.4
2024-12-17 19:33:16,137,13.7
2024-12-17 19:33:17,62,6.2
2024-12-17 19:33:18,78,7.8
2024-12-17 19:33:19,89,8.9
2024-12-17 19:33:20,98,9.8
2024-12-17 19:33:21,107,10.7
2024-12-17 19:33:22,52,5.2
2024-12-17 19:33:23,156,15.6
2024-12-17 19:33:24,126,12.6
2024-12-17 19:33:25,92,9.2
2024-12-17 19:33:26,101,10.1
2024-12-17 19:33:27,119,11.9
2024-12-17 19:33:28,97,9.7
2024-12-17 19:33:29,145,14.5
2024-12-17 19:33:30,121,12.1
2024-12-17 19:33:31,70,7.0
2024-12-17 19:33:32,127,12.7
2024-12-17 19:33:33,128,12.8
2024-12-17 19:33:34,142,14.2
2024-12-17 19:33:35,117,11.7
2024-12-17 19:33:36,102,10.2
2024-12-17 19:33:37,74,7.4
2024-12-17 19:33:38,70,7.0
2024-12-17 19:33:39,153,15.3
2024-12-17 19:33:40,65,6.5
2024-12-17 19:33:41,140,14.0
2024-12-17 19:33:42,53,5.3
2024-12-17 19:33:43,98,9.8
2024-12-17 19:33:44,108,10.8
2024-12-17 19:33:45,58,5.8
2024-12-17 19:33:46,90,9.0
2024-12-17 19:33:47,75,7.5
2024-12-17 19:33:48,88,8.8
2024-12-17 19:33:49,158,15.8
2024-12-17 19:33:50,59,5.9
2024-12-17 19:33:51,114,11.4
2024-12-17 19:33:52,88,8.8
2024-12-17 19:33:53,138,13.8
2024-12-17 19:33:54,63,6.3
2024-12-17 19:33:55,109,10.9
2024-12-17 19:33:56,108,10.8
2024-12-17 19:33:57,59,5.9
2024-12-17 19:33:58,159,15.9
2024-12-17 19:33:59,112,11.2
2024-12-17 19:34:00,152,15.2
2024-12-17 19:34:01,58,5.8
2024-12-17 19:34:02,118,11.8
2024-12-17 19:34:03,103,10.3
2024-12-17 19:34:04,119,11.9
2024-12-17 19:34:05,57,5.7
2024-12-17 19:34:06,108,10.8
2024-12-17 19:34:07,102,10.2
2024-12-17 19:34:08,93,9.3
2024-12-17 19:34:09,86,8.6
2024-12-17 19:34:10,132,13.2
2024-12-17 19:34:11,133,13.3
2024-12-17 19:34:12,142,14.2
2024-12-17 19:34:13,70,7.0
2024-12-17 19:34:14,86,8.6
2024-12-17 19:34:15,158,15.8
2024-12-17 19:34:16,63,6.3
2024-12-17 19:34:17,152,15.2
2024-12-17 19:34:18,86,8.6
2024-12-17 19:34:19,158,15.8
2024-12-17 19:34:20,57,5.7
2024-12-17 19:34:21,160,16.0
2024-12-17 19:34:22,77,7.7
2024-12-17 19:34:23,101,10.1
2024-12-17 19:34:24,120,12.0
2024-12-17 19:34:25,131,13.1
2024-12-17 19:34:26,86,8.6
2024-12-17 19:34:27,90,9.0
2024-12-17 19:34:28,125,12.5
2024-12-17 19:34:29,72,7.2
2024-12-17 19:34:30,50,5.0
2024-12-17 19:34:31,67,6.7
2024-12-17 19:34:32,99,9.9
2024-12-17 19:34:33,63,6.3
2024-12-17 19:34:34,112,11.2
2024-12-17 19:34:35,76,7.6
2024-12-17 19:34:36,105,10.5
2024-12-17 19:34:37,69,6.9
2024-12-17 19:34:38,140,14.0
2024-12-17 19:34:39,100,10.0
2024-12-17 19:34:40,71,7.1
2024-12-17 19:34:41,123,12.3
2024-12-17 19:34:42,92,9.2
2024-12-17 19:34:43,121,12.1
2024-12-17 19:34:44,127,12.7
2024-12-17 19:34:45,63,6.3
2024-12-17 19:34:46,137,13.7
2024-12-17 19:34:47,136,13.6
2024-12-17 19:34:48,78,7.8
2024-12-17 19:34:49,140,14.0
2024-12-17 19:34:50,120,12.0
2024-12-17 19:34:51,83,8.3
2024-12-17 19:34:52,86,8.6
2024-12-17 19:34:53,53,5.3
2024-12-17 19:34:54,75,7.5
2024-12-17 19:34:55,72,7.2
2024-12-17 19:34:56,114,11.4
2024-12-17 19:34:57,81,8.1
2024-12-17 19:34:58,99,9.9
2024-12-17 19:34:59,133,13.3
2024-12-17 19:35:00,129,12.9
2024-12-17 19:35:01,71,7.1
2024-12-17 19:35:02,146,14.6
2024-12-17 19:35:03,75,7.5
2024-12-17 19:35:04,51,5.1
2024-12-17 19:35:05,124,12.4
2024-12-17 19:35:06,122,12.2
2024-12-17 19:35:07,77,7.7
2024-12-17 19:35:08,155,15.5
2024-12-17 19:35:09,132,13.2
2024-12-17 19:35:10,107,10.7
2024-12-17 19:35:11,129,12.9
2024-12-17 19:35:12,64,6.4
2024-12-17 19:35:13,95,9.5
2024-12-17 19:35:14,107,10.7
2024-12-17 19:35:15,118,11.8
2024-12-17 19:35:16,160,16.0
2024-12-17 19:35:17,100,10.0
2024-12-17 19:35:18,79,7.9
2024-12-17 19:35:19,111,11.1
2024-12-17 19:35:20,123,12.3
2024-12-17 19:35:21,127,12.7
2024-12-17 19:35:22,65,6.5
2024-12-17 19:35:23,143,14.3
2024-12-17 19:35:24,66,6.6
2024-12-17 19:35:25,160,16.0
2024-12-17 19:35:26,108,10.8
2024-12-17 19:35:27,54,5.4
2024-12-17 19:35:28,124,12.4
2024-12-17 19:35:29,73,7.3
2024-12-17 19:35:30,82,8.2
2024-12-17 19:35:31,97,9.7
2024-12-17 19:35:32,77,7.7
2024-12-17 19:35:33,149,14.9
2024-12-17 19:35:34,136,13.6
2024-12-17 19:35:35,138,13.8
2024-12-17 19:35:36,70,7.0
2024-12-17 19:35:37,67,6.7
2024-12-17 19:35:38,94,9.4
2024-12-17 19:35:39,78,7.8
2024-12-17 19:35:40,117,11.7
2024-12-17 19:35:41,98,9.8
2024-12-17 19:35:42,150,15.0
2024-12-17 19:35:43,58,5.8
2024-12-17 19:35:44,119,11.9
2024-12-17 19:35:45,92,9.2
2024-12-17 19:35:46,107,10.7
2024-12-17 19:35:47,143,14.3
2024-12-17 19:35:48,53,5.3
2024-12-17 19:35:49,69,6.9
2024-12-17 19:35:50,70,7.0
2024-12-17 19:35:51,154,15.4
2024-12-17 19:35:52,90,9.0
2024-12-17 19:35:53,100,10.0
2024-12-17 19:35:54,118,11.8
2024-12-17 19:35:55,118,11.8
2024-12-17 19:35:56,160,16.0
2024-12-17 19:35:57,63,6.3
2024-12-17 19:35:58,153,15.3
2024-12-17 19:35:59,104,10.4
2024-12-17 19:36:00,138,13.8
2024-12-17 19:36:01,101,10.1
2024-12-17 19:36:02,123,12.3
2024-12-17 19:36:03,68,6.8
2024-12-17 19:36:04,54,5.4
2024-12-17 19:36:05,61,6.1
2024-12-17 19:36:06,64,6.4
2024-12-17 19:36:07,51,5.1
2024-12-17 19:36:08,103,10.3
2024-12-17 19:36:09,139,13.9
2024-12-17 19:36:10,60,6.0
2024-12-17 19:36:11,57,5.7
2024-12-17 19:36:12,85,8.5
2024-12-17 19:36:13,149,14.9
2024-12-17 19:36:14,111,11.1
2024-12-17 19:36:15,97,9.7
2024-12-17 19:36:16,133,13.3
2024-12-17 19:36:17,145,14.5
2024-12-17 19:36:18,50,5.0
2024-12-17 19:36:19,101,10.1
2024-12-17 19:36:20,127,12.7
2024-12-17 19:36:21,80,8.0
2024-12-17 19:36:22,148,14.8
2024-12-17 19:36:23,139,13.9
2024-12-17 19:36:24,64,6.4
2024-12-17 19:36:25,118,11.8
2024-12-17 19:36:26,75,7.5
2024-12-17 19:36:27,78,7.8
2024-12-17 19:36:28,93,9.3
2024-12-17 19:36:29,101,10.1
2024-12-17 19:36:30,88,8.8
2024-12-17 19:36:31,95,9.5
2024-12-17 19:36:32,73,7.3
2024-12-17 19:36:33,94,9.4
2024-12-17 19:36:34,77,7.7
2024-12-17 19:36:35,91,9.1
2024-12-17 19:36:36,157,15.7
2024-12-17 19:36:37,64,6.4
2024-12-17 19:36:38,63,6.3
2024-12-17 19:36:39,80,8.0
2024-12-17 19:36:40,80,8.0
2024-12-17 19:36:41,64,6.4
2024-12-17 19:36:42,72,7.2
2024-12-17 19:36:43,118,11.8
2024-12-17 19:36:44,50,5.0
2024-12-17 19:36:45,120,12.0
2024-12-17 19:36:46,149,14.9
2024-12-17 19:36:47,113,11.3
2024-12-17 19:36:48,78,7.8
2024-12-17 19:36:49,153,15.3
2024-12-17 19:36:50,133,13.3
2024-12-17 19:36:51,59,5.9
2024-12-17 19:36:52,150,15.0
2024-12-17 19:36:53,53,5.3
2024-12-17 19:36:54,91,9.1
2024-12-17 19:36:55,83,8.3
2024-12-17 19:36:56,147,14.7
2024-12-17 19:36:57,62,6.2
2024-12-17 19:36:58,122,12.2
2024-12-17 19:36:59,51,5.1
2024-12-17 19:37:00,116,11.6
2024-12-17 19:37:01,129,12.9
2024-12-17 19:37:02,66,6.6
2024-12-17 19:37:03,62,6.2
2024-12-17 19:37:04,86,8.6
2024-12-17 19:37:05,155,15.5
2024-12-17 19:37:06,99,9.9
2024-12-17 19:37:07,62,6.2
2024-12-17 19:37:08,120,12.0
2024-12-17 19:37:09,155,15.5
2024-12-17 19:37:10,144,14.4
2024-12-17 19:37:11,97,9.7
2024-12-17 19:37:12,119,11.9
2024-12-17 19:37:13,149,14.9
2024-12-17 19:37:14,66,6.6
2024-12-17 19:37:15,68,6.8
2024-12-17 19:37:16,153,15.3
2024-12-17 19:37:17,147,14.7
2024-12-17 19:37:18,122,12.2
2024-12-17 19:37:19,158,15.8
2024-12-17 19:37:20,148,14.8
2024-12-17 19:37:21,64,6.4
2024-12-17 19:37:22,132,13.2
2024-12-17 19:37:23,55,5.5
2024-12-17 19:37:24,60,6.0
2024-12-17 19:37:25,127,12.7
2024-12-17 19:37:26,149,14.9
2024-12-17 19:37:27,106,10.6
2024-12-17 19:37:28,57,5.7
2024-12-17 19:37:29,116,11.6
2024-12-17 19:37:30,68,6.8
2024-12-17 19:37:31,54,5.4
2024-12-17 19:37:32,116,11.6
2024-12-17 19:37:33,112,11.2
2024-12-17 19:37:34,60,6.0
2024-12-17 19:37:35,156,15.6
2024-12-17 19:37:36,159,15.9
2024-12-17 19:37:37,118,11.8
2024-12-17 19:37:38,51,5.1
2024-12-17 19:37:39,122,12.2
2024-12-17 19:37:40,50,5.0
2024-12-17 19:37:41,130,13.0
2024-12-17 19:37:42,146,14.6
2024-12-17 19:37:43,74,7.4
2024-12-17 19:37:44,158,15.8
2024-12-17 19:37:45,146,14.6
2024-12-17 19:37:46,146,14.6
2024-12-17 19:37:47,72,7.2
2024-12-17 19:37:48,150,15.0
2024-12-17 19:37:49,126,12.6
2024-12-17 19:37:50,50,5.0
2024-12-17 19:37:51,63,6.3
2024-12-17 19:37:52,123,12.3
2024-12-17 19:37:53,54,5.4
2024-12-17 19:37:54,100,10.0
2024-12-17 19:37:55,129,12.9
2024-12-17 19:37:56,121,12.1
2024-12-17 19:37:57,103,10.3
2024-12-17 19:37:58,156,15.6
2024-12-17 19:37:59,92,9.2
2024-12-17 19:38:00,66,6.6
2024-12-17 19:38:01,145,14.5
2024-12-17 19:38:02,108,10.8
2024-12-17 19:38:03,50,5.0
2024-12-17 19:38:04,130,13.0
2024-12-17 19:38:05,101,10.1
2024-12-17 19:38:06,147,14.7
2024-12-17 19:38:07,127,12.7
2024-12-17 19:38:08,119,11.9
2024-12-17 19:38:09,148,14.8
2024-12-17 19:38:10,109,10.9
2024-12-17 19:38:11,105,10.5
2024-12-17 19:38:12,147,14.7
2024-12-17 19:38:13,152,15.2
2024-12-17 19:38:14,122,12.2
2024-12-17 19:38:15,78,7.8
2024-12-17 19:38:16,79,7.9
2024-12-17 19:38:17,159,15.9
2024-12-17 19:38:18,126,12.6
2024-12-17 19:38:19,134,13.4
2024-12-17 19:38:20,150,15.0
2024-12-17 19:38:21,158,15.8
2024-12-17 19:38:22,148,14.8
2024-12-17 19:38:23,99,9.9
2024-12-17 19:38:24,71,7.1
2024-12-17 19:38:25,149,14.9
2024-12-17 19:38:26,56,5.6
2024-12-17 19:38:27,100,10.0
2024-12-17 19:38:28,90,9.0
2024-12-17 19:38:29,148,14.8
2024-12-17 19:38:30,124,12.4
2024-12-17 19:38:31,107,10.7
2024-12-17 19:38:32,122,12.2
2024-12-17 19:38:33,66,6.6
2024-12-17 19:38:34,135,13.5
2024-12-17 19:38:35,87,8.7
2024-12-17 19:38:36,78,7.8
2024-12-17 19:38:37,59,5.9
2024-12-17 19:38:38,139,13.9
2024-12-17 19:38:39,159,15.9
2024-12-17 19:38:40,74,7.4
2024-12-17 19:38:41,93,9.3
2024-12-17 19:38:42,85,8.5
2024-12-17 19:38:43,156,15.6
2024-12-17 19:38:44,100,10.0
2024-12-17 19:38:45,91,9.1
2024-12-17 19:38:46,121,12.1
2024-12-17 19:38:47,132,13.2
2024-12-17 19:38:48,90,9.0
2024-12-17 19:38:49,154,15.4
2024-12-17 19:38:50,118,11.8
2024-12-17 19:38:51,81,8.1
2024-12-17 19:38:52,95,9.5
2024-12-17 19:38:53,83,8.3
2024-12-17 19:38:54,158,15.8
2024-12-17 19:38:55,92,9.2
2024-12-17 19:38:56,136,13.6
2024-12-17 19:38:57,71,7.1
2024-12-17 19:38:58,72,7.2
2024-12-17 19:38:59,87,8.7
2024-12-17 19:39:00,109,10.9
2024-12-17 19:39:01,62,6.2
2024-12-17 19:39:02,130,13.0
2024-12-17 19:39:03,120,12.0
2024-12-17 19:39:04,160,16.0
2024-12-17 19:39:05,64,6.4
2024-12-17 19:39:06,111,11.1
2024-12-17 19:39:07,101,10.1
2024-12-17 19:39:08,147,14.7
2024-12-17 19:39:09,121,12.1
2024-12-17 19:39:10,91,9.1
2024-12-17 19:39:11,120,12.0
2024-12-17 19:39:12,132,13.2
2024-12-17 19:39:13,118,11.8
2024-12-17 19:39:14,51,5.1
2024-12-17 19:39:15,68,6.8
2024-12-17 19:39:16,100,10.0
2024-12-17 19:39:17,125,12.5
2024-12-17 19:39:18,114,11.4
2024-12-17 19:39:19,133,13.3
2024-12-17 19:39:20,83,8.3
2024-12-17 19:39:21,79,7.9
2024-12-17 19:39:22,98,9.8
2024-12-17 19:39:23,64,6.4
2024-12-17 19:39:24,88,8.8
2024-12-17 19:39:25,50,5.0
2024-12-17 19:39:26,105,10.5
2024-12-17 19:39:27,67,6.7
2024-12-17 19:39:28,108,10.8
2024-12-17 19:39:29,88,8.8
2024-12-17 19:39:30,150,15.0
2024-12-17 19:39:31,85,8.5
2024-12-17 19:39:32,148,14.8
2024-12-17 19:39:33,72,7.2
2024-12-17 19:39:34,146,14.6
2024-12-17 19:39:35,71,7.1
2024-12-17 19:39:36,121,12.1
2024-12-17 19:39:37,110,11.0
2024-12-17 19:39:38,85,8.5
2024-12-17 19:39:39,118,11.8
2024-12-17 19:39:40,125,12.5
2024-12-17 19:39:41,75,7.5
2024-12-17 19:39:42,142,14.2
2024-12-17 19:39:43,156,15.6
2024-12-17 19:39:44,133,13.3
2024-12-17 19:39:45,81,8.1
2024-12-17 19:39:46,71,7.1
2024-12-17 19:39:47,85,8.5
2024-12-17 19:39:48,60,6.0
2024-12-17 19:39:49,145,14.5
2024-12-17 19:39:50,62,6.2
2024-12-17 19:39:51,155,15.5
2024-12-17 19:39:52,122,12.2
2024-12-17 19:39:53,141,14.1
2024-12-17 19:39:54,132,13.2
2024-12-17 19:39:55,94,9.4
2024-12-17 19:39:56,53,5.3
2024-12-17 19:39:57,137,13.7
2024-12-17 19:39:58,85,8.5
2024-12-17 19:39:59,110,11.0
2024-12-17 19:40:00,110,11.0
2024-12-17 19:40:01,115,11.5
2024-12-17 19:40:02,148,14.8
2024-12-17 19:40:03,108,10.8
2024-12-17 19:40:04,149,14.9
2024-12-17 19:40:05,106,10.6
2024-12-17 19:40:06,88,8.8
2024-12-17 19:40:07,118,11.8
2024-12-17 19:40:08,146,14.6
2024-12-17 19:40:09,138,13.8
2024-12-17 19:40:10,123,12.3
2024-12-17 19:40:11,57,5.7
2024-12-17 19:40:12,72,7.2
2024-12-17 19:40:13,71,7.1
2024-12-17 19:40:14,128,12.8
2024-12-17 19:40:15,56,5.6
2024-12-17 19:40:16,113,11.3
2024-12-17 19:40:17,78,7.8
2024-12-17 19:40:18,123,12.3
2024-12-17 19:40:19,103,10.3
2024-12-17 19:40:20,158,15.8
2024-12-17 19:40:21,151,15.1
2024-12-17 19:40:22,155,15.5
2024-12-17 19:40:23,104,10.4
2024-12-17 19:40:24,96,9.6
2024-12-17 19:40:25,104,10.4
2024-12-17 19:40:26,74,7.4
2024-12-17 19:40:27,69,6.9
2024-12-17 19:40:28,145,14.5
2024-12-17 19:40:29,105,10.5
2024-12-17 19:40:30,149,14.9
2024-12-17 19:40:31,103,10.3
2024-12-17 19:40:32,64,6.4
2024-12-17 19:40:33,64,6.4
2024-12-17 19:40:34,136,13.6
2024-12-17 19:40:35,118,11.8
2024-12-17 19:40:36,56,5.6
2024-12-17 19:40:37,149,14.9
2024-12-17 19:40:38,60,6.0
2024-12-17 19:40:39,152,15.2
2024-12-17 19:40:40,124,12.4
2024-12-17 19:40:41,139,13.9
2024-12-17 19:40:42,138,13.8
2024-12-17 19:40:43,51,5.1
2024-12-17 19:40:44,103,10.3
2024-12-17 19:40:45,53,5.3
2024-12-17 19:40:46,96,9.6
2024-12-17 19:40:47,146,14.6
2024-12-17 19:40:48,135,13.5
2024-12-17 19:40:49,68,6.8
2024-12-17 19:40:50,107,10.7
2024-12-17 19:40:51,126,12.6
2024-12-17 19:40:52,69,6.9
2024-12-17 19:40:53,98,9.8
2024-12-17 19:40:54,81,8.1
2024-12-17 19:40:55,139,13.9
2024-12-17 19:40:56,56,5.6
2024-12-17 19:40:57,66,6.6
2024-12-17 19:40:58,56,5.6
2024-12-17 19:40:59,138,13.8
2024-12-17 19:41:00,107,10.7
2024-12-17 19:41:01,53,5.3
2024-12-17 19:41:02,145,14.5
2024-12-17 19:41:03,69,6.9
2024-12-17 19:41:04,111,11.1
2024-12-17 19:41:05,159,15.9
2024-12-17 19:41:06,159,15.9
2024-12-17 19:41:07,120,12.0
2024-12-17 19:41:08,94,9.4
2024-12-17 19:41:09,100,10.0
2024-12-17 19:41:10,153,15.3
2024-12-17 19:41:11,151,15.1
2024-12-17 19:41:12,82,8.2
2024-12-17 19:41:13,107,10.7
2024-12-17 19:41:14,53,5.3
2024-12-17 19:41:15,131,13.1
2024-12-17 19:41:16,150,15.0
2024-12-17 19:41:17,93,9.3
2024-12-17 19:41:18,109,10.9
2024-12-17 19:41:19,78,7.8
2024-12-17 19:41:20,140,14.0
2024-12-17 19:41:21,126,12.6
2024-12-17 19:41:22,105,10.5
2024-12-17 19:41:23,146,14.6
2024-12-17 19:41:24,136,13.6
2024-12-17 19:41:25,57,5.7
2024-12-17 19:41:26,125,12.5
2024-12-17 19:41:27,143,14.3
2024-12-17 19:41:28,112,11.2
2024-12-17 19:41:29,53,5.3
2024-12-17 19:41:30,137,13.7
2024-12-17 19:41:31,61,6.1
2024-12-17 19:41:32,124,12.4
2024-12-17 19:41:33,117,11.7
2024-12-17 19:41:34,126,12.6
2024-12-17 19:41:35,63,6.3
2024-12-17 19:41:36,62,6.2
2024-12-17 19:41:37,86,8.6
2024-12-17 19:41:38,102,10.2
2024-12-17 19:41:39,128,12.8
2024-12-17 19:41:40,157,15.7
2024-12-17 19:41:41,107,10.7
2024-12-17 19:41:42,131,13.1
2024-12-17 19:41:43,69,6.9
2024-12-17 19:41:44,130,13.0
2024-12-17 19:41:45,110,11.0
2024-12-17 19:41:46,111,11.1
2024-12-17 19:41:47,67,6.7
2024-12-17 19:41:48,69,6.9
2024-12-17 19:41:49,63,6.3
2024-12-17 19:41:50,103,10.3
2024-12-17 19:41:51,151,15.1
2024-12-17 19:41:52,144,14.4
2024-12-17 19:41:53,121,12.1
2024-12-17 19:41:54,58,5.8
2024-12-17 19:41:55,104,10.4
2024-12-17 19:41:56,109,10.9
2024-12-17 19:41:57,149,14.9
2024-12-17 19:41:58,135,13.5
2024-12-17 19:41:59,154,15.4
2024-12-17 19:42:00,149,14.9
2024-12-17 19:42:01,88,8.8
2024-12-17 19:42:02,50,5.0
2024-12-17 19:42:03,60,6.0
2024-12-17 19:42:04,159,15.9
2024-12-17 19:42:05,108,10.8
2024-12-17 19:42:06,59,5.9
2024-12-17 19:42:07,151,15.1
2024-12-17 19:42:08,89,8.9
2024-12-17 19:42:09,53,5.3
2024-12-17 19:42:10,86,8.6
2024-12-17 19:42:11,160,16.0
2024-12-17 19:42:12,147,14.7
2024-12-17 19:42:13,151,15.1
2024-12-17 19:42:14,112,11.2
2024-12-17 19:42:15,89,8.9
2024-12-17 19:42:16,145,14.5
2024-12-17 19:42:17,50,5.0
2024-12-17 19:42:18,54,5.4
2024-12-17 19:42:19,159,15.9
2024-12-17 19:42:20,54,5.4
2024-12-17 19:42:21,120,12.0
2024-12-17 19:42:22,84,8.4
2024-12-17 19:42:23,69,6.9
2024-12-17 19:42:24,88,8.8
2024-12-17 19:42:25,80,8.0
2024-12-17 19:42:26,131,13.1
2024-12-17 19:42:27,153,15.3
2024-12-17 19:42:28,52,5.2
2024-12-17 19:42:29,138,13.8
2024-12-17 19:42:30,137,13.7
2024-12-17 19:42:31,136,13.6
2024-12-17 19:42:32,133,13.3
2024-12-17 19:42:33,141,14.1
2024-12-17 19:42:34,131,13.1
2024-12-17 19:42:35,73,7.3
2024-12-17 19:42:36,103,10.3
2024-12-17 19:42:37,136,13.6
2024-12-17 19:42:38,108,10.8
2024-12-17 19:42:39,154,15.4
2024-12-17 19:42:40,144,14.4
2024-12-17 19:42:41,103,10.3
2024-12-17 19:42:42,137,13.7
2024-12-17 19:42:43,115,11.5
2024-12-17 19:42:44,62,6.2
2024-12-17 19:42:45,53,5.3
2024-12-17 19:42:46,92,9.2
2024-12-17 19:42:47,133,13.3
2024-12-17 19:42:48,146,14.6
2024-12-17 19:42:49,90,9.0
2024-12-17 19:42:50,81,8.1
2024-12-17 19:42:51,118,11.8
2024-12-17 19:42:52,71,7.1
2024-12-17 19:42:53,154,15.4
2024-12-17 19:42:54,68,6.8
2024-12-17 19:42:55,50,5.0
2024-12-17 19:42:56,68,6.8
2024-12-17 19:42:57,117,11.7
2024-12-17 19:42:58,160,16.0
2024-12-17 19:42:59,157,15.7
2024-12-17 19:43:00,60,6.0
2024-12-17 19:43:01,53,5.3
2024-12-17 19:43:02,104,10.4
2024-12-17 19:43:03,61,6.1
2024-12-17 19:43:04,154,15.4
2024-12-17 19:43:05,150,15.0
2024-12-17 19:43:06,123,12.3
2024-12-17 19:43:07,137,13.7
2024-12-17 19:43:08,140,14.0
2024-12-17 19:43:09,107,10.7
2024-12-17 19:43:10,110,11.0
2024-12-17 19:43:11,120,12.0
2024-12-17 19:43:12,76,7.6
2024-12-17 19:43:13,54,5.4
2024-12-17 19:43:14,102,10.2
2024-12-17 19:43:15,104,10.4
2024-12-17 19:43:16,60,6.0
2024-12-17 19:43:17,83,8.3
2024-12-17 19:43:18,91,9.1
2024-12-17 19:43:19,136,13.6
2024-12-17 19:43:20,61,6.1
2024-12-17 19:43:21,152,15.2
2024-12-17 19:43:22,76,7.6
2024-12-17 19:43:23,129,12.9
2024-12-17 19:43:24,128,12.8
2024-12-17 19:43:25,120,12.0
2024-12-17 19:43:26,106,10.6
2024-12-17 19:43:27,115,11.5
2024-12-17 19:43:28,142,14.2
2024-12-17 19:43:29,94,9.4
2024-12-17 19:43:30,91,9.1
2024-12-17 19:43:31,102,10.2
2024-12-17 19:43:32,152,15.2
2024-12-17 19:43:33,52,5.2
2024-12-17 19:43:34,140,14.0
2024-12-17 19:43:35,50,5.0
2024-12-17 19:43:36,88,8.8
2024-12-17 19:43:37,56,5.6
2024-12-17 19:43:38,144,14.4
2024-12-17 19:43:39,155,15.5
2024-12-17 19:43:40,80,8.0
2024-12-17 19:43:41,95,9.5
2024-12-17 19:43:42,88,8.8
2024-12-17 19:43:43,112,11.2
2024-12-17 19:43:44,157,15.7
2024-12-17 19:43:45,156,15.6
2024-12-17 19:43:46,94,9.4
2024-12-17 19:43:47,149,14.9
2024-12-17 19:43:48,110,11.0
2024-12-17 19:43:49,64,6.4
2024-12-17 19:43:50,142,14.2
2024-12-17 19:43:51,57,5.7
2024-12-17 19:43:52,114,11.4
2024-12-17 19:43:53,138,13.8
2024-12-17 19:43:54,56,5.6
2024-12-17 19:43:55,96,9.6
2024-12-17 19:43:56,138,13.8
2024-12-17 19:43:57,118,11.8
2024-12-17 19:43:58,116,11.6
2024-12-17 19:43:59,147,14.7
2024-12-17 19:44:00,53,5.3
2024-12-17 19:44:01,109,10.9
2024-12-17 19:44:02,100,10.0
2024-12-17 19:44:03,131,13.1
2024-12-17 19:44:04,138,13.8
2024-12-17 19:44:05,60,6.0
2024-12-17 19:44:06,143,14.3
2024-12-17 19:44:07,53,5.3
2024-12-17 19:44:08,54,5.4
2024-12-17 19:44:09,95,9.5
2024-12-17 19:44:10,121,12.1
2024-12-17 19:44:11,127,12.7
2024-12-17 19:44:12,114,11.4
2024-12-17 19:44:13,50,5.0
2024-12-17 19:44:14,158,15.8
2024-12-17 19:44:15,65,6.5
2024-12-17 19:44:16,145,14.5
2024-12-17 19:44:17,115,11.5
2024-12-17 19:44:18,118,11.8
2024-12-17 19:44:19,151,15.1
2024-12-17 19:44:20,100,10.0
2024-12-17 19:44:21,104,10.4
2024-12-17 19:44:22,72,7.2
2024-12-17 19:44:23,129,12.9
2024-12-17 19:44:24,85,8.5
2024-12-17 19:44:25,101,10.1
2024-12-17 19:44:26,64,6.4
2024-12-17 19:44:27,97,9.7
2024-12-17 19:44:28,60,6.0
2024-12-17 19:44:29,137,13.7
2024-12-17 19:44:30,153,15.3
2024-12-17 19:44:31,116,11.6
2024-12-17 19:44:32,150,15.0
2024-12-17 19:44:33,127,12.7
2024-12-17 19:44:34,114,11.4
2024-12-17 19:44:35,74,7.4
2024-12-17 19:44:36,106,10.6
2024-12-17 19:44:37,131,13.1
2024-12-17 19:44:38,154,15.4
2024-12-17 19:44:39,93,9.3
2024-12-17 19:44:40,145,14.5
2024-12-17 19:44:41,70,7.0
2024-12-17 19:44:42,62,6.2
2024-12-17 19:44:43,105,10.5
2024-12-17 19:44:44,56,5.6
2024-12-17 19:44:45,93,9.3
2024-12-17 19:44:46,152,15.2
2024-12-17 19:44:47,149,14.9
2024-12-17 19:44:48,99,9.9
2024-12-17 19:44:49,90,9.0
2024-12-17 19:44:50,100,10.0
2024-12-17 19:44:51,155,15.5
2024-12-17 19:44:52,157,15.7
2024-12-17 19:44:53,57,5.7
2024-12-17 19:44:54,130,13.0
2024-12-17 19:44:55,132,13.2
2024-12-17 19:44:56,57,5.7
2024-12-17 19:44:57,156,15.6
2024-12-17 19:44:58,60,6.0
2024-12-17 19:44:59,121,12.1
2024-12-17 19:45:00,143,14.3
2024-12-17 19:45:01,139,13.9
2024-12-17 19:45:02,64,6.4
2024-12-17 19:45:03,94,9.4
2024-12-17 19:45:04,66,6.6
2024-12-17 19:45:05,93,9.3
2024-12-17 19:45:06,138,13.8
2024-12-17 19:45:07,115,11.5
2024-12-17 19:45:08,145,14.5
2024-12-17 19:45:09,130,13.0
2024-12-17 19:45:10,147,14.7
2024-12-17 19:45:11,65,6.5
2024-12-17 19:45:12,143,14.3
2024-12-17 19:45:13,119,11.9
2024-12-17 19:45:14,83,8.3
2024-12-17 19:45:15,137,13.7
2024-12-17 19:45:16,92,9.2
2024-12-17 19:45:17,72,7.2
2024-12-17 19:45:18,128,12.8
2024-12-17 19:45:19,128,12.8
2024-12-17 19:45:20,101,10.1
2024-12-17 19:45:21,119,11.9
2024-12-17 19:45:22,146,14.6
2024-12-17 19:45:23,59,5.9
2024-12-17 19:45:24,144,14.4
2024-12-17 19:45:25,146,14.6
2024-12-17 19:45:26,67,6.7
2024-12-17 19:45:27,113,11.3
2024-12-17 19:45:28,138,13.8
2024-12-17 19:45:29,149,14.9
2024-12-17 19:45:30,150,15.0
2024-12-17 19:45:31,109,10.9
2024-12-17 19:45:32,99,9.9
2024-12-17 19:45:33,109,10.9
2024-12-17 19:45:34,142,14.2
2024-12-17 19:45:35,125,12.5
2024-12-17 19:45:36,105,10.5
2024-12-17 19:45:37,109,10.9
2024-12-17 19:45:38,67,6.7
2024-12-17 19:45:39,125,12.5
2024-12-17 19:45:40,119,11.9
2024-12-17 19:45:41,88,8.8
2024-12-17 19:45:42,84,8.4
2024-12-17 19:45:43,53,5.3
2024-12-17 19:45:44,123,12.3
2024-12-17 19:45:45,143,14.3
2024-12-17 19:45:46,78,7.8
2024-12-17 19:45:47,118,11.8
2024-12-17 19:45:48,60,6.0
2024-12-17 19:45:49,125,12.5
2024-12-17 19:45:50,153,15.3
2024-12-17 19:45:51,118,11.8
2024-12-17 19:45:52,128,12.8
2024-12-17 19:45:53,127,12.7
2024-12-17 19:45:54,152,15.2
2024-12-17 19:45:55,69,6.9
2024-12-17 19:45:56,130,13.0
2024-12-17 19:45:57,78,7.8
2024-12-17 19:45:58,62,6.2
2024-12-17 19:45:59,128,12.8
2024-12-17 19:46:00,151,15.1
2024-12-17 19:46:01,116,11.6
2024-12-17 19:46:02,103,10.3
2024-12-17 19:46:03,128,12.8
2024-12-17 19:46:04,55,5.5
2024-12-17 19:46:05,127,12.7
2024-12-17 19:46:06,135,13.5
2024-12-17 19:46:07,56,5.6
2024-12-17 19:46:08,94,9.4
2024-12-17 19:46:09,139,13.9
2024-12-17 19:46:10,70,7.0
2024-12-17 19:46:11,143,14.3
2024-12-17 19:46:12,127,12.7
2024-12-17 19:46:13,122,12.2
2024-12-17 19:46:14,160,16.0
2024-12-17 19:46:15,144,14.4
2024-12-17 19:46:16,149,14.9
2024-12-17 19:46:17,69,6.9
2024-12-17 19:46:18,69,6.9
2024-12-17 19:46:19,60,6.0
2024-12-17 19:46:20,153,15.3
2024-12-17 19:46:21,103,10.3
2024-12-17 19:46:22,122,12.2
2024-12-17 19:46:23,149,14.9
2024-12-17 19:46:24,57,5.7
2024-12-17 19:46:25,116,11.6
2024-12-17 19:46:26,106,10.6
2024-12-17 19:46:27,116,11.6
2024-12-17 19:46:28,72,7.2
2024-12-17 19:46:29,104,10.4
2024-12-17 19:46:30,149,14.9
2024-12-17 19:46:31,109,10.9
2024-12-17 19:46:32,137,13.7
2024-12-17 19:46:33,74,7.4
2024-12-17 19:46:34,147,14.7
2024-12-17 19:46:35,78,7.8
2024-12-17 19:46:36,105,10.5
2024-12-17 19:46:37,123,12.3
2024-12-17 19:46:38,91,9.1
2024-12-17 19:46:39,57,5.7
2024-12-17 19:46:40,130,13.0
2024-12-17 19:46:41,77,7.7
2024-12-17 19:46:42,119,11.9
2024-12-17 19:46:43,153,15.3
2024-12-17 19:46:44,125,12.5
2024-12-17 19:46:45,137,13.7
2024-12-17 19:46:46,104,10.4
2024-12-17 19:46:47,74,7.4
2024-12-17 19:46:48,115,11.5
2024-12-17 19:46:49,57,5.7
2024-12-17 19:46:50,93,9.3
2024-12-17 19:46:51,82,8.2
2024-12-17 19:46:52,58,5.8
2024-12-17 19:46:53,99,9.9
2024-12-17 19:46:54,62,6.2
2024-12-17 19:46:55,145,14.5
2024-12-17 19:46:56,115,11.5
2024-12-17 19:46:57,53,5.3
2024-12-17 19:46:58,112,11.2
2024-12-17 19:46:59,158,15.8
2024-12-17 19:47:00,87,8.7
2024-12-17 19:47:01,159,15.9
2024-12-17 19:47:02,143,14.3
2024-12-17 19:47:03,108,10.8
2024-12-17 19:47:04,85,8.5
2024-12-17 19:47:05,89,8.9
2024-12-17 19:47:06,132,13.2
2024-12-17 19:47:07,126,12.6
2024-12-17 19:47:08,122,12.2
2024-12-17 19:47:09,56,5.6
2024-12-17 19:47:10,107,10.7
2024-12-17 19:47:11,71,7.1
2024-12-17 19:47:12,104,10.4
2024-12-17 19:47:13,148,14.8
2024-12-17 19:47:14,159,15.9
2024-12-17 19:47:15,117,11.7
2024-12-17 19:47:16,152,15.2
2024-12-17 19:47:17,88,8.8
2024-12-17 19:47:18,110,11.0
2024-12-17 19:47:19,160,16.0
2024-12-17 19:47:20,154,15.4
2024-12-17 19:47:21,153,15.3
2024-12-17 19:47:22,152,15.2
2024-12-17 19:47:23,142,14.2
2024-12-17 19:47:24,85,8.5
2024-12-17 19:47:25,78,7.8
2024-12-17 19:47:26,89,8.9
2024-12-17 19:47:27,128,12.8
2024-12-17 19:47:28,92,9.2
2024-12-17 19:47:29,143,14.3
2024-12-17 19:47:30,155,15.5
2024-12-17 19:47:31,127,12.7
2024-12-17 19:47:32,156,15.6
2024-12-17 19:47:33,137,13.7
2024-12-17 19:47:34,120,12.0
2024-12-17 19:47:35,75,7.5
2024-12-17 19:47:36,124,12.4
2024-12-17 19:47:37,130,13.0
2024-12-17 19:47:38,87,8.7
2024-12-17 19:47:39,64,6.4
2024-12-17 19:47:40,155,15.5
2024-12-17 19:47:41,80,8.0
2024-12-17 19:47:42,101,10.1
2024-12-17 19:47:43,153,15.3
2024-12-17 19:47:44,81,8.1
2024-12-17 19:47:45,81,8.1
2024-12-17 19:47:46,66,6.6
2024-12-17 19:47:47,66,6.6
2024-12-17 19:47:48,77,7.7
2024-12-17 19:47:49,124,12.4
2024-12-17 19:47:50,151,15.1
2024-12-17 19:47:51,138,13.8
2024-12-17 19:47:52,73,7.3
2024-12-17 19:47:53,97,9.7
2024-12-17 19:47:54,89,8.9
2024-12-17 19:47:55,70,7.0
2024-12-17 19:47:56,128,12.8
2024-12-17 19:47:57,118,11.8
2024-12-17 19:47:58,152,15.2
2024-12-17 19:47:59,130,13.0
2024-12-17 19:48:00,88,8.8
2024-12-17 19:48:01,67,6.7
2024-12-17 19:48:02,119,11.9
2024-12-17 19:48:03,148,14.8
2024-12-17 19:48:04,159,15.9
2024-12-17 19:48:05,157,15.7
2024-12-17 19:48:06,154,15.4
2024-12-17 19:48:07,139,13.9
2024-12-17 19:48:08,74,7.4
2024-12-17 19:48:09,70,7.0
2024-12-17 19:48:10,66,6.6
2024-12-17 19:48:11,148,14.8
2024-12-17 19:48:12,120,12.0
2024-12-17 19:48:13,105,10.5
2024-12-17 19:48:14,153,15.3
2024-12-17 19:48:15,95,9.5
2024-12-17 19:48:16,107,10.7
2024-12-17 19:48:17,119,11.9
2024-12-17 19:48:18,102,10.2
2024-12-17 19:48:19,157,15.7
2024-12-17 19:48:20,108,10.8
2024-12-17 19:48:21,154,15.4
2024-12-17 19:48:22,50,5.0
2024-12-17 19:48:23,158,15.8
2024-12-17 19:48:24,57,5.7
2024-12-17 19:48:25,63,6.3
2024-12-17 19:48:26,98,9.8
2024-12-17 19:48:27,126,12.6
2024-12-17 19:48:28,102,10.2
2024-12-17 19:48:29,82,8.2
2024-12-17 19:48:30,138,13.8
2024-12-17 19:48:31,150,15.0
2024-12-17 19:48:32,76,7.6
2024-12-17 19:48:33,55,5.5
2024-12-17 19:48:34,52,5.2
2024-12-17 19:48:35,69,6.9
2024-12-17 19:48:36,94,9.4
2024-12-17 19:48:37,97,9.7
2024-12-17 19:48:38,131,13.1
2024-12-17 19:48:39,64,6.4
2024-12-17 19:48:40,154,15.4
2024-12-17 19:48:41,103,10.3
2024-12-17 19:48:42,89,8.9
2024-12-17 19:48:43,55,5.5
2024-12-17 19:48:44,79,7.9
2024-12-17 19:48:45,100,10.0
2024-12-17 19:48:46,57,5.7
2024-12-17 19:48:47,135,13.5
2024-12-17 19:48:48,130,13.0
2024-12-17 19:48:49,76,7.6
2024-12-17 19:48:50,137,13.7
2024-12-17 19:48:51,140,14.0
2024-12-17 19:48:52,98,9.8
2024-12-17 19:48:53,55,5.5
2024-12-17 19:48:54,146,14.6
2024-12-17 19:48:55,101,10.1
2024-12-17 19:48:56,73,7.3
2024-12-17 19:48:57,69,6.9
2024-12-17 19:48:58,76,7.6
2024-12-17 19:48:59,149,14.9
2024-12-17 19:49:00,66,6.6
2024-12-17 19:49:01,61,6.1
2024-12-17 19:49:02,148,14.8
2024-12-17 19:49:03,60,6.0
2024-12-17 19:49:04,60,6.0
2024-12-17 19:49:05,86,8.6
2024-12-17 19:49:06,102,10.2
2024-12-17 19:49:07,108,10.8
2024-12-17 19:49:08,67,6.7
2024-12-17 19:49:09,74,7.4
2024-12-17 19:49:10,136,13.6
2024-12-17 19:49:11,143,14.3
2024-12-17 19:49:12,93,9.3
2024-12-17 19:49:13,72,7.2
2024-12-17 19:49:14,74,7.4
2024-12-17 19:49:15,57,5.7
2024-12-17 19:49:16,124,12.4
2024-12-17 19:49:17,142,14.2
2024-12-17 19:49:18,143,14.3
2024-12-17 19:49:19,69,6.9
2024-12-17 19:49:20,137,13.7
2024-12-17 19:49:21,83,8.3
2024-12-17 19:49:22,130,13.0
2024-12-17 19:49:23,133,13.3
2024-12-17 19:49:24,88,8.8
2024-12-17 19:49:25,78,7.8
2024-12-17 19:49:26,98,9.8
2024-12-17 19:49:27,113,11.3
2024-12-17 19:49:28,75,7.5
2024-12-17 19:49:29,85,8.5
2024-12-17 19:49:30,126,12.6
2024-12-17 19:49:31,66,6.6
2024-12-17 19:49:32,125,12.5
2024-12-17 19:49:33,50,5.0
2024-12-17 19:49:34,73,7.3
2024-12-17 19:49:35,59,5.9
2024-12-17 19:49:36,112,11.2
2024-12-17 19:49:37,104,10.4
2024-12-17 19:49:38,102,10.2
2024-12-17 19:49:39,107,10.7
2024-12-17 19:49:40,70,7.0
2024-12-17 19:49:41,53,5.3
2024-12-17 19:49:42,105,10.5
2024-12-17 19:49:43,108,10.8
2024-12-17 19:49:44,74,7.4
2024-12-17 19:49:45,131,13.1
2024-12-17 19:49:46,137,13.7
2024-12-17 19:49:47,89,8.9
2024-12-17 19:49:48,90,9.0
2024-12-17 19:49:49,100,10.0
2024-12-17 19:49:50,130,13.0
2024-12-17 19:49:51,95,9.5
2024-12-17 19:49:52,101,10.1
2024-12-17 19:49:53,89,8.9
2024-12-17 19:49:54,147,14.7
2024-12-17 19:49:55,126,12.6
2024-12-17 19:49:56,155,15.5
2024-12-17 19:49:57,151,15.1
2024-12-17 19:49:58,111,11.1
2024-12-17 19:49:59,122,12.2
2024-12-17 19:50:00,61,6.1
2024-12-17 19:50:01,97,9.7
2024-12-17 19:50:02,108,10.8
2024-12-17 19:50:03,87,8.7
2024-12-17 19:50:04,108,10.8
2024-12-17 19:50:05,99,9.9
2024-12-17 19:50:06,60,6.0
2024-12-17 19:50:07,142,14.2
2024-12-17 19:50:08,124,12.4
2024-12-17 19:50:09,142,14.2
2024-12-17 19:50:10,148,14.8
2024-12-17 19:50:11,125,12.5
2024-12-17 19:50:12,75,7.5
2024-12-17 19:50:13,160,16.0
2024-12-17 19:50:14,93,9.3
2024-12-17 19:50:15,91,9.1
2024-12-17 19:50:16,119,11.9
2024-12-17 19:50:17,99,9.9
2024-12-17 19:50:18,137,13.7
2024-12-17 19:50:19,113,11.3
2024-12-17 19:50:20,150,15.0
2024-12-17 19:50:21,148,14.8
2024-12-17 19:50:22,129,12.9
2024-12-17 19:50:23,105,10.5
2024-12-17 19:50:24,56,5.6
2024-12-17 19:50:25,61,6.1
2024-12-17 19:50:26,85,8.5
2024-12-17 19:50:27,96,9.6
2024-12-17 19:50:28,122,12.2
2024-12-17 19:50:29,149,14.9
2024-12-17 19:50:30,130,13.0
2024-12-17 19:50:31,117,11.7
2024-12-17 19:50:32,119,11.9
2024-12-17 19:50:33,147,14.7
2024-12-17 19:50:34,137,13.7
2024-12-17 19:50:35,133,13.3
2024-12-17 19:50:36,101,10.1
2024-12-17 19:50:37,62,6.2
2024-12-17 19:50:38,126,12.6
2024-12-17 19:50:39,95,9.5
2024-12-17 19:50:40,55,5.5
2024-12-17 19:50:41,73,7.3
2024-12-17 19:50:42,81,8.1
2024-12-17 19:50:43,92,9.2
2024-12-17 19:50:44,117,11.7
2024-12-17 19:50:45,53,5.3
2024-12-17 19:50:46,119,11.9
2024-12-17 19:50:47,69,6.9
2024-12-17 19:50:48,104,10.4
2024-12-17 19:50:49,127,12.7
2024-12-17 19:50:50,93,9.3
2024-12-17 19:50:51,66,6.6
2024-12-17 19:50:52,89,8.9
2024-12-17 19:50:53,91,9.1
2024-12-17 19:50:54,110,11.0
2024-12-17 19:50:55,144,14.4
2024-12-17 19:50:56,50,5.0
2024-12-17 19:50:57,97,9.7
2024-12-17 19:50:58,50,5.0
2024-12-17 19:50:59,131,13.1
2024-12-17 19:51:00,139,13.9
2024-12-17 19:51:01,112,11.2
2024-12-17 19:51:02,142,14.2
2024-12-17 19:51:03,123,12.3
2024-12-17 19:51:04,80,8.0
2024-12-17 19:51:05,67,6.7
2024-12-17 19:51:06,102,10.2
2024-12-17 19:51:07,107,10.7
2024-12-17 19:51:08,132,13.2
2024-12-17 19:51:09,66,6.6
2024-12-17 19:51:10,127,12.7
2024-12-17 19:51:11,56,5.6
2024-12-17 19:51:12,140,14.0
2024-12-17 19:51:13,73,7.3
2024-12-17 19:51:14,81,8.1
2024-12-17 19:51:15,87,8.7
2024-12-17 19:51:16,123,12.3
2024-12-17 19:51:17,145,14.5
2024-12-17 19:51:18,55,5.5
2024-12-17 19:51:19,113,11.3
2024-12-17 19:51:20,127,12.7
2024-12-17 19:51:21,144,14.4
2024-12-17 19:51:22,130,13.0
2024-12-17 19:51:23,91,9.1
2024-12-17 19:51:24,95,9.5
2024-12-17 19:51:25,114,11.4
2024-12-17 19:51:26,51,5.1
2024-12-17 19:51:27,90,9.0
2024-12-17 19:51:28,69,6.9
2024-12-17 19:51:29,80,8.0
2024-12-17 19:51:30,106,10.6
2024-12-17 19:51:31,157,15.7
2024-12-17 19:51:32,103,10.3
2024-12-17 19:51:33,104,10.4
2024-12-17 19:51:34,134,13.4
2024-12-17 19:51:35,83,8.3
2024-12-17 19:51:36,116,11.6
2024-12-17 19:51:37,59,5.9
2024-12-17 19:51:38,139,13.9
2024-12-17 19:51:39,155,15.5
2024-12-17 19:51:40,153,15.3
2024-12-17 19:51:41,82,8.2
2024-12-17 19:51:42,80,8.0
2024-12-17 19:51:43,102,10.2
2024-12-17 19:51:44,52,5.2
2024-12-17 19:51:45,56,5.6
2024-12-17 19:51:46,158,15.8
2024-12-17 19:51:47,77,7.7
2024-12-17 19:51:48,105,10.5
2024-12-17 19:51:49,83,8.3
2024-12-17 19:51:50,134,13.4
2024-12-17 19:51:51,80,8.0
2024-12-17 19:51:52,92,9.2
2024-12-17 19:51:53,68,6.8
2024-12-17 19:51:54,100,10.0
2024-12-17 19:51:55,86,8.6
2024-12-17 19:51:56,156,15.6
2024-12-17 19:51:57,136,13.6
2024-12-17 19:51:58,147,14.7
2024-12-17 19:51:59,74,7.4
2024-12-17 19:52:00,58,5.8
2024-12-17 19:52:01,77,7.7
2024-12-17 19:52:02,100,10.0
2024-12-17 19:52:03,149,14.9
2024-12-17 19:52:04,50,5.0
2024-12-17 19:52:05,98,9.8
2024-12-17 19:52:06,102,10.2
2024-12-17 19:52:07,75,7.5
2024-12-17 19:52:08,53,5.3
2024-12-17 19:52:09,120,12.0
2024-12-17 19:52:10,160,16.0
2024-12-17 19:52:11,70,7.0
2024-12-17 19:52:12,106,10.6
2024-12-17 19:52:13,160,16.0
2024-12-17 19:52:14,51,5.1
2024-12-17 19:52:15,64,6.4
2024-12-17 19:52:16,122,12.2
2024-12-17 19:52:17,146,14.6
2024-12-17 19:52:18,100,10.0
2024-12-17 19:52:19,79,7.9
2024-12-17 19:52:20,143,14.3
2024-12-17 19:52:21,147,14.7
2024-12-17 19:52:22,87,8.7
2024-12-17 19:52:23,63,6.3
2024-12-17 19:52:24,140,14.0
2024-12-17 19:52:25,54,5.4
2024-12-17 19:52:26,52,5.2
2024-12-17 19:52:27,61,6.1
2024-12-17 19:52:28,145,14.5
2024-12-17 19:52:29,132,13.2
2024-12-17 19:52:30,149,14.9
2024-12-17 19:52:31,105,10.5
2024-12-17 19:52:32,126,12.6
2024-12-17 19:52:33,89,8.9
2024-12-17 19:52:34,112,11.2
2024-12-17 19:52:35,71,7.1
2024-12-17 19:52:36,58,5.8
2024-12-17 19:52:37,80,8.0
2024-12-17 19:52:38,65,6.5
2024-12-17 19:52:39,75,7.5
2024-12-17 19:52:40,75,7.5
2024-12-17 19:52:41,148,14.8
2024-12-17 19:52:42,81,8.1
2024-12-17 19:52:43,159,15.9
2024-12-17 19:52:44,108,10.8
2024-12-17 19:52:45,135,13.5
2024-12-17 19:52:46,98,9.8
2024-12-17 19:52:47,57,5.7
2024-12-17 19:52:48,79,7.9
2024-12-17 19:52:49,118,11.8
2024-12-17 19:52:50,72,7.2
2024-12-17 19:52:51,96,9.6
2024-12-17 19:52:52,114,11.4
2024-12-17 19:52:53,124,12.4
2024-12-17 19:52:54,78,7.8
2024-12-17 19:52:55,92,9.2
2024-12-17 19:52:56,109,10.9
2024-12-17 19:52:57,109,10.9
2024-12-17 19:52:58,133,13.3
2024-12-17 19:52:59,66,6.6
2024-12-17 19:53:00,138,13.8
2024-12-17 19:53:01,108,10.8
2024-12-17 19:53:02,158,15.8
2024-12-17 19:53:03,114,11.4
2024-12-17 19:53:04,92,9.2
2024-12-17 19:53:05,127,12.7
2024-12-17 19:53:06,115,11.5
2024-12-17 19:53:07,114,11.4
2024-12-17 19:53:08,72,7.2
2024-12-17 19:53:09,151,15.1
2024-12-17 19:53:10,70,7.0
2024-12-17 19:53:11,101,10.1
2024-12-17 19:53:12,128,12.8
2024-12-17 19:53:13,66,6.6
2024-12-17 19:53:14,96,9.6
2024-12-17 19:53:15,85,8.5
2024-12-17 19:53:16,153,15.3
2024-12-17 19:53:17,134,13.4
2024-12-17 19:53:18,92,9.2
2024-12-17 19:53:19,111,11.1
2024-12-17 19:53:20,94,9.4
2024-12-17 19:53:21,132,13.2
2024-12-17 19:53:22,156,15.6
2024-12-17 19:53:23,120,12.0
2024-12-17 19:53:24,132,13.2
2024-12-17 19:53:25,53,5.3
2024-12-17 19:53:26,101,10.1
2024-12-17 19:53:27,58,5.8
2024-12-17 19:53:28,73,7.3
2024-12-17 19:53:29,53,5.3
2024-12-17 19:53:30,66,6.6
2024-12-17 19:53:31,71,7.1
2024-12-17 19:53:32,132,13.2
2024-12-17 19:53:33,91,9.1
2024-12-17 19:53:34,140,14.0
2024-12-17 19:53:35,155,15.5
2024-12-17 19:53:36,122,12.2
2024-12-17 19:53:37,61,6.1
2024-12-17 19:53:38,71,7.1
2024-12-17 19:53:39,129,12.9
2024-12-17 19:53:40,143,14.3
2024-12-17 19:53:41,156,15.6
2024-12-17 19:53:42,145,14.5
2024-12-17 19:53:43,92,9.2
2024-12-17 19:53:44,144,14.4
2024-12-17 19:53:45,140,14.0
2024-12-17 19:53:46,151,15.1
2024-12-17 19:53:47,69,6.9
2024-12-17 19:53:48,54,5.4
2024-12-17 19:53:49,70,7.0
2024-12-17 19:53:50,62,6.2
2024-12-17 19:53:51,121,12.1
2024-12-17 19:53:52,159,15.9
2024-12-17 19:53:53,110,11.0
2024-12-17 19:53:54,58,5.8
2024-12-17 19:53:55,152,15.2
2024-12-17 19:53:56,119,11.9
2024-12-17 19:53:57,150,15.0
2024-12-17 19:53:58,93,9.3
2024-12-17 19:53:59,152,15.2
2024-12-17 19:54:00,115,11.5
2024-12-17 19:54:01,107,10.7
2024-12-17 19:54:02,62,6.2
2024-12-17 19:54:03,150,15.0
2024-12-17 19:54:04,158,15.8
2024-12-17 19:54:05,76,7.6
2024-12-17 19:54:06,81,8.1
2024-12-17 19:54:07,148,14.8
2024-12-17 19:54:08,142,14.2
2024-12-17 19:54:09,81,8.1
2024-12-17 19:54:10,153,15.3
2024-12-17 19:54:11,133,13.3
2024-12-17 19:54:12,94,9.4
2024-12-17 19:54:13,140,14.0
2024-12-17 19:54:14,114,11.4
2024-12-17 19:54:15,69,6.9
2024-12-17 19:54:16,81,8.1
2024-12-17 19:54:17,50,5.0
2024-12-17 19:54:18,58,5.8
2024-12-17 19:54:19,145,14.5
2024-12-17 19:54:20,150,15.0
2024-12-17 19:54:21,105,10.5
2024-12-17 19:54:22,93,9.3
2024-12-17 19:54:23,103,10.3
2024-12-17 19:54:24,80,8.0
2024-12-17 19:54:25,54,5.4
2024-12-17 19:54:26,52,5.2
2024-12-17 19:54:27,63,6.3
2024-12-17 19:54:28,146,14.6
2024-12-17 19:54:29,143,14.3
2024-12-17 19:54:30,120,12.0
2024-12-17 19:54:31,134,13.4
2024-12-17 19:54:32,103,10.3
2024-12-17 19:54:33,109,10.9
2024-12-17 19:54:34,119,11.9
2024-12-17 19:54:35,61,6.1
2024-12-17 19:54:36,87,8.7
2024-12-17 19:54:37,67,6.7
2024-12-17 19:54:38,106,10.6
2024-12-17 19:54:39,66,6.6
2024-12-17 19:54:40,77,7.7
2024-12-17 19:54:41,99,9.9
2024-12-17 19:54:42,146,14.6
2024-12-17 19:54:43,96,9.6
2024-12-17 19:54:44,79,7.9
2024-12-17 19:54:45,75,7.5
2024-12-17 19:54:46,73,7.3
2024-12-17 19:54:47,134,13.4
2024-12-17 19:54:48,85,8.5
2024-12-17 19:54:49,80,8.0
2024-12-17 19:54:50,91,9.1
2024-12-17 19:54:51,132,13.2
2024-12-17 19:54:52,101,10.1
2024-12-17 19:54:53,87,8.7
2024-12-17 19:54:54,106,10.6
2024-12-17 19:54:55,117,11.7
2024-12-17 19:54:56,62,6.2
2024-12-17 19:54:57,138,13.8
2024-12-17 19:54:58,134,13.4
2024-12-17 19:54:59,92,9.2
2024-12-17 19:55:00,111,11.1
2024-12-17 19:55:01,118,11.8
2024-12-17 19:55:02,128,12.8
2024-12-17 19:55:03,63,6.3
2024-12-17 19:55:04,53,5.3
2024-12-17 19:55:05,127,12.7
2024-12-17 19:55:06,58,5.8
2024-12-17 19:55:07,57,5.7
2024-12-17 19:55:08,147,14.7
2024-12-17 19:55:09,90,9.0
2024-12-17 19:55:10,108,10.8
2024-12-17 19:55:11,113,11.3
2024-12-17 19:55:12,149,14.9
2024-12-17 19:55:13,80,8.0
2024-12-17 19:55:14,149,14.9
2024-12-17 19:55:15,54,5.4
2024-12-17 19:55:16,94,9.4
2024-12-17 19:55:17,119,11.9
2024-12-17 19:55:18,110,11.0
2024-12-17 19:55:19,145,14.5
2024-12-17 19:55:20,132,13.2
2024-12-17 19:55:21,57,5.7
2024-12-17 19:55:22,143,14.3
2024-12-17 19:55:23,154,15.4
2024-12-17 19:55:24,58,5.8
2024-12-17 19:55:25,131,13.1
2024-12-17 19:55:26,63,6.3
2024-12-17 19:55:27,99,9.9
2024-12-17 19:55:28,63,6.3
2024-12-17 19:55:29,100,10.0
2024-12-17 19:55:30,64,6.4
2024-12-17 19:55:31,126,12.6
2024-12-17 19:55:32,89,8.9
2024-12-17 19:55:33,114,11.4
2024-12-17 19:55:34,63,6.3
2024-12-17 19:55:35,126,12.6
2024-12-17 19:55:36,155,15.5
2024-12-17 19:55:37,116,11.6
2024-12-17 19:55:38,128,12.8
2024-12-17 19:55:39,144,14.4
2024-12-17 19:55:40,134,13.4
2024-12-17 19:55:41,108,10.8
2024-12-17 19:55:42,113,11.3
2024-12-17 19:55:43,97,9.7
2024-12-17 19:55:44,101,10.1
2024-12-17 19:55:45,114,11.4
2024-12-17 19:55:46,111,11.1
2024-12-17 19:55:47,78,7.8
2024-12-17 19:55:48,143,14.3
2024-12-17 19:55:49,122,12.2
2024-12-17 19:55:50,107,10.7
2024-12-17 19:55:51,64,6.4
2024-12-17 19:55:52,94,9.4
2024-12-17 19:55:53,148,14.8
2024-12-17 19:55:54,118,11.8
2024-12-17 19:55:55,71,7.1
2024-12-17 19:55:56,147,14.7
2024-12-17 19:55:57,89,8.9
2024-12-17 19:55:58,58,5.8
2024-12-17 19:55:59,119,11.9
2024-12-17 19:56:00,119,11.9
2024-12-17 19:56:01,157,15.7
2024-12-17 19:56:02,53,5.3
2024-12-17 19:56:03,160,16.0
2024-12-17 19:56:04,142,14.2
2024-12-17 19:56:05,106,10.6
2024-12-17 19:56:06,147,14.7
2024-12-17 19:56:07,156,15.6
2024-12-17 19:56:08,89,8.9
2024-12-17 19:56:09,156,15.6
2024-12-17 19:56:10,60,6.0
2024-12-17 19:56:11,158,15.8
2024-12-17 19:56:12,57,5.7
2024-12-17 19:56:13,61,6.1
2024-12-17 19:56:14,58,5.8
2024-12-17 19:56:15,59,5.9
2024-12-17 19:56:16,106,10.6
2024-12-17 19:56:17,97,9.7
2024-12-17 19:56:18,57,5.7
2024-12-17 19:56:19,103,10.3
2024-12-17 19:56:20,115,11.5
2024-12-17 19:56:21,113,11.3
2024-12-17 19:56:22,102,10.2
2024-12-17 19:56:23,85,8.5
2024-12-17 19:56:24,80,8.0
2024-12-17 19:56:25,103,10.3
2024-12-17 19:56:26,121,12.1
2024-12-17 19:56:27,50,5.0
2024-12-17 19:56:28,98,9.8
2024-12-17 19:56:29,107,10.7
2024-12-17 19:56:30,100,10.0
2024-12-17 19:56:31,140,14.0
2024-12-17 19:56:32,144,14.4
2024-12-17 19:56:33,77,7.7
2024-12-17 19:56:34,52,5.2
2024-12-17 19:56:35,57,5.7
2024-12-17 19:56:36,102,10.2
2024-12-17 19:56:37,66,6.6
2024-12-17 19:56:38,125,12.5
2024-12-17 19:56:39,79,7.9
2024-12-17 19:56:40,114,11.4
2024-12-17 19:56:41,83,8.3
2024-12-17 19:56:42,130,13.0
2024-12-17 19:56:43,129,12.9
2024-12-17 19:56:44,142,14.2
2024-12-17 19:56:45,55,5.5
2024-12-17 19:56:46,159,15.9
2024-12-17 19:56:47,113,11.3
2024-12-17 19:56:48,107,10.7
2024-12-17 19:56:49,142,14.2
2024-12-17 19:56:50,66,6.6
2024-12-17 19:56:51,66,6.6
2024-12-17 19:56:52,55,5.5
2024-12-17 19:56:53,131,13.1
2024-12-17 19:56:54,116,11.6
2024-12-17 19:56:55,71,7.1
2024-12-17 19:56:56,105,10.5
2024-12-17 19:56:57,51,5.1
2024-12-17 19:56:58,134,13.4
2024-12-17 19:56:59,143,14.3
2024-12-17 19:57:00,119,11.9
2024-12-17 19:57:01,83,8.3
2024-12-17 19:57:02,150,15.0
2024-12-17 19:57:03,160,16.0
2024-12-17 19:57:04,159,15.9
2024-12-17 19:57:05,72,7.2
2024-12-17 19:57:06,160,16.0
2024-12-17 19:57:07,112,11.2
2024-12-17 19:57:08,140,14.0
2024-12-17 19:57:09,81,8.1
2024-12-17 19:57:10,104,10.4
2024-12-17 19:57:11,64,6.4
2024-12-17 19:57:12,77,7.7
2024-12-17 19:57:13,97,9.7
2024-12-17 19:57:14,86,8.6
2024-12-17 19:57:15,134,13.4
2024-12-17 19:57:16,142,14.2
2024-12-17 19:57:17,65,6.5
2024-12-17 19:57:18,97,9.7
2024-12-17 19:57:19,103,10.3
2024-12-17 19:57:20,123,12.3
2024-12-17 19:57:21,83,8.3
2024-12-17 19:57:22,92,9.2
2024-12-17 19:57:23,52,5.2
2024-12-17 19:57:24,107,10.7
2024-12-17 19:57:25,94,9.4
2024-12-17 19:57:26,58,5.8
2024-12-17 19:57:27,60,6.0
2024-12-17 19:57:28,86,8.6
2024-12-17 19:57:29,79,7.9
2024-12-17 19:57:30,74,7.4
2024-12-17 19:57:31,104,10.4
2024-12-17 19:57:32,135,13.5
2024-12-17 19:57:33,133,13.3
2024-12-17 19:57:34,53,5.3
2024-12-17 19:57:35,151,15.1
2024-12-17 19:57:36,138,13.8
2024-12-17 19:57:37,100,10.0
2024-12-17 19:57:38,137,13.7
2024-12-17 19:57:39,139,13.9
2024-12-17 19:57:40,79,7.9
2024-12-17 19:57:41,53,5.3
2024-12-17 19:57:42,160,16.0
2024-12-17 19:57:43,128,12.8
2024-12-17 19:57:44,120,12.0
2024-12-17 19:57:45,145,14.5
2024-12-17 19:57:46,122,12.2
2024-12-17 19:57:47,56,5.6
2024-12-17 19:57:48,113,11.3
2024-12-17 19:57:49,155,15.5
2024-12-17 19:57:50,57,5.7
2024-12-17 19:57:51,71,7.1
2024-12-17 19:57:52,61,6.1
2024-12-17 19:57:53,95,9.5
2024-12-17 19:57:54,90,9.0
2024-12-17 19:57:55,145,14.5
2024-12-17 19:57:56,80,8.0
2024-12-17 19:57:57,92,9.2
2024-12-17 19:57:58,118,11.8
2024-12-17 19:57:59,95,9.5
2024-12-17 19:58:00,130,13.0
2024-12-17 19:58:01,80,8.0
2024-12-17 19:58:02,96,9.6
2024-12-17 19:58:03,91,9.1
2024-12-17 19:58:04,56,5.6
2024-12-17 19:58:05,158,15.8
2024-12-17 19:58:06,93,9.3
2024-12-17 19:58:07,98,9.8
2024-12-17 19:58:08,57,5.7
2024-12-17 19:58:09,52,5.2
2024-12-17 19:58:10,131,13.1
2024-12-17 19:58:11,140,14.0
2024-12-17 19:58:12,99,9.9
2024-12-17 19:58:13,123,12.3
2024-12-17 19:58:14,107,10.7
2024-12-17 19:58:15,137,13.7
2024-12-17 19:58:16,131,13.1
2024-12-17 19:58:17,51,5.1
2024-12-17 19:58:18,86,8.6
2024-12-17 19:58:19,77,7.7
2024-12-17 19:58:20,76,7.6
2024-12-17 19:58:21,103,10.3
2024-12-17 19:58:22,92,9.2
2024-12-17 19:58:23,64,6.4
2024-12-17 19:58:24,145,14.5
2024-12-17 19:58:25,110,11.0
2024-12-17 19:58:26,76,7.6
2024-12-17 19:58:27,141,14.1
2024-12-17 19:58:28,121,12.1
2024-12-17 19:58:29,59,5.9
2024-12-17 19:58:30,155,15.5
2024-12-17 19:58:31,50,5.0
2024-12-17 19:58:32,70,7.0
2024-12-17 19:58:33,148,14.8
2024-12-17 19:58:34,101,10.1
2024-12-17 19:58:35,53,5.3
2024-12-17 19:58:36,64,6.4
2024-12-17 19:58:37,66,6.6
2024-12-17 19:58:38,130,13.0
2024-12-17 19:58:39,157,15.7
2024-12-17 19:58:40,102,10.2
2024-12-17 19:58:41,86,8.6
2024-12-17 19:58:42,131,13.1
2024-12-17 19:58:43,140,14.0
2024-12-17 19:58:44,94,9.4
2024-12-17 19:58:45,69,6.9
2024-12-17 19:58:46,146,14.6
2024-12-17 19:58:47,103,10.3
2024-12-17 19:58:48,152,15.2
2024-12-17 19:58:49,50,5.0
2024-12-17 19:58:50,72,7.2
2024-12-17 19:58:51,154,15.4
2024-12-17 19:58:52,60,6.0
2024-12-17 19:58:53,136,13.6
2024-12-17 19:58:54,63,6.3
2024-12-17 19:58:55,69,6.9
2024-12-17 19:58:56,116,11.6
2024-12-17 19:58:57,118,11.8
2024-12-17 19:58:58,157,15.7
2024-12-17 19:58:59,80,8.0
2024-12-17 19:59:00,58,5.8
2024-12-17 19:59:01,98,9.8
2024-12-17 19:59:02,55,5.5
2024-12-17 19:59:03,60,6.0
2024-12-17 19:59:04,62,6.2
2024-12-17 19:59:05,146,14.6
2024-12-17 19:59:06,120,12.0
2024-12-17 19:59:07,87,8.7
2024-12-17 19:59:08,133,13.3
2024-12-17 19:59:09,84,8.4
2024-12-17 19:59:10,58,5.8
2024-12-17 19:59:11,144,14.4
2024-12-17 19:59:12,91,9.1
2024-12-17 19:59:13,123,12.3
2024-12-17 19:59:14,61,6.1
2024-12-17 19:59:15,159,15.9
2024-12-17 19:59:16,79,7.9
2024-12-17 19:59:17,103,10.3
2024-12-17 19:59:18,82,8.2
2024-12-17 19:59:19,129,12.9
2024-12-17 19:59:20,150,15.0
2024-12-17 19:59:21,134,13.4
2024-12-17 19:59:22,97,9.7
2024-12-17 19:59:23,119,11.9
2024-12-17 19:59:24,100,10.0
2024-12-17 19:59:25,70,7.0
2024-12-17 19:59:26,57,5.7
2024-12-17 19:59:27,75,7.5
2024-12-17 19:59:28,142,14.2
2024-12-17 19:59:29,81,8.1
2024-12-17 19:59:30,160,16.0
2024-12-17 19:59:31,80,8.0
2024-12-17 19:59:32,147,14.7
2024-12-17 19:59:33,83,8.3
2024-12-17 19:59:34,136,13.6
2024-12-17 19:59:35,83,8.3
2024-12-17 19:59:36,126,12.6
2024-12-17 19:59:37,79,7.9
2024-12-17 19:59:38,103,10.3
2024-12-17 19:59:39,155,15.5
2024-12-17 19:59:40,92,9.2
2024-12-17 19:59:41,127,12.7
2024-12-17 19:59:42,69,6.9
2024-12-17 19:59:43,108,10.8
2024-12-17 19:59:44,53,5.3
2024-12-17 19:59:45,141,14.1
2024-12-17 19:59:46,50,5.0
2024-12-17 19:59:47,142,14.2
2024-12-17 19:59:48,98,9.8
2024-12-17 19:59:49,64,6.4
2024-12-17 19:59:50,80,8.0
2024-12-17 19:59:51,144,14.4
2024-12-17 19:59:52,73,7.3
2024-12-17 19:59:53,117,11.7
2024-12-17 19:59:54,53,5.3
2024-12-17 19:59:55,57,5.7
2024-12-17 19:59:56,50,5.0
2024-12-17 19:59:57,138,13.8
2024-12-17 19:59:58,100,10.0
2024-12-17 19:59:59,159,15.9
2024-12-17 20:00:00,85,8.5
2024-12-17 20:00:01,74,7.4
2024-12-17 20:00:02,96,9.6
2024-12-17 20:00:03,69,6.9
2024-12-17 20:00:04,55,5.5
2024-12-17 20:00:05,69,6.9
2024-12-17 20:00:06,77,7.7
2024-12-17 20:00:07,110,11.0
2024-12-17 20:00:08,113,11.3
2024-12-17 20:00:09,111,11.1
2024-12-17 20:00:10,118,11.8
2024-12-17 20:00:11,130,13.0
2024-12-17 20:00:12,142,14.2
2024-12-17 20:00:13,148,14.8
2024-12-17 20:00:14,119,11.9
2024-12-17 20:00:15,74,7.4
2024-12-17 20:00:16,139,13.9
2024-12-17 20:00:17,156,15.6
2024-12-17 20:00:18,94,9.4
2024-12-17 20:00:19,52,5.2
2024-12-17 20:00:20,71,7.1
2024-12-17 20:00:21,89,8.9
2024-12-17 20:00:22,152,15.2
2024-12-17 20:00:23,54,5.4
2024-12-17 20:00:24,94,9.4
2024-12-17 20:00:25,146,14.6
2024-12-17 20:00:26,156,15.6
2024-12-17 20:00:27,154,15.4
2024-12-17 20:00:28,151,15.1
2024-12-17 20:00:29,150,15.0
2024-12-17 20:00:30,143,14.3
2024-12-17 20:00:31,112,11.2
2024-12-17 20:00:32,115,11.5
2024-12-17 20:00:33,52,5.2
2024-12-17 20:00:34,89,8.9
2024-12-17 20:00:35,135,13.5
2024-12-17 20:00:36,122,12.2
2024-12-17 20:00:37,132,13.2
2024-12-17 20:00:38,147,14.7
2024-12-17 20:00:39,74,7.4
2024-12-17 20:00:40,140,14.0
2024-12-17 20:00:41,104,10.4
2024-12-17 20:00:42,86,8.6
2024-12-17 20:00:43,145,14.5
2024-12-17 20:00:44,156,15.6
2024-12-17 20:00:45,141,14.1
2024-12-17 20:00:46,118,11.8
2024-12-17 20:00:47,74,7.4
2024-12-17 20:00:48,53,5.3
2024-12-17 20:00:49,95,9.5
2024-12-17 20:00:50,52,5.2
2024-12-17 20:00:51,94,9.4
2024-12-17 20:00:52,108,10.8
2024-12-17 20:00:53,101,10.1
2024-12-17 20:00:54,121,12.1
2024-12-17 20:00:55,102,10.2
2024-12-17 20:00:56,55,5.5
2024-12-17 20:00:57,93,9.3
2024-12-17 20:00:58,61,6.1
2024-12-17 20:00:59,155,15.5
2024-12-17 20:01:00,142,14.2
2024-12-17 20:01:01,80,8.0
2024-12-17 20:01:02,138,13.8
2024-12-17 20:01:03,88,8.8
2024-12-17 20:01:04,106,10.6
2024-12-17 20:01:05,62,6.2
2024-12-17 20:01:06,78,7.8
2024-12-17 20:01:07,160,16.0
2024-12-17 20:01:08,65,6.5
2024-12-17 20:01:09,57,5.7
2024-12-17 20:01:10,83,8.3
2024-12-17 20:01:11,54,5.4
2024-12-17 20:01:12,110,11.0
2024-12-17 20:01:13,144,14.4
2024-12-17 20:01:14,80,8.0
2024-12-17 20:01:15,78,7.8
2024-12-17 20:01:16,58,5.8
2024-12-17 20:01:17,78,7.8
2024-12-17 20:01:18,113,11.3
2024-12-17 20:01:19,91,9.1
2024-12-17 20:01:20,113,11.3
2024-12-17 20:01:21,95,9.5
2024-12-17 20:01:22,156,15.6
2024-12-17 20:01:23,136,13.6
2024-12-17 20:01:24,102,10.2
2024-12-17 20:01:25,125,12.5
2024-12-17 20:01:26,111,11.1
2024-12-17 20:01:27,106,10.6
2024-12-17 20:01:28,86,8.6
2024-12-17 20:01:29,133,13.3
2024-12-17 20:01:30,80,8.0
2024-12-17 20:01:31,94,9.4
2024-12-17 20:01:32,113,11.3
2024-12-17 20:01:33,156,15.6
2024-12-17 20:01:34,135,13.5
2024-12-17 20:01:35,124,12.4
2024-12-17 20:01:36,116,11.6
2024-12-17 20:01:37,75,7.5
2024-12-17 20:01:38,52,5.2
2024-12-17 20:01:39,101,10.1
2024-12-17 20:01:40,68,6.8
2024-12-17 20:01:41,132,13.2
2024-12-17 20:01:42,51,5.1
2024-12-17 20:01:43,111,11.1
2024-12-17 20:01:44,50,5.0
2024-12-17 20:01:45,62,6.2
2024-12-17 20:01:46,135,13.5
2024-12-17 20:01:47,70,7.0
2024-12-17 20:01:48,78,7.8
2024-12-17 20:01:49,85,8.5
2024-12-17 20:01:50,139,13.9
2024-12-17 20:01:51,130,13.0
2024-12-17 20:01:52,53,5.3
2024-12-17 20:01:53,118,11.8
2024-12-17 20:01:54,118,11.8
2024-12-17 20:01:55,67,6.7
2024-12-17 20:01:56,53,5.3
2024-12-17 20:01:57,128,12.8
2024-12-17 20:01:58,135,13.5
2024-12-17 20:01:59,138,13.8
2024-12-17 20:02:00,88,8.8
2024-12-17 20:02:01,127,12.7
2024-12-17 20:02:02,57,5.7
2024-12-17 20:02:03,135,13.5
2024-12-17 20:02:04,150,15.0
2024-12-17 20:02:05,117,11.7
2024-12-17 20:02:06,56,5.6
2024-12-17 20:02:07,80,8.0
2024-12-17 20:02:08,108,10.8
2024-12-17 20:02:09,156,15.6
2024-12-17 20:02:10,99,9.9
2024-12-17 20:02:11,120,12.0
2024-12-17 20:02:12,83,8.3
2024-12-17 20:02:13,119,11.9
2024-12-17 20:02:14,158,15.8
2024-12-17 20:02:15,160,16.0
2024-12-17 20:02:16,74,7.4
2024-12-17 20:02:17,144,14.4
2024-12-17 20:02:18,143,14.3
2024-12-17 20:02:19,131,13.1
2024-12-17 20:02:20,127,12.7
2024-12-17 20:02:21,148,14.8
2024-12-17 20:02:22,117,11.7
2024-12-17 20:02:23,98,9.8
2024-12-17 20:02:24,135,13.5
2024-12-17 20:02:25,55,5.5
2024-12-17 20:02:26,53,5.3
2024-12-17 20:02:27,52,5.2
2024-12-17 20:02:28,73,7.3
2024-12-17 20:02:29,69,6.9
2024-12-17 20:02:30,100,10.0
2024-12-17 20:02:31,131,13.1
2024-12-17 20:02:32,147,14.7
2024-12-17 20:02:33,56,5.6
2024-12-17 20:02:34,105,10.5
2024-12-17 20:02:35,59,5.9
2024-12-17 20:02:36,84,8.4
2024-12-17 20:02:37,79,7.9
2024-12-17 20:02:38,51,5.1
2024-12-17 20:02:39,54,5.4
2024-12-17 20:02:40,134,13.4
2024-12-17 20:02:41,59,5.9
2024-12-17 20:02:42,120,12.0
2024-12-17 20:02:43,77,7.7
2024-12-17 20:02:44,135,13.5
2024-12-17 20:02:45,148,14.8
2024-12-17 20:02:46,151,15.1
2024-12-17 20:02:47,91,9.1
2024-12-17 20:02:48,105,10.5
2024-12-17 20:02:49,58,5.8
2024-12-17 20:02:50,137,13.7
2024-12-17 20:02:51,59,5.9
2024-12-17 20:02:52,62,6.2
2024-12-17 20:02:53,107,10.7
2024-12-17 20:02:54,95,9.5
2024-12-17 20:02:55,66,6.6
2024-12-17 20:02:56,68,6.8
2024-12-17 20:02:57,106,10.6
2024-12-17 20:02:58,101,10.1
2024-12-17 20:02:59,152,15.2
2024-12-17 20:03:00,115,11.5
2024-12-17 20:03:01,144,14.4
2024-12-17 20:03:02,111,11.1
2024-12-17 20:03:03,121,12.1
2024-12-17 20:03:04,83,8.3
2024-12-17 20:03:05,92,9.2
2024-12-17 20:03:06,118,11.8
2024-12-17 20:03:07,121,12.1
2024-12-17 20:03:08,150,15.0
2024-12-17 20:03:09,152,15.2
2024-12-17 20:03:10,126,12.6
2024-12-17 20:03:11,80,8.0
2024-12-17 20:03:12,140,14.0
2024-12-17 20:03:13,126,12.6
2024-12-17 20:03:14,107,10.7
2024-12-17 20:03:15,121,12.1
2024-12-17 20:03:16,129,12.9
2024-12-17 20:03:17,104,10.4
2024-12-17 20:03:18,81,8.1
2024-12-17 20:03:19,124,12.4
2024-12-17 20:03:20,111,11.1
2024-12-17 20:03:21,55,5.5
2024-12-17 20:03:22,68,6.8
2024-12-17 20:03:23,60,6.0
2024-12-17 20:03:24,80,8.0
2024-12-17 20:03:25,130,13.0
2024-12-17 20:03:26,142,14.2
2024-12-17 20:03:27,96,9.6
2024-12-17 20:03:28,82,8.2
2024-12-17 20:03:29,72,7.2
2024-12-17 20:03:30,153,15.3
2024-12-17 20:03:31,89,8.9
2024-12-17 20:03:32,138,13.8
2024-12-17 20:03:33,151,15.1
2024-12-17 20:03:34,142,14.2
2024-12-17 20:03:35,154,15.4
2024-12-17 20:03:36,76,7.6
2024-12-17 20:03:37,92,9.2
2024-12-17 20:03:38,141,14.1
2024-12-17 20:03:39,73,7.3
2024-12-17 20:03:40,139,13.9
2024-12-17 20:03:41,67,6.7
2024-12-17 20:03:42,125,12.5
2024-12-17 20:03:43,125,12.5
2024-12-17 20:03:44,129,12.9
2024-12-17 20:03:45,103,10.3
2024-12-17 20:03:46,140,14.0
2024-12-17 20:03:47,79,7.9
2024-12-17 20:03:48,115,11.5
2024-12-17 20:03:49,156,15.6
2024-12-17 20:03:50,69,6.9
2024-12-17 20:03:51,69,6.9
2024-12-17 20:03:52,155,15.5
2024-12-17 20:03:53,159,15.9
2024-12-17 20:03:54,117,11.7
2024-12-17 20:03:55,160,16.0
2024-12-17 20:03:56,125,12.5
2024-12-17 20:03:57,78,7.8
2024-12-17 20:03:58,91,9.1
2024-12-17 20:03:59,82,8.2
2024-12-17 20:04:00,113,11.3
2024-12-17 20:04:01,125,12.5
2024-12-17 20:04:02,135,13.5
2024-12-17 20:04:03,93,9.3
2024-12-17 20:04:04,104,10.4
2024-12-17 20:04:05,134,13.4
2024-12-17 20:04:06,52,5.2
2024-12-17 20:04:07,84,8.4
2024-12-17 20:04:08,60,6.0
2024-12-17 20:04:09,81,8.1
2024-12-17 20:04:10,104,10.4
2024-12-17 20:04:11,90,9.0
2024-12-17 20:04:12,108,10.8
2024-12-17 20:04:13,73,7.3
2024-12-17 20:04:14,61,6.1
2024-12-17 20:04:15,138,13.8
2024-12-17 20:04:16,122,12.2
2024-12-17 20:04:17,64,6.4
2024-12-17 20:04:18,104,10.4
2024-12-17 20:04:19,57,5.7
2024-12-17 20:04:20,120,12.0
2024-12-17 20:04:21,125,12.5
2024-12-17 20:04:22,120,12.0
2024-12-17 20:04:23,113,11.3
2024-12-17 20:04:24,124,12.4
2024-12-17 20:04:25,138,13.8
2024-12-17 20:04:26,64,6.4
2024-12-17 20:04:27,110,11.0
2024-12-17 20:04:28,140,14.0
2024-12-17 20:04:29,67,6.7
2024-12-17 20:04:30,127,12.7
2024-12-17 20:04:31,80,8.0
2024-12-17 20:04:32,68,6.8
2024-12-17 20:04:33,70,7.0
2024-12-17 20:04:34,54,5.4
2024-12-17 20:04:35,158,15.8
2024-12-17 20:04:36,59,5.9
2024-12-17 20:04:37,59,5.9
2024-12-17 20:04:38,67,6.7
2024-12-17 20:04:39,55,5.5
2024-12-17 20:04:40,99,9.9
2024-12-17 20:04:41,117,11.7
2024-12-17 20:04:42,129,12.9
2024-12-17 20:04:43,155,15.5
2024-12-17 20:04:44,127,12.7
2024-12-17 20:04:45,132,13.2
2024-12-17 20:04:46,112,11.2
2024-12-17 20:04:47,115,11.5
2024-12-17 20:04:48,121,12.1
2024-12-17 20:04:49,134,13.4
2024-12-17 20:04:50,147,14.7
2024-12-17 20:04:51,153,15.3
2024-12-17 20:04:52,150,15.0
2024-12-17 20:04:53,138,13.8
2024-12-17 20:04:54,110,11.0
2024-12-17 20:04:55,139,13.9
2024-12-17 20:04:56,90,9.0
2024-12-17 20:04:57,54,5.4
2024-12-17 20:04:58,128,12.8
2024-12-17 20:04:59,62,6.2
2024-12-17 20:05:00,122,12.2
2024-12-17 20:05:01,146,14.6
2024-12-17 20:05:02,101,10.1
2024-12-17 20:05:03,51,5.1
2024-12-17 20:05:04,105,10.5
2024-12-17 20:05:05,149,14.9
2024-12-17 20:05:06,127,12.7
2024-12-17 20:05:07,54,5.4
2024-12-17 20:05:08,87,8.7
2024-12-17 20:05:09,123,12.3
2024-12-17 20:05:10,119,11.9
2024-12-17 20:05:11,118,11.8
2024-12-17 20:05:12,125,12.5
2024-12-17 20:05:13,69,6.9
2024-12-17 20:05:14,99,9.9
2024-12-17 20:05:15,158,15.8
2024-12-17 20:05:16,144,14.4
2024-12-17 20:05:17,95,9.5
2024-12-17 20:05:18,135,13.5
2024-12-17 20:05:19,109,10.9
2024-12-17 20:05:20,60,6.0
2024-12-17 20:05:21,137,13.7
2024-12-17 20:05:22,89,8.9
2024-12-17 20:05:23,73,7.3
2024-12-17 20:05:24,145,14.5
2024-12-17 20:05:25,55,5.5
2024-12-17 20:05:26,81,8.1
2024-12-17 20:05:27,130,13.0
2024-12-17 20:05:28,78,7.8
2024-12-17 20:05:29,53,5.3
2024-12-17 20:05:30,63,6.3
2024-12-17 20:05:31,87,8.7
2024-12-17 20:05:32,61,6.1
2024-12-17 20:05:33,54,5.4
2024-12-17 20:05:34,81,8.1
2024-12-17 20:05:35,51,5.1
2024-12-17 20:05:36,124,12.4
2024-12-17 20:05:37,151,15.1
2024-12-17 20:05:38,54,5.4
2024-12-17 20:05:39,120,12.0
2024-12-17 20:05:40,80,8.0
2024-12-17 20:05:41,83,8.3
2024-12-17 20:05:42,135,13.5
2024-12-17 20:05:43,143,14.3
2024-12-17 20:05:44,68,6.8
2024-12-17 20:05:45,146,14.6
2024-12-17 20:05:46,83,8.3
2024-12-17 20:05:47,126,12.6
2024-12-17 20:05:48,102,10.2
2024-12-17 20:05:49,154,15.4
2024-12-17 20:05:50,73,7.3
2024-12-17 20:05:51,64,6.4
2024-12-17 20:05:52,111,11.1
2024-12-17 20:05:53,89,8.9
2024-12-17 20:05:54,116,11.6
2024-12-17 20:05:55,133,13.3
2024-12-17 20:05:56,59,5.9
2024-12-17 20:05:57,137,13.7
2024-12-17 20:05:58,69,6.9
2024-12-17 20:05:59,146,14.6
2024-12-17 20:06:00,127,12.7
2024-12-17 20:06:01,108,10.8
2024-12-17 20:06:02,120,12.0
2024-12-17 20:06:03,95,9.5
2024-12-17 20:06:04,55,5.5
2024-12-17 20:06:05,76,7.6
2024-12-17 20:06:06,91,9.1
2024-12-17 20:06:07,146,14.6
2024-12-17 20:06:08,144,14.4
2024-12-17 20:06:09,140,14.0
2024-12-17 20:06:10,80,8.0
2024-12-17 20:06:11,120,12.0
2024-12-17 20:06:12,65,6.5
2024-12-17 20:06:13,134,13.4
2024-12-17 20:06:14,69,6.9
2024-12-17 20:06:15,56,5.6
2024-12-17 20:06:16,136,13.6
2024-12-17 20:06:17,115,11.5
2024-12-17 20:06:18,99,9.9
2024-12-17 20:06:19,118,11.8
2024-12-17 20:06:20,66,6.6
2024-12-17 20:06:21,88,8.8
2024-12-17 20:06:22,114,11.4
2024-12-17 20:06:23,145,14.5
2024-12-17 20:06:24,51,5.1
2024-12-17 20:06:25,86,8.6
2024-12-17 20:06:26,83,8.3
2024-12-17 20:06:27,128,12.8
2024-12-17 20:06:28,113,11.3
2024-12-17 20:06:29,85,8.5
2024-12-17 20:06:30,57,5.7
2024-12-17 20:06:31,154,15.4
2024-12-17 20:06:32,52,5.2
2024-12-17 20:06:33,134,13.4
2024-12-17 20:06:34,58,5.8
2024-12-17 20:06:35,68,6.8
2024-12-17 20:06:36,151,15.1
2024-12-17 20:06:37,58,5.8
2024-12-17 20:06:38,94,9.4
2024-12-17 20:06:39,61,6.1
2024-12-17 20:06:40,110,11.0
2024-12-17 20:06:41,87,8.7
2024-12-17 20:06:42,155,15.5
2024-12-17 20:06:43,128,12.8
2024-12-17 20:06:44,75,7.5
2024-12-17 20:06:45,76,7.6
2024-12-17 20:06:46,112,11.2
2024-12-17 20:06:47,143,14.3
2024-12-17 20:06:48,140,14.0
2024-12-17 20:06:49,109,10.9
2024-12-17 20:06:50,118,11.8
2024-12-17 20:06:51,69,6.9
2024-12-17 20:06:52,156,15.6
2024-12-17 20:06:53,94,9.4
2024-12-17 20:06:54,108,10.8
2024-12-17 20:06:55,52,5.2
2024-12-17 20:06:56,139,13.9
2024-12-17 20:06:57,73,7.3
2024-12-17 20:06:58,89,8.9
2024-12-17 20:06:59,62,6.2
2024-12-17 20:07:00,95,9.5
2024-12-17 20:07:01,155,15.5
2024-12-17 20:07:02,76,7.6
2024-12-17 20:07:03,140,14.0
2024-12-17 20:07:04,65,6.5
2024-12-17 20:07:05,67,6.7
2024-12-17 20:07:06,142,14.2
2024-12-17 20:07:07,129,12.9
2024-12-17 20:07:08,154,15.4
2024-12-17 20:07:09,104,10.4
2024-12-17 20:07:10,115,11.5
2024-12-17 20:07:11,55,5.5
2024-12-17 20:07:12,71,7.1
2024-12-17 20:07:13,98,9.8
2024-12-17 20:07:14,54,5.4
2024-12-17 20:07:15,158,15.8
2024-12-17 20:07:16,128,12.8
2024-12-17 20:07:17,98,9.8
2024-12-17 20:07:18,139,13.9
2024-12-17 20:07:19,78,7.8
2024-12-17 20:07:20,80,8.0
2024-12-17 20:07:21,55,5.5
2024-12-17 20:07:22,79,7.9
2024-12-17 20:07:23,129,12.9
2024-12-17 20:07:24,124,12.4
2024-12-17 20:07:25,76,7.6
2024-12-17 20:07:26,111,11.1
2024-12-17 20:07:27,112,11.2
2024-12-17 20:07:28,61,6.1
2024-12-17 20:07:29,115,11.5
2024-12-17 20:07:30,101,10.1
2024-12-17 20:07:31,56,5.6
2024-12-17 20:07:32,140,14.0
2024-12-17 20:07:33,135,13.5
2024-12-17 20:07:34,138,13.8
2024-12-17 20:07:35,105,10.5
2024-12-17 20:07:36,59,5.9
2024-12-17 20:07:37,56,5.6
2024-12-17 20:07:38,126,12.6
2024-12-17 20:07:39,82,8.2
2024-12-17 20:07:40,99,9.9
2024-12-17 20:07:41,92,9.2
2024-12-17 20:07:42,135,13.5
2024-12-17 20:07:43,160,16.0
2024-12-17 20:07:44,77,7.7
2024-12-17 20:07:45,77,7.7
2024-12-17 20:07:46,97,9.7
2024-12-17 20:07:47,118,11.8
2024-12-17 20:07:48,145,14.5
2024-12-17 20:07:49,148,14.8
2024-12-17 20:07:50,117,11.7
2024-12-17 20:07:51,145,14.5
2024-12-17 20:07:52,61,6.1
2024-12-17 20:07:53,114,11.4
2024-12-17 20:07:54,53,5.3
2024-12-17 20:07:55,54,5.4
2024-12-17 20:07:56,70,7.0
2024-12-17 20:07:57,134,13.4
2024-12-17 20:07:58,125,12.5
2024-12-17 20:07:59,144,14.4
2024-12-17 20:08:00,141,14.1
2024-12-17 20:08:01,77,7.7
2024-12-17 20:08:02,104,10.4
2024-12-17 20:08:03,144,14.4
2024-12-17 20:08:04,57,5.7
2024-12-17 20:08:05,124,12.4
2024-12-17 20:08:06,101,10.1
2024-12-17 20:08:07,73,7.3
2024-12-17 20:08:08,152,15.2
2024-12-17 20:08:09,105,10.5
2024-12-17 20:08:10,107,10.7
2024-12-17 20:08:11,102,10.2
2024-12-17 20:08:12,104,10.4
2024-12-17 20:08:13,84,8.4
2024-12-17 20:08:14,103,10.3
2024-12-17 20:08:15,52,5.2
2024-12-17 20:08:16,58,5.8
2024-12-17 20:08:17,85,8.5
2024-12-17 20:08:18,109,10.9
2024-12-17 20:08:19,155,15.5
2024-12-17 20:08:20,54,5.4
2024-12-17 20:08:21,72,7.2
2024-12-17 20:08:22,125,12.5
2024-12-17 20:08:23,139,13.9
2024-12-17 20:08:24,98,9.8
2024-12-17 20:08:25,50,5.0
2024-12-17 20:08:26,150,15.0
2024-12-17 20:08:27,71,7.1
2024-12-17 20:08:28,116,11.6
2024-12-17 20:08:29,115,11.5
2024-12-17 20:08:30,142,14.2
2024-12-17 20:08:31,85,8.5
2024-12-17 20:08:32,151,15.1
2024-12-17 20:08:33,105,10.5
2024-12-17 20:08:34,136,13.6
2024-12-17 20:08:35,99,9.9
2024-12-17 20:08:36,148,14.8
2024-12-17 20:08:37,92,9.2
2024-12-17 20:08:38,92,9.2
2024-12-17 20:08:39,156,15.6
2024-12-17 20:08:40,89,8.9
2024-12-17 20:08:41,57,5.7
2024-12-17 20:08:42,116,11.6
2024-12-17 20:08:43,128,12.8
2024-12-17 20:08:44,81,8.1
2024-12-17 20:08:45,69,6.9
2024-12-17 20:08:46,133,13.3
2024-12-17 20:08:47,123,12.3
2024-12-17 20:08:48,96,9.6
2024-12-17 20:08:49,55,5.5
2024-12-17 20:08:50,139,13.9
2024-12-17 20:08:51,70,7.0
2024-12-17 20:08:52,71,7.1
2024-12-17 20:08:53,66,6.6
2024-12-17 20:08:54,59,5.9
2024-12-17 20:08:55,142,14.2
2024-12-17 20:08:56,125,12.5
2024-12-17 20:08:57,151,15.1
2024-12-17 20:08:58,153,15.3
2024-12-17 20:08:59,124,12.4
2024-12-17 20:09:00,147,14.7
2024-12-17 20:09:01,124,12.4
2024-12-17 20:09:02,156,15.6
2024-12-17 20:09:03,147,14.7
2024-12-17 20:09:04,58,5.8
2024-12-17 20:09:05,99,9.9
2024-12-17 20:09:06,89,8.9
2024-12-17 20:09:07,55,5.5
2024-12-17 20:09:08,76,7.6
2024-12-17 20:09:09,124,12.4
2024-12-17 20:09:10,73,7.3
2024-12-17 20:09:11,60,6.0
2024-12-17 20:09:12,110,11.0
2024-12-17 20:09:13,151,15.1
2024-12-17 20:09:14,100,10.0
2024-12-17 20:09:15,75,7.5
2024-12-17 20:09:16,76,7.6
2024-12-17 20:09:17,80,8.0
2024-12-17 20:09:18,117,11.7
2024-12-17 20:09:19,133,13.3
2024-12-17 20:09:20,107,10.7
2024-12-17 20:09:21,138,13.8
2024-12-17 20:09:22,114,11.4
2024-12-17 20:09:23,107,10.7
2024-12-17 20:09:24,153,15.3
2024-12-17 20:09:25,65,6.5
2024-12-17 20:09:26,85,8.5
2024-12-17 20:09:27,151,15.1
2024-12-17 20:09:28,144,14.4
2024-12-17 20:09:29,119,11.9
2024-12-17 20:09:30,142,14.2
2024-12-17 20:09:31,160,16.0
2024-12-17 20:09:32,142,14.2
2024-12-17 20:09:33,104,10.4
2024-12-17 20:09:34,157,15.7
2024-12-17 20:09:35,113,11.3
2024-12-17 20:09:36,96,9.6
2024-12-17 20:09:37,106,10.6
2024-12-17 20:09:38,95,9.5
2024-12-17 20:09:39,78,7.8
2024-12-17 20:09:40,144,14.4
2024-12-17 20:09:41,97,9.7
2024-12-17 20:09:42,57,5.7
2024-12-17 20:09:43,93,9.3
2024-12-17 20:09:44,156,15.6
2024-12-17 20:09:45,156,15.6
2024-12-17 20:09:46,83,8.3
2024-12-17 20:09:47,79,7.9
2024-12-17 20:09:48,123,12.3
2024-12-17 20:09:49,51,5.1
2024-12-17 20:09:50,129,12.9
2024-12-17 20:09:51,159,15.9
2024-12-17 20:09:52,125,12.5
2024-12-17 20:09:53,54,5.4
2024-12-17 20:09:54,53,5.3
2024-12-17 20:09:55,59,5.9
2024-12-17 20:09:56,93,9.3
2024-12-17 20:09:57,119,11.9
2024-12-17 20:09:58,98,9.8
2024-12-17 20:09:59,155,15.5
2024-12-17 20:10:00,124,12.4
2024-12-17 20:10:01,95,9.5
2024-12-17 20:10:02,145,14.5
2024-12-17 20:10:03,118,11.8
2024-12-17 20:10:04,91,9.1
2024-12-17 20:10:05,134,13.4
2024-12-17 20:10:06,152,15.2
2024-12-17 20:10:07,99,9.9
2024-12-17 20:10:08,119,11.9
2024-12-17 20:10:09,155,15.5
2024-12-17 20:10:10,85,8.5
2024-12-17 20:10:11,67,6.7
2024-12-17 20:10:12,73,7.3
2024-12-17 20:10:13,155,15.5
2024-12-17 20:10:14,85,8.5
2024-12-17 20:10:15,60,6.0
2024-12-17 20:10:16,153,15.3
2024-12-17 20:10:17,50,5.0
2024-12-17 20:10:18,113,11.3
2024-12-17 20:10:19,86,8.6
2024-12-17 20:10:20,74,7.4
2024-12-17 20:10:21,76,7.6
2024-12-17 20:10:22,136,13.6
2024-12-17 20:10:23,83,8.3
2024-12-17 20:10:24,154,15.4
2024-12-17 20:10:25,51,5.1
2024-12-17 20:10:26,51,5.1
2024-12-17 20:10:27,112,11.2
2024-12-17 20:10:28,100,10.0
2024-12-17 20:10:29,95,9.5
2024-12-17 20:10:30,77,7.7
2024-12-17 20:10:31,143,14.3
2024-12-17 20:10:32,130,13.0
2024-12-17 20:10:33,88,8.8
2024-12-17 20:10:34,53,5.3
2024-12-17 20:10:35,105,10.5
2024-12-17 20:10:36,109,10.9
2024-12-17 20:10:37,145,14.5
2024-12-17 20:10:38,70,7.0
2024-12-17 20:10:39,127,12.7
2024-12-17 20:10:40,107,10.7
2024-12-17 20:10:41,68,6.8
2024-12-17 20:10:42,157,15.7
2024-12-17 20:10:43,78,7.8
2024-12-17 20:10:44,79,7.9
2024-12-17 20:10:45,149,14.9
2024-12-17 20:10:46,76,7.6
2024-12-17 20:10:47,105,10.5
2024-12-17 20:10:48,58,5.8
2024-12-17 20:10:49,154,15.4
2024-12-17 20:10:50,114,11.4
2024-12-17 20:10:51,126,12.6
2024-12-17 20:10:52,160,16.0
2024-12-17 20:10:53,146,14.6
2024-12-17 20:10:54,82,8.2
2024-12-17 20:10:55,92,9.2
2024-12-17 20:10:56,84,8.4
2024-12-17 20:10:57,111,11.1
2024-12-17 20:10:58,57,5.7
2024-12-17 20:10:59,53,5.3
2024-12-17 20:11:00,103,10.3
2024-12-17 20:11:01,88,8.8
2024-12-17 20:11:02,80,8.0
2024-12-17 20:11:03,114,11.4
2024-12-17 20:11:04,63,6.3
2024-12-17 20:11:05,105,10.5
2024-12-17 20:11:06,135,13.5
2024-12-17 20:11:07,110,11.0
2024-12-17 20:11:08,109,10.9
2024-12-17 20:11:09,88,8.8
2024-12-17 20:11:10,85,8.5
2024-12-17 20:11:11,56,5.6
2024-12-17 20:11:12,160,16.0
2024-12-17 20:11:13,52,5.2
2024-12-17 20:11:14,86,8.6
2024-12-17 20:11:15,67,6.7
2024-12-17 20:11:16,115,11.5
2024-12-17 20:11:17,122,12.2
2024-12-17 20:11:18,104,10.4
2024-12-17 20:11:19,151,15.1
2024-12-17 20:11:20,72,7.2
2024-12-17 20:11:21,71,7.1
2024-12-17 20:11:22,69,6.9
2024-12-17 20:11:23,87,8.7
2024-12-17 20:11:24,159,15.9
2024-12-17 20:11:25,93,9.3
2024-12-17 20:11:26,128,12.8
2024-12-17 20:11:27,74,7.4
2024-12-17 20:11:28,88,8.8
2024-12-17 20:11:29,118,11.8
2024-12-17 20:11:30,93,9.3
2024-12-17 20:11:31,124,12.4
2024-12-17 20:11:32,116,11.6
2024-12-17 20:11:33,130,13.0
2024-12-17 20:11:34,52,5.2
2024-12-17 20:11:35,111,11.1
2024-12-17 20:11:36,141,14.1
2024-12-17 20:11:37,152,15.2
2024-12-17 20:11:38,106,10.6
2024-12-17 20:11:39,63,6.3
2024-12-17 20:11:40,141,14.1
2024-12-17 20:11:41,94,9.4
2024-12-17 20:11:42,127,12.7
2024-12-17 20:11:43,85,8.5
2024-12-17 20:11:44,155,15.5
2024-12-17 20:11:45,116,11.6
2024-12-17 20:11:46,153,15.3
2024-12-17 20:11:47,105,10.5
2024-12-17 20:11:48,135,13.5
2024-12-17 20:11:49,76,7.6
2024-12-17 20:11:50,89,8.9
2024-12-17 20:11:51,98,9.8
2024-12-17 20:11:52,140,14.0
2024-12-17 20:11:53,67,6.7
2024-12-17 20:11:54,140,14.0
2024-12-17 20:11:55,91,9.1
2024-12-17 20:11:56,56,5.6
2024-12-17 20:11:57,56,5.6
2024-12-17 20:11:58,160,16.0
2024-12-17 20:11:59,145,14.5
2024-12-17 20:12:00,147,14.7
2024-12-17 20:12:01,137,13.7
2024-12-17 20:12:02,52,5.2
2024-12-17 20:12:03,111,11.1
2024-12-17 20:12:04,125,12.5
2024-12-17 20:12:05,60,6.0
2024-12-17 20:12:06,112,11.2
2024-12-17 20:12:07,135,13.5
2024-12-17 20:12:08,54,5.4
2024-12-17 20:12:09,101,10.1
2024-12-17 20:12:10,114,11.4
2024-12-17 20:12:11,142,14.2
2024-12-17 20:12:12,130,13.0
2024-12-17 20:12:13,158,15.8
2024-12-17 20:12:14,90,9.0
2024-12-17 20:12:15,137,13.7
2024-12-17 20:12:16,159,15.9
2024-12-17 20:12:17,122,12.2
2024-12-17 20:12:18,126,12.6
2024-12-17 20:12:19,103,10.3
2024-12-17 20:12:20,118,11.8
2024-12-17 20:12:21,155,15.5
2024-12-17 20:12:22,89,8.9
2024-12-17 20:12:23,141,14.1
2024-12-17 20:12:24,61,6.1
2024-12-17 20:12:25,92,9.2
2024-12-17 20:12:26,139,13.9
2024-12-17 20:12:27,82,8.2
2024-12-17 20:12:28,80,8.0
2024-12-17 20:12:29,122,12.2
2024-12-17 20:12:30,53,5.3
2024-12-17 20:12:31,115,11.5
2024-12-17 20:12:32,128,12.8
2024-12-17 20:12:33,114,11.4
2024-12-17 20:12:34,128,12.8
2024-12-17 20:12:35,106,10.6
2024-12-17 20:12:36,115,11.5
2024-12-17 20:12:37,100,10.0
2024-12-17 20:12:38,58,5.8
2024-12-17 20:12:39,113,11.3
2024-12-17 20:12:40,130,13.0
2024-12-17 20:12:41,77,7.7
2024-12-17 20:12:42,134,13.4
2024-12-17 20:12:43,86,8.6
2024-12-17 20:12:44,115,11.5
2024-12-17 20:12:45,110,11.0
2024-12-17 20:12:46,102,10.2
2024-12-17 20:12:47,150,15.0
2024-12-17 20:12:48,132,13.2
2024-12-17 20:12:49,126,12.6
2024-12-17 20:12:50,117,11.7
2024-12-17 20:12:51,150,15.0
2024-12-17 20:12:52,105,10.5
2024-12-17 20:12:53,113,11.3
2024-12-17 20:12:54,64,6.4
2024-12-17 20:12:55,53,5.3
2024-12-17 20:12:56,137,13.7
2024-12-17 20:12:57,126,12.6
2024-12-17 20:12:58,91,9.1
2024-12-17 20:12:59,157,15.7
2024-12-17 20:13:00,86,8.6
2024-12-17 20:13:01,156,15.6
2024-12-17 20:13:02,129,12.9
2024-12-17 20:13:03,147,14.7
2024-12-17 20:13:04,80,8.0
2024-12-17 20:13:05,143,14.3
2024-12-17 20:13:06,148,14.8
2024-12-17 20:13:07,74,7.4
2024-12-17 20:13:08,136,13.6
2024-12-17 20:13:09,51,5.1
2024-12-17 20:13:10,53,5.3
2024-12-17 20:13:11,70,7.0
2024-12-17 20:13:12,151,15.1
2024-12-17 20:13:13,71,7.1
2024-12-17 20:13:14,145,14.5
2024-12-17 20:13:15,51,5.1
2024-12-17 20:13:16,103,10.3
2024-12-17 20:13:17,56,5.6
2024-12-17 20:13:18,97,9.7
2024-12-17 20:13:19,99,9.9
2024-12-17 20:13:20,118,11.8
2024-12-17 20:13:21,143,14.3
2024-12-17 20:13:22,121,12.1
2024-12-17 20:13:23,82,8.2
2024-12-17 20:13:24,68,6.8
2024-12-17 20:13:25,156,15.6
2024-12-17 20:13:26,109,10.9
2024-12-17 20:13:27,68,6.8
2024-12-17 20:13:28,73,7.3
2024-12-17 20:13:29,132,13.2
2024-12-17 20:13:30,130,13.0
2024-12-17 20:13:31,123,12.3
2024-12-17 20:13:32,121,12.1
2024-12-17 20:13:33,137,13.7
2024-12-17 20:13:34,59,5.9
2024-12-17 20:13:35,79,7.9
2024-12-17 20:13:36,107,10.7
2024-12-17 20:13:37,97,9.7
2024-12-17 20:13:38,53,5.3
2024-12-17 20:13:39,135,13.5
2024-12-17 20:13:40,75,7.5
2024-12-17 20:13:41,75,7.5
2024-12-17 20:13:42,154,15.4
2024-12-17 20:13:43,76,7.6
2024-12-17 20:13:44,63,6.3
2024-12-17 20:13:45,67,6.7
2024-12-17 20:13:46,52,5.2
2024-12-17 20:13:47,124,12.4
2024-12-17 20:13:48,111,11.1
2024-12-17 20:13:49,68,6.8
2024-12-17 20:13:50,86,8.6
2024-12-17 20:13:51,102,10.2
2024-12-17 20:13:52,147,14.7
2024-12-17 20:13:53,97,9.7
2024-12-17 20:13:54,133,13.3
2024-12-17 20:13:55,95,9.5
2024-12-17 20:13:56,113,11.3
2024-12-17 20:13:57,115,11.5
2024-12-17 20:13:58,113,11.3
2024-12-17 20:13:59,68,6.8
2024-12-17 20:14:00,89,8.9
2024-12-17 20:14:01,148,14.8
2024-12-17 20:14:02,59,5.9
2024-12-17 20:14:03,73,7.3
2024-12-17 20:14:04,105,10.5
2024-12-17 20:14:05,145,14.5
2024-12-17 20:14:06,79,7.9
2024-12-17 20:14:07,52,5.2
2024-12-17 20:14:08,104,10.4
2024-12-17 20:14:09,104,10.4
2024-12-17 20:14:10,104,10.4
2024-12-17 20:14:11,152,15.2
2024-12-17 20:14:12,130,13.0
2024-12-17 20:14:13,98,9.8
2024-12-17 20:14:14,122,12.2
2024-12-17 20:14:15,145,14.5
2024-12-17 20:14:16,143,14.3
2024-12-17 20:14:17,94,9.4
2024-12-17 20:14:18,97,9.7
2024-12-17 20:14:19,128,12.8
2024-12-17 20:14:20,110,11.0
2024-12-17 20:14:21,79,7.9
2024-12-17 20:14:22,76,7.6
2024-12-17 20:14:23,146,14.6
2024-12-17 20:14:24,138,13.8
2024-12-17 20:14:25,107,10.7
2024-12-17 20:14:26,151,15.1
2024-12-17 20:14:27,105,10.5
2024-12-17 20:14:28,158,15.8
2024-12-17 20:14:29,146,14.6
2024-12-17 20:14:30,104,10.4
2024-12-17 20:14:31,72,7.2
2024-12-17 20:14:32,117,11.7
2024-12-17 20:14:33,101,10.1
2024-12-17 20:14:34,143,14.3
2024-12-17 20:14:35,129,12.9
2024-12-17 20:14:36,131,13.1
2024-12-17 20:14:37,97,9.7
2024-12-17 20:14:38,115,11.5
2024-12-17 20:14:39,151,15.1
2024-12-17 20:14:40,63,6.3
2024-12-17 20:14:41,112,11.2
2024-12-17 20:14:42,152,15.2
2024-12-17 20:14:43,151,15.1
2024-12-17 20:14:44,64,6.4
2024-12-17 20:14:45,76,7.6
2024-12-17 20:14:46,158,15.8
2024-12-17 20:14:47,93,9.3
2024-12-17 20:14:48,60,6.0
2024-12-17 20:14:49,88,8.8
2024-12-17 20:14:50,56,5.6
2024-12-17 20:14:51,149,14.9
2024-12-17 20:14:52,74,7.4
2024-12-17 20:14:53,159,15.9
2024-12-17 20:14:54,128,12.8
2024-12-17 20:14:55,104,10.4
2024-12-17 20:14:56,99,9.9
2024-12-17 20:14:57,91,9.1
2024-12-17 20:14:58,102,10.2
2024-12-17 20:14:59,102,10.2
2024-12-17 20:15:00,60,6.0
2024-12-17 20:15:01,158,15.8
2024-12-17 20:15:02,153,15.3
2024-12-17 20:15:03,80,8.0
2024-12-17 20:15:04,135,13.5
2024-12-17 20:15:05,120,12.0
2024-12-17 20:15:06,69,6.9
2024-12-17 20:15:07,92,9.2
2024-12-17 20:15:08,96,9.6
2024-12-17 20:15:09,146,14.6
2024-12-17 20:15:10,90,9.0
2024-12-17 20:15:11,89,8.9
2024-12-17 20:15:12,149,14.9
2024-12-17 20:15:13,151,15.1
2024-12-17 20:15:14,67,6.7
2024-12-17 20:15:15,94,9.4
2024-12-17 20:15:16,127,12.7
2024-12-17 20:15:17,146,14.6
2024-12-17 20:15:18,63,6.3
2024-12-17 20:15:19,103,10.3
2024-12-17 20:15:20,159,15.9
2024-12-17 20:15:21,91,9.1
2024-12-17 20:15:22,103,10.3
2024-12-17 20:15:23,157,15.7
2024-12-17 20:15:24,101,10.1
2024-12-17 20:15:25,103,10.3
2024-12-17 20:15:26,98,9.8
2024-12-17 20:15:27,107,10.7
2024-12-17 20:15:28,105,10.5
2024-12-17 20:15:29,68,6.8
2024-12-17 20:15:30,75,7.5
2024-12-17 20:15:31,76,7.6
2024-12-17 20:15:32,118,11.8
2024-12-17 20:15:33,94,9.4
2024-12-17 20:15:34,90,9.0
2024-12-17 20:15:35,140,14.0
2024-12-17 20:15:36,68,6.8
2024-12-17 20:15:37,106,10.6
2024-12-17 20:15:38,108,10.8
2024-12-17 20:15:39,79,7.9
2024-12-17 20:15:40,115,11.5
2024-12-17 20:15:41,83,8.3
2024-12-17 20:15:42,128,12.8
2024-12-17 20:15:43,135,13.5
2024-12-17 20:15:44,61,6.1
2024-12-17 20:15:45,96,9.6
2024-12-17 20:15:46,138,13.8
2024-12-17 20:15:47,50,5.0
2024-12-17 20:15:48,70,7.0
2024-12-17 20:15:49,95,9.5
2024-12-17 20:15:50,122,12.2
2024-12-17 20:15:51,60,6.0
2024-12-17 20:15:52,139,13.9
2024-12-17 20:15:53,121,12.1
2024-12-17 20:15:54,96,9.6
2024-12-17 20:15:55,145,14.5
2024-12-17 20:15:56,127,12.7
2024-12-17 20:15:57,131,13.1
2024-12-17 20:15:58,120,12.0
2024-12-17 20:15:59,53,5.3
2024-12-17 20:16:00,110,11.0
2024-12-17 20:16:01,108,10.8
2024-12-17 20:16:02,72,7.2
2024-12-17 20:16:03,73,7.3
2024-12-17 20:16:04,109,10.9
2024-12-17 20:16:05,122,12.2
2024-12-17 20:16:06,108,10.8
2024-12-17 20:16:07,84,8.4
2024-12-17 20:16:08,153,15.3
2024-12-17 20:16:09,77,7.7
2024-12-17 20:16:10,111,11.1
2024-12-17 20:16:11,125,12.5
2024-12-17 20:16:12,55,5.5
2024-12-17 20:16:13,85,8.5
2024-12-17 20:16:14,160,16.0
2024-12-17 20:16:15,82,8.2
2024-12-17 20:16:16,142,14.2
2024-12-17 20:16:17,135,13.5
2024-12-17 20:16:18,97,9.7
2024-12-17 20:16:19,116,11.6
2024-12-17 20:16:20,159,15.9
2024-12-17 20:16:21,85,8.5
2024-12-17 20:16:22,126,12.6
2024-12-17 20:16:23,83,8.3
2024-12-17 20:16:24,152,15.2
2024-12-17 20:16:25,72,7.2
2024-12-17 20:16:26,128,12.8
2024-12-17 20:16:27,77,7.7
2024-12-17 20:16:28,71,7.1
2024-12-17 20:16:29,73,7.3
2024-12-17 20:16:30,95,9.5
2024-12-17 20:16:31,140,14.0
2024-12-17 20:16:32,59,5.9
2024-12-17 20:16:33,83,8.3
2024-12-17 20:16:34,141,14.1
2024-12-17 20:16:35,99,9.9
2024-12-17 20:16:36,134,13.4
2024-12-17 20:16:37,93,9.3
2024-12-17 20:16:38,111,11.1
2024-12-17 20:16:39,158,15.8
2024-12-17 20:16:40,124,12.4
2024-12-17 20:16:41,148,14.8
2024-12-17 20:16:42,70,7.0
2024-12-17 20:16:43,100,10.0
2024-12-17 20:16:44,127,12.7
2024-12-17 20:16:45,110,11.0
2024-12-17 20:16:46,69,6.9
2024-12-17 20:16:47,107,10.7
2024-12-17 20:16:48,150,15.0
2024-12-17 20:16:49,72,7.2
2024-12-17 20:16:50,73,7.3
2024-12-17 20:16:51,114,11.4
2024-12-17 20:16:52,97,9.7
2024-12-17 20:16:53,156,15.6
2024-12-17 20:16:54,143,14.3
2024-12-17 20:16:55,145,14.5
2024-12-17 20:16:56,51,5.1
2024-12-17 20:16:57,67,6.7
2024-12-17 20:16:58,58,5.8
2024-12-17 20:16:59,68,6.8
2024-12-17 20:17:00,110,11.0
2024-12-17 20:17:01,86,8.6
2024-12-17 20:17:02,116,11.6
2024-12-17 20:17:03,144,14.4
2024-12-17 20:17:04,120,12.0
2024-12-17 20:17:05,96,9.6
2024-12-17 20:17:06,89,8.9
2024-12-17 20:17:07,129,12.9
2024-12-17 20:17:08,100,10.0
2024-12-17 20:17:09,97,9.7
2024-12-17 20:17:10,65,6.5
2024-12-17 20:17:11,68,6.8
2024-12-17 20:17:12,132,13.2
2024-12-17 20:17:13,102,10.2
2024-12-17 20:17:14,139,13.9
2024-12-17 20:17:15,151,15.1
2024-12-17 20:17:16,92,9.2
2024-12-17 20:17:17,133,13.3
2024-12-17 20:17:18,139,13.9
2024-12-17 20:17:19,155,15.5
2024-12-17 20:17:20,108,10.8
2024-12-17 20:17:21,153,15.3
2024-12-17 20:17:22,125,12.5
2024-12-17 20:17:23,141,14.1
2024-12-17 20:17:24,80,8.0
2024-12-17 20:17:25,131,13.1
2024-12-17 20:17:26,148,14.8
2024-12-17 20:17:27,115,11.5
2024-12-17 20:17:28,105,10.5
2024-12-17 20:17:29,66,6.6
2024-12-17 20:17:30,76,7.6
2024-12-17 20:17:31,89,8.9
2024-12-17 20:17:32,61,6.1
2024-12-17 20:17:33,145,14.5
2024-12-17 20:17:34,154,15.4
2024-12-17 20:17:35,149,14.9
2024-12-17 20:17:36,122,12.2
2024-12-17 20:17:37,76,7.6
2024-12-17 20:17:38,154,15.4
2024-12-17 20:17:39,118,11.8
2024-12-17 20:17:40,83,8.3
2024-12-17 20:17:41,146,14.6
2024-12-17 20:17:42,144,14.4
2024-12-17 20:17:43,141,14.1
2024-12-17 20:17:44,108,10.8
2024-12-17 20:17:45,105,10.5
2024-12-17 20:17:46,69,6.9
2024-12-17 20:17:47,65,6.5
2024-12-17 20:17:48,160,16.0
2024-12-17 20:17:49,118,11.8
2024-12-17 20:17:50,117,11.7
2024-12-17 20:17:51,53,5.3
2024-12-17 20:17:52,58,5.8
2024-12-17 20:17:53,126,12.6
2024-12-17 20:17:54,107,10.7
2024-12-17 20:17:55,79,7.9
2024-12-17 20:17:56,81,8.1
2024-12-17 20:17:57,124,12.4
2024-12-17 20:17:58,82,8.2
2024-12-17 20:17:59,150,15.0
2024-12-17 20:18:00,135,13.5
2024-12-17 20:18:01,144,14.4
2024-12-17 20:18:02,88,8.8
2024-12-17 20:18:03,113,11.3
2024-12-17 20:18:04,132,13.2
2024-12-17 20:18:05,117,11.7
2024-12-17 20:18:06,142,14.2
2024-12-17 20:18:07,116,11.6
2024-12-17 20:18:08,137,13.7
2024-12-17 20:18:09,123,12.3
2024-12-17 20:18:10,100,10.0
2024-12-17 20:18:11,105,10.5
2024-12-17 20:18:12,70,7.0
2024-12-17 20:18:13,130,13.0
2024-12-17 20:18:14,58,5.8
2024-12-17 20:18:15,158,15.8
2024-12-17 20:18:16,54,5.4
2024-12-17 20:18:17,134,13.4
2024-12-17 20:18:18,143,14.3
2024-12-17 20:18:19,63,6.3
2024-12-17 20:18:20,93,9.3
2024-12-17 20:18:21,114,11.4
2024-12-17 20:18:22,107,10.7
2024-12-17 20:18:23,87,8.7
2024-12-17 20:18:24,130,13.0
2024-12-17 20:18:25,150,15.0
2024-12-17 20:18:26,119,11.9
2024-12-17 20:18:27,146,14.6
2024-12-17 20:18:28,51,5.1
2024-12-17 20:18:29,62,6.2
2024-12-17 20:18:30,113,11.3
2024-12-17 20:18:31,157,15.7
2024-12-17 20:18:32,108,10.8
2024-12-17 20:18:33,51,5.1
2024-12-17 20:18:34,136,13.6
2024-12-17 20:18:35,160,16.0
2024-12-17 20:18:36,53,5.3
2024-12-17 20:18:37,86,8.6
2024-12-17 20:18:38,121,12.1
2024-12-17 20:18:39,77,7.7
2024-12-17 20:18:40,153,15.3
2024-12-17 20:18:41,151,15.1
2024-12-17 20:18:42,153,15.3
2024-12-17 20:18:43,66,6.6
2024-12-17 20:18:44,85,8.5
2024-12-17 20:18:45,125,12.5
2024-12-17 20:18:46,68,6.8
2024-12-17 20:18:47,128,12.8
2024-12-17 20:18:48,50,5.0
2024-12-17 20:18:49,55,5.5
2024-12-17 20:18:50,86,8.6
2024-12-17 20:18:51,135,13.5
2024-12-17 20:18:52,135,13.5
2024-12-17 20:18:53,64,6.4
2024-12-17 20:18:54,52,5.2
2024-12-17 20:18:55,64,6.4
2024-12-17 20:18:56,108,10.8
2024-12-17 20:18:57,151,15.1
2024-12-17 20:18:58,55,5.5
2024-12-17 20:18:59,59,5.9
2024-12-17 20:19:00,98,9.8
2024-12-17 20:19:01,109,10.9
2024-12-17 20:19:02,137,13.7
2024-12-17 20:19:03,124,12.4
2024-12-17 20:19:04,139,13.9
2024-12-17 20:19:05,59,5.9
2024-12-17 20:19:06,111,11.1
2024-12-17 20:19:07,147,14.7
2024-12-17 20:19:08,106,10.6
2024-12-17 20:19:09,130,13.0
2024-12-17 20:19:10,104,10.4
2024-12-17 20:19:11,104,10.4
2024-12-17 20:19:12,86,8.6
2024-12-17 20:19:13,118,11.8
2024-12-17 20:19:14,119,11.9
2024-12-17 20:19:15,160,16.0
2024-12-17 20:19:16,152,15.2
2024-12-17 20:19:17,104,10.4
2024-12-17 20:19:18,72,7.2
2024-12-17 20:19:19,125,12.5
2024-12-17 20:19:20,132,13.2
2024-12-17 20:19:21,63,6.3
2024-12-17 20:19:22,59,5.9
2024-12-17 20:19:23,82,8.2
2024-12-17 20:19:24,62,6.2
2024-12-17 20:19:25,153,15.3
2024-12-17 20:19:26,104,10.4
2024-12-17 20:19:27,108,10.8
2024-12-17 20:19:28,90,9.0
2024-12-17 20:19:29,81,8.1
2024-12-17 20:19:30,72,7.2
2024-12-17 20:19:31,88,8.8
2024-12-17 20:19:32,144,14.4
2024-12-17 20:19:33,59,5.9
2024-12-17 20:19:34,50,5.0
2024-12-17 20:19:35,51,5.1
2024-12-17 20:19:36,77,7.7
2024-12-17 20:19:37,67,6.7
2024-12-17 20:19:38,79,7.9
2024-12-17 20:19:39,65,6.5
2024-12-17 20:19:40,83,8.3
2024-12-17 20:19:41,62,6.2
2024-12-17 20:19:42,140,14.0
2024-12-17 20:19:43,124,12.4
2024-12-17 20:19:44,85,8.5
2024-12-17 20:19:45,150,15.0
2024-12-17 20:19:46,106,10.6
2024-12-17 20:19:47,101,10.1
2024-12-17 20:19:48,94,9.4
2024-12-17 20:19:49,124,12.4
2024-12-17 20:19:50,144,14.4
2024-12-17 20:19:51,60,6.0
2024-12-17 20:19:52,120,12.0
2024-12-17 20:19:53,85,8.5
2024-12-17 20:19:54,89,8.9
2024-12-17 20:19:55,158,15.8
2024-12-17 20:19:56,53,5.3
2024-12-17 20:19:57,103,10.3
2024-12-17 20:19:58,146,14.6
2024-12-17 20:19:59,116,11.6
2024-12-17 20:20:00,109,10.9
2024-12-17 20:20:01,113,11.3
2024-12-17 20:20:02,140,14.0
2024-12-17 20:20:03,88,8.8
2024-12-17 20:20:04,158,15.8
2024-12-17 20:20:05,122,12.2
2024-12-17 20:20:06,77,7.7
2024-12-17 20:20:07,103,10.3
2024-12-17 20:20:08,126,12.6
2024-12-17 20:20:09,68,6.8
2024-12-17 20:20:10,152,15.2
2024-12-17 20:20:11,139,13.9
2024-12-17 20:20:12,156,15.6
2024-12-17 20:20:13,55,5.5
2024-12-17 20:20:14,119,11.9
2024-12-17 20:20:15,128,12.8
2024-12-17 20:20:16,139,13.9
2024-12-17 20:20:17,154,15.4
2024-12-17 20:20:18,83,8.3
2024-12-17 20:20:19,149,14.9
2024-12-17 20:20:20,63,6.3
2024-12-17 20:20:21,121,12.1
2024-12-17 20:20:22,120,12.0
2024-12-17 20:20:23,155,15.5
2024-12-17 20:20:24,94,9.4
2024-12-17 20:20:25,64,6.4
2024-12-17 20:20:26,97,9.7
2024-12-17 20:20:27,118,11.8
2024-12-17 20:20:28,68,6.8
2024-12-17 20:20:29,133,13.3
2024-12-17 20:20:30,153,15.3
2024-12-17 20:20:31,140,14.0
2024-12-17 20:20:32,63,6.3
2024-12-17 20:20:33,66,6.6
2024-12-17 20:20:34,98,9.8
2024-12-17 20:20:35,151,15.1
2024-12-17 20:20:36,143,14.3
2024-12-17 20:20:37,77,7.7
2024-12-17 20:20:38,56,5.6
2024-12-17 20:20:39,160,16.0
2024-12-17 20:20:40,72,7.2
2024-12-17 20:20:41,68,6.8
2024-12-17 20:20:42,52,5.2
2024-12-17 20:20:43,73,7.3
2024-12-17 20:20:44,159,15.9
2024-12-17 20:20:45,137,13.7
2024-12-17 20:20:46,129,12.9
2024-12-17 20:20:47,139,13.9
2024-12-17 20:20:48,114,11.4
2024-12-17 20:20:49,104,10.4
2024-12-17 20:20:50,80,8.0
2024-12-17 20:20:51,70,7.0
2024-12-17 20:20:52,136,13.6
2024-12-17 20:20:53,154,15.4
2024-12-17 20:20:54,111,11.1
2024-12-17 20:20:55,113,11.3
2024-12-17 20:20:56,132,13.2
2024-12-17 20:20:57,54,5.4
2024-12-17 20:20:58,133,13.3
2024-12-17 20:20:59,94,9.4
2024-12-17 20:21:00,121,12.1
2024-12-17 20:21:01,54,5.4
2024-12-17 20:21:02,116,11.6
2024-12-17 20:21:03,142,14.2
2024-12-17 20:21:04,124,12.4
2024-12-17 20:21:05,118,11.8
2024-12-17 20:21:06,82,8.2
2024-12-17 20:21:07,105,10.5
2024-12-17 20:21:08,67,6.7
2024-12-17 20:21:09,118,11.8
2024-12-17 20:21:10,54,5.4
2024-12-17 20:21:11,92,9.2
2024-12-17 20:21:12,81,8.1
2024-12-17 20:21:13,103,10.3
2024-12-17 20:21:14,114,11.4
2024-12-17 20:21:15,122,12.2
2024-12-17 20:21:16,129,12.9
2024-12-17 20:21:17,85,8.5
2024-12-17 20:21:18,108,10.8
2024-12-17 20:21:19,84,8.4
2024-12-17 20:21:20,107,10.7
2024-12-17 20:21:21,140,14.0
2024-12-17 20:21:22,67,6.7
2024-12-17 20:21:23,59,5.9
2024-12-17 20:21:24,130,13.0
2024-12-17 20:21:25,92,9.2
2024-12-17 20:21:26,55,5.5
2024-12-17 20:21:27,65,6.5
2024-12-17 20:21:28,73,7.3
2024-12-17 20:21:29,81,8.1
2024-12-17 20:21:30,51,5.1
2024-12-17 20:21:31,110,11.0
2024-12-17 20:21:32,99,9.9
2024-12-17 20:21:33,58,5.8
2024-12-17 20:21:34,66,6.6
2024-12-17 20:21:35,131,13.1
2024-12-17 20:21:36,56,5.6
2024-12-17 20:21:37,140,14.0
2024-12-17 20:21:38,57,5.7
2024-12-17 20:21:39,146,14.6
2024-12-17 20:21:40,61,6.1
2024-12-17 20:21:41,91,9.1
2024-12-17 20:21:42,70,7.0
2024-12-17 20:21:43,139,13.9
2024-12-17 20:21:44,96,9.6
2024-12-17 20:21:45,90,9.0
2024-12-17 20:21:46,70,7.0
2024-12-17 20:21:47,126,12.6
2024-12-17 20:21:48,126,12.6
2024-12-17 20:21:49,133,13.3
2024-12-17 20:21:50,85,8.5
2024-12-17 20:21:51,130,13.0
2024-12-17 20:21:52,135,13.5
2024-12-17 20:21:53,92,9.2
2024-12-17 20:21:54,152,15.2
2024-12-17 20:21:55,150,15.0
2024-12-17 20:21:56,84,8.4
2024-12-17 20:21:57,55,5.5
2024-12-17 20:21:58,57,5.7
2024-12-17 20:21:59,63,6.3
2024-12-17 20:22:00,60,6.0
2024-12-17 20:22:01,75,7.5
2024-12-17 20:22:02,133,13.3
2024-12-17 20:22:03,104,10.4
2024-12-17 20:22:04,158,15.8
2024-12-17 20:22:05,143,14.3
2024-12-17 20:22:06,80,8.0
2024-12-17 20:22:07,114,11.4
2024-12-17 20:22:08,66,6.6
2024-12-17 20:22:09,102,10.2
2024-12-17 20:22:10,125,12.5
2024-12-17 20:22:11,135,13.5
2024-12-17 20:22:12,57,5.7
2024-12-17 20:22:13,74,7.4
2024-12-17 20:22:14,54,5.4
2024-12-17 20:22:15,148,14.8
2024-12-17 20:22:16,127,12.7
2024-12-17 20:22:17,63,6.3
2024-12-17 20:22:18,131,13.1
2024-12-17 20:22:19,71,7.1
2024-12-17 20:22:20,155,15.5
2024-12-17 20:22:21,128,12.8
2024-12-17 20:22:22,144,14.4
2024-12-17 20:22:23,71,7.1
2024-12-17 20:22:24,98,9.8
2024-12-17 20:22:25,145,14.5
2024-12-17 20:22:26,54,5.4
2024-12-17 20:22:27,152,15.2
2024-12-17 20:22:28,107,10.7
2024-12-17 20:22:29,54,5.4
2024-12-17 20:22:30,111,11.1
2024-12-17 20:22:31,119,11.9
2024-12-17 20:22:32,90,9.0
2024-12-17 20:22:33,71,7.1
2024-12-17 20:22:34,89,8.9
2024-12-17 20:22:35,51,5.1
2024-12-17 20:22:36,132,13.2
2024-12-17 20:22:37,135,13.5
2024-12-17 20:22:38,81,8.1
2024-12-17 20:22:39,127,12.7
2024-12-17 20:22:40,94,9.4
2024-12-17 20:22:41,89,8.9
2024-12-17 20:22:42,110,11.0
2024-12-17 20:22:43,138,13.8
2024-12-17 20:22:44,82,8.2
2024-12-17 20:22:45,90,9.0
2024-12-17 20:22:46,105,10.5
2024-12-17 20:22:47,91,9.1
2024-12-17 20:22:48,108,10.8
2024-12-17 20:22:49,114,11.4
2024-12-17 20:22:50,74,7.4
2024-12-17 20:22:51,87,8.7
2024-12-17 20:22:52,135,13.5
2024-12-17 20:22:53,122,12.2
2024-12-17 20:22:54,111,11.1
2024-12-17 20:22:55,55,5.5
2024-12-17 20:22:56,105,10.5
2024-12-17 20:22:57,115,11.5
2024-12-17 20:22:58,107,10.7
2024-12-17 20:22:59,120,12.0
2024-12-17 20:23:00,104,10.4
2024-12-17 20:23:01,76,7.6
2024-12-17 20:23:02,111,11.1
2024-12-17 20:23:03,75,7.5
2024-12-17 20:23:04,96,9.6
2024-12-17 20:23:05,71,7.1
2024-12-17 20:23:06,120,12.0
2024-12-17 20:23:07,109,10.9
2024-12-17 20:23:08,69,6.9
2024-12-17 20:23:09,117,11.7
2024-12-17 20:23:10,94,9.4
2024-12-17 20:23:11,53,5.3
2024-12-17 20:23:12,102,10.2
2024-12-17 20:23:13,94,9.4
2024-12-17 20:23:14,130,13.0
2024-12-17 20:23:15,56,5.6
2024-12-17 20:23:16,89,8.9
2024-12-17 20:23:17,92,9.2
2024-12-17 20:23:18,123,12.3
2024-12-17 20:23:19,90,9.0
2024-12-17 20:23:20,119,11.9
2024-12-17 20:23:21,142,14.2
2024-12-17 20:23:22,138,13.8
2024-12-17 20:23:23,129,12.9
2024-12-17 20:23:24,96,9.6
2024-12-17 20:23:25,58,5.8
2024-12-17 20:23:26,68,6.8
2024-12-17 20:23:27,136,13.6
2024-12-17 20:23:28,70,7.0
2024-12-17 20:23:29,136,13.6
2024-12-17 20:23:30,108,10.8
2024-12-17 20:23:31,149,14.9
2024-12-17 20:23:32,62,6.2
2024-12-17 20:23:33,105,10.5
2024-12-17 20:23:34,103,10.3
2024-12-17 20:23:35,130,13.0
2024-12-17 20:23:36,160,16.0
2024-12-17 20:23:37,135,13.5
2024-12-17 20:23:38,72,7.2
2024-12-17 20:23:39,120,12.0
2024-12-17 20:23:40,153,15.3
2024-12-17 20:23:41,106,10.6
2024-12-17 20:23:42,98,9.8
2024-12-17 20:23:43,159,15.9
2024-12-17 20:23:44,72,7.2
2024-12-17 20:23:45,101,10.1
2024-12-17 20:23:46,81,8.1
2024-12-17 20:23:47,110,11.0
2024-12-17 20:23:48,73,7.3
2024-12-17 20:23:49,158,15.8
2024-12-17 20:23:50,53,5.3
2024-12-17 20:23:51,125,12.5
2024-12-17 20:23:52,56,5.6
2024-12-17 20:23:53,130,13.0
2024-12-17 20:23:54,56,5.6
2024-12-17 20:23:55,60,6.0
2024-12-17 20:23:56,147,14.7
2024-12-17 20:23:57,60,6.0
2024-12-17 20:23:58,110,11.0
2024-12-17 20:23:59,153,15.3
2024-12-17 20:24:00,96,9.6
2024-12-17 20:24:01,121,12.1
2024-12-17 20:24:02,73,7.3
2024-12-17 20:24:03,78,7.8
2024-12-17 20:24:04,89,8.9
2024-12-17 20:24:05,74,7.4
2024-12-17 20:24:06,55,5.5
2024-12-17 20:24:07,51,5.1
2024-12-17 20:24:08,103,10.3
2024-12-17 20:24:09,157,15.7
2024-12-17 20:24:10,127,12.7
2024-12-17 20:24:11,62,6.2
2024-12-17 20:24:12,101,10.1
2024-12-17 20:24:13,74,7.4
2024-12-17 20:24:14,116,11.6
2024-12-17 20:24:15,65,6.5
2024-12-17 20:24:16,132,13.2
2024-12-17 20:24:17,77,7.7
2024-12-17 20:24:18,106,10.6
2024-12-17 20:24:19,123,12.3
2024-12-17 20:24:20,134,13.4
2024-12-17 20:24:21,140,14.0
2024-12-17 20:24:22,105,10.5
2024-12-17 20:24:23,147,14.7
2024-12-17 20:24:24,102,10.2
2024-12-17 20:24:25,115,11.5
2024-12-17 20:24:26,133,13.3
2024-12-17 20:24:27,145,14.5
2024-12-17 20:24:28,142,14.2
2024-12-17 20:24:29,138,13.8
2024-12-17 20:24:30,79,7.9
2024-12-17 20:24:31,141,14.1
2024-12-17 20:24:32,55,5.5
2024-12-17 20:24:33,142,14.2
2024-12-17 20:24:34,79,7.9
2024-12-17 20:24:35,89,8.9
2024-12-17 20:24:36,101,10.1
2024-12-17 20:24:37,61,6.1
2024-12-17 20:24:38,71,7.1
2024-12-17 20:24:39,124,12.4
2024-12-17 20:24:40,79,7.9
2024-12-17 20:24:41,117,11.7
2024-12-17 20:24:42,93,9.3
2024-12-17 20:24:43,129,12.9
2024-12-17 20:24:44,76,7.6
2024-12-17 20:24:45,100,10.0
2024-12-17 20:24:46,117,11.7
2024-12-17 20:24:47,92,9.2
2024-12-17 20:24:48,101,10.1
2024-12-17 20:24:49,151,15.1
2024-12-17 20:24:50,72,7.2
2024-12-17 20:24:51,152,15.2
2024-12-17 20:24:52,86,8.6
2024-12-17 20:24:53,62,6.2
2024-12-17 20:24:54,94,9.4
2024-12-17 20:24:55,137,13.7
2024-12-17 20:24:56,82,8.2
2024-12-17 20:24:57,57,5.7
2024-12-17 20:24:58,61,6.1
2024-12-17 20:24:59,149,14.9
2024-12-17 20:25:00,153,15.3
2024-12-17 20:25:01,109,10.9
2024-12-17 20:25:02,82,8.2
2024-12-17 20:25:03,111,11.1
2024-12-17 20:25:04,99,9.9
2024-12-17 20:25:05,58,5.8
2024-12-17 20:25:06,137,13.7
2024-12-17 20:25:07,80,8.0
2024-12-17 20:25:08,102,10.2
2024-12-17 20:25:09,123,12.3
2024-12-17 20:25:10,67,6.7
2024-12-17 20:25:11,114,11.4
2024-12-17 20:25:12,99,9.9
2024-12-17 20:25:13,70,7.0
2024-12-17 20:25:14,56,5.6
2024-12-17 20:25:15,113,11.3
2024-12-17 20:25:16,150,15.0
2024-12-17 20:25:17,129,12.9
2024-12-17 20:25:18,104,10.4
2024-12-17 20:25:19,136,13.6
2024-12-17 20:25:20,125,12.5
2024-12-17 20:25:21,70,7.0
2024-12-17 20:25:22,108,10.8
2024-12-17 20:25:23,153,15.3
2024-12-17 20:25:24,88,8.8
2024-12-17 20:25:25,67,6.7
2024-12-17 20:25:26,108,10.8
2024-12-17 20:25:27,128,12.8
2024-12-17 20:25:28,139,13.9
2024-12-17 20:25:29,50,5.0
2024-12-17 20:25:30,159,15.9
2024-12-17 20:25:31,145,14.5
2024-12-17 20:25:32,153,15.3
2024-12-17 20:25:33,121,12.1
2024-12-17 20:25:34,73,7.3
2024-12-17 20:25:35,159,15.9
2024-12-17 20:25:36,59,5.9
2024-12-17 20:25:37,128,12.8
2024-12-17 20:25:38,59,5.9
2024-12-17 20:25:39,140,14.0
2024-12-17 20:25:40,104,10.4
2024-12-17 20:25:41,146,14.6
2024-12-17 20:25:42,117,11.7
2024-12-17 20:25:43,74,7.4
2024-12-17 20:25:44,103,10.3
2024-12-17 20:25:45,106,10.6
2024-12-17 20:25:46,115,11.5
2024-12-17 20:25:47,122,12.2
2024-12-17 20:25:48,124,12.4
2024-12-17 20:25:49,137,13.7
2024-12-17 20:25:50,56,5.6
2024-12-17 20:25:51,141,14.1
2024-12-17 20:25:52,152,15.2
2024-12-17 20:25:53,116,11.6
2024-12-17 20:25:54,50,5.0
2024-12-17 20:25:55,142,14.2
2024-12-17 20:25:56,89,8.9
2024-12-17 20:25:57,142,14.2
2024-12-17 20:25:58,110,11.0
2024-12-17 20:25:59,99,9.9
2024-12-17 20:26:00,84,8.4
2024-12-17 20:26:01,133,13.3
2024-12-17 20:26:02,61,6.1
2024-12-17 20:26:03,116,11.6
2024-12-17 20:26:04,130,13.0
2024-12-17 20:26:05,80,8.0
2024-12-17 20:26:06,72,7.2
2024-12-17 20:26:07,119,11.9
2024-12-17 20:26:08,127,12.7
2024-12-17 20:26:09,66,6.6
2024-12-17 20:26:10,63,6.3
2024-12-17 20:26:11,155,15.5
2024-12-17 20:26:12,157,15.7
2024-12-17 20:26:13,118,11.8
2024-12-17 20:26:14,138,13.8
2024-12-17 20:26:15,51,5.1
2024-12-17 20:26:16,96,9.6
2024-12-17 20:26:17,62,6.2
2024-12-17 20:26:18,93,9.3
2024-12-17 20:26:19,126,12.6
2024-12-17 20:26:20,95,9.5
2024-12-17 20:26:21,129,12.9
2024-12-17 20:26:22,140,14.0
2024-12-17 20:26:23,61,6.1
2024-12-17 20:26:24,66,6.6
2024-12-17 20:26:25,104,10.4
2024-12-17 20:26:26,82,8.2
2024-12-17 20:26:27,70,7.0
2024-12-17 20:26:28,89,8.9
2024-12-17 20:26:29,145,14.5
2024-12-17 20:26:30,113,11.3
2024-12-17 20:26:31,123,12.3
2024-12-17 20:26:32,142,14.2
2024-12-17 20:26:33,153,15.3
2024-12-17 20:26:34,153,15.3
2024-12-17 20:26:35,85,8.5
2024-12-17 20:26:36,70,7.0
2024-12-17 20:26:37,82,8.2
2024-12-17 20:26:38,147,14.7
2024-12-17 20:26:39,156,15.6
2024-12-17 20:26:40,99,9.9
2024-12-17 20:26:41,85,8.5
2024-12-17 20:26:42,158,15.8
2024-12-17 20:26:43,73,7.3
2024-12-17 20:26:44,155,15.5
2024-12-17 20:26:45,140,14.0
2024-12-17 20:26:46,69,6.9
2024-12-17 20:26:47,56,5.6
2024-12-17 20:26:48,71,7.1
2024-12-17 20:26:49,91,9.1
2024-12-17 20:26:50,104,10.4
2024-12-17 20:26:51,138,13.8
2024-12-17 20:26:52,64,6.4
2024-12-17 20:26:53,131,13.1
2024-12-17 20:26:54,73,7.3
2024-12-17 20:26:55,129,12.9
2024-12-17 20:26:56,154,15.4
2024-12-17 20:26:57,132,13.2
2024-12-17 20:26:58,82,8.2
2024-12-17 20:26:59,157,15.7
2024-12-17 20:27:00,111,11.1
2024-12-17 20:27:01,143,14.3
2024-12-17 20:27:02,98,9.8
2024-12-17 20:27:03,116,11.6
2024-12-17 20:27:04,76,7.6
2024-12-17 20:27:05,115,11.5
2024-12-17 20:27:06,144,14.4
2024-12-17 20:27:07,135,13.5
2024-12-17 20:27:08,121,12.1
2024-12-17 20:27:09,87,8.7
2024-12-17 20:27:10,93,9.3
2024-12-17 20:27:11,104,10.4
2024-12-17 20:27:12,111,11.1
2024-12-17 20:27:13,159,15.9
2024-12-17 20:27:14,107,10.7
2024-12-17 20:27:15,138,13.8
2024-12-17 20:27:16,120,12.0
2024-12-17 20:27:17,122,12.2
2024-12-17 20:27:18,52,5.2
2024-12-17 20:27:19,71,7.1
2024-12-17 20:27:20,151,15.1
2024-12-17 20:27:21,57,5.7
2024-12-17 20:27:22,74,7.4
2024-12-17 20:27:23,108,10.8
2024-12-17 20:27:24,94,9.4
2024-12-17 20:27:25,87,8.7
2024-12-17 20:27:26,122,12.2
2024-12-17 20:27:27,109,10.9
2024-12-17 20:27:28,135,13.5
2024-12-17 20:27:29,111,11.1
2024-12-17 20:27:30,83,8.3
2024-12-17 20:27:31,60,6.0
2024-12-17 20:27:32,144,14.4
2024-12-17 20:27:33,79,7.9
2024-12-17 20:27:34,58,5.8
2024-12-17 20:27:35,160,16.0
2024-12-17 20:27:36,58,5.8
2024-12-17 20:27:37,143,14.3
2024-12-17 20:27:38,93,9.3
2024-12-17 20:27:39,80,8.0
2024-12-17 20:27:40,96,9.6
2024-12-17 20:27:41,98,9.8
2024-12-17 20:27:42,122,12.2
2024-12-17 20:27:43,123,12.3
2024-12-17 20:27:44,145,14.5
2024-12-17 20:27:45,148,14.8
2024-12-17 20:27:46,108,10.8
2024-12-17 20:27:47,133,13.3
2024-12-17 20:27:48,70,7.0
2024-12-17 20:27:49,128,12.8
2024-12-17 20:27:50,147,14.7
2024-12-17 20:27:51,159,15.9
2024-12-17 20:27:52,146,14.6
2024-12-17 20:27:53,145,14.5
2024-12-17 20:27:54,129,12.9
2024-12-17 20:27:55,101,10.1
2024-12-17 20:27:56,93,9.3
2024-12-17 20:27:57,127,12.7
2024-12-17 20:27:58,151,15.1
2024-12-17 20:27:59,145,14.5
2024-12-17 20:28:00,61,6.1
2024-12-17 20:28:01,70,7.0
2024-12-17 20:28:02,67,6.7
2024-12-17 20:28:03,117,11.7
2024-12-17 20:28:04,112,11.2
2024-12-17 20:28:05,121,12.1
2024-12-17 20:28:06,70,7.0
2024-12-17 20:28:07,55,5.5
2024-12-17 20:28:08,125,12.5
2024-12-17 20:28:09,64,6.4
2024-12-17 20:28:10,103,10.3
2024-12-17 20:28:11,69,6.9
2024-12-17 20:28:12,101,10.1
2024-12-17 20:28:13,103,10.3
2024-12-17 20:28:14,50,5.0
2024-12-17 20:28:15,117,11.7
2024-12-17 20:28:16,98,9.8
2024-12-17 20:28:17,67,6.7
2024-12-17 20:28:18,156,15.6
2024-12-17 20:28:19,55,5.5
2024-12-17 20:28:20,104,10.4
2024-12-17 20:28:21,53,5.3
2024-12-17 20:28:22,124,12.4
2024-12-17 20:28:23,143,14.3
2024-12-17 20:28:24,120,12.0
2024-12-17 20:28:25,147,14.7
2024-12-17 20:28:26,147,14.7
2024-12-17 20:28:27,57,5.7
2024-12-17 20:28:28,82,8.2
2024-12-17 20:28:29,103,10.3
2024-12-17 20:28:30,79,7.9
2024-12-17 20:28:31,65,6.5
2024-12-17 20:28:32,70,7.0
2024-12-17 20:28:33,154,15.4
2024-12-17 20:28:34,113,11.3
2024-12-17 20:28:35,95,9.5
2024-12-17 20:28:36,68,6.8
2024-12-17 20:28:37,60,6.0
2024-12-17 20:28:38,91,9.1
2024-12-17 20:28:39,51,5.1
2024-12-17 20:28:40,124,12.4
2024-12-17 20:28:41,153,15.3
2024-12-17 20:28:42,75,7.5
2024-12-17 20:28:43,113,11.3
2024-12-17 20:28:44,68,6.8
2024-12-17 20:28:45,100,10.0
2024-12-17 20:28:46,111,11.1
2024-12-17 20:28:47,119,11.9
2024-12-17 20:28:48,106,10.6
2024-12-17 20:28:49,110,11.0
2024-12-17 20:28:50,131,13.1
2024-12-17 20:28:51,159,15.9
2024-12-17 20:28:52,77,7.7
2024-12-17 20:28:53,55,5.5
2024-12-17 20:28:54,51,5.1
2024-12-17 20:28:55,107,10.7
2024-12-17 20:28:56,157,15.7
2024-12-17 20:28:57,147,14.7
2024-12-17 20:28:58,93,9.3
2024-12-17 20:28:59,138,13.8
2024-12-17 20:29:00,85,8.5
2024-12-17 20:29:01,156,15.6
2024-12-17 20:29:02,56,5.6
2024-12-17 20:29:03,131,13.1
2024-12-17 20:29:04,52,5.2
2024-12-17 20:29:05,92,9.2
2024-12-17 20:29:06,103,10.3
2024-12-17 20:29:07,91,9.1
2024-12-17 20:29:08,138,13.8
2024-12-17 20:29:09,105,10.5
2024-12-17 20:29:10,55,5.5
2024-12-17 20:29:11,129,12.9
2024-12-17 20:29:12,60,6.0
2024-12-17 20:29:13,88,8.8
2024-12-17 20:29:14,65,6.5
2024-12-17 20:29:15,130,13.0
2024-12-17 20:29:16,89,8.9
2024-12-17 20:29:17,138,13.8
2024-12-17 20:29:18,76,7.6
2024-12-17 20:29:19,123,12.3
2024-12-17 20:29:20,119,11.9
2024-12-17 20:29:21,157,15.7
2024-12-17 20:29:22,150,15.0
2024-12-17 20:29:23,144,14.4
2024-12-17 20:29:24,101,10.1
2024-12-17 20:29:25,143,14.3
2024-12-17 20:29:26,151,15.1
2024-12-17 20:29:27,118,11.8
2024-12-17 20:29:28,69,6.9
2024-12-17 20:29:29,75,7.5
2024-12-17 20:29:30,92,9.2
2024-12-17 20:29:31,99,9.9
2024-12-17 20:29:32,153,15.3
2024-12-17 20:29:33,140,14.0
2024-12-17 20:29:34,116,11.6
2024-12-17 20:29:35,109,10.9
2024-12-17 20:29:36,93,9.3
2024-12-17 20:29:37,134,13.4
2024-12-17 20:29:38,77,7.7
2024-12-17 20:29:39,151,15.1
2024-12-17 20:29:40,154,15.4
2024-12-17 20:29:41,60,6.0
2024-12-17 20:29:42,79,7.9
2024-12-17 20:29:43,90,9.0
2024-12-17 20:29:44,73,7.3
2024-12-17 20:29:45,160,16.0
2024-12-17 20:29:46,89,8.9
2024-12-17 20:29:47,156,15.6
2024-12-17 20:29:48,62,6.2
2024-12-17 20:29:49,97,9.7
2024-12-17 20:29:50,109,10.9
2024-12-17 20:29:51,130,13.0
2024-12-17 20:29:52,128,12.8
2024-12-17 20:29:53,140,14.0
2024-12-17 20:29:54,116,11.6
2024-12-17 20:29:55,145,14.5
2024-12-17 20:29:56,103,10.3
2024-12-17 20:29:57,59,5.9
2024-12-17 20:29:58,149,14.9
2024-12-17 20:29:59,135,13.5
2024-12-17 20:30:00,94,9.4
2024-12-17 20:30:01,74,7.4
2024-12-17 20:30:02,126,12.6
2024-12-17 20:30:03,108,10.8
2024-12-17 20:30:04,127,12.7
2024-12-17 20:30:05,150,15.0
2024-12-17 20:30:06,100,10.0
2024-12-17 20:30:07,138,13.8
2024-12-17 20:30:08,94,9.4
2024-12-17 20:30:09,99,9.9
2024-12-17 20:30:10,118,11.8
2024-12-17 20:30:11,89,8.9
2024-12-17 20:30:12,134,13.4
2024-12-17 20:30:13,144,14.4
2024-12-17 20:30:14,160,16.0
2024-12-17 20:30:15,52,5.2
2024-12-17 20:30:16,77,7.7
2024-12-17 20:30:17,66,6.6
2024-12-17 20:30:18,87,8.7
2024-12-17 20:30:19,130,13.0
2024-12-17 20:30:20,158,15.8
2024-12-17 20:30:21,114,11.4
2024-12-17 20:30:22,116,11.6
2024-12-17 20:30:23,103,10.3
2024-12-17 20:30:24,149,14.9
2024-12-17 20:30:25,139,13.9
2024-12-17 20:30:26,75,7.5
2024-12-17 20:30:27,76,7.6
2024-12-17 20:30:28,100,10.0
2024-12-17 20:30:29,130,13.0
2024-12-17 20:30:30,138,13.8
2024-12-17 20:30:31,103,10.3
2024-12-17 20:30:32,70,7.0
2024-12-17 20:30:33,143,14.3
2024-12-17 20:30:34,108,10.8
2024-12-17 20:30:35,73,7.3
2024-12-17 20:30:36,85,8.5
2024-12-17 20:30:37,71,7.1
2024-12-17 20:30:38,120,12.0
2024-12-17 20:30:39,110,11.0
2024-12-17 20:30:40,144,14.4
2024-12-17 20:30:41,138,13.8
2024-12-17 20:30:42,79,7.9
2024-12-17 20:30:43,132,13.2
2024-12-17 20:30:44,80,8.0
2024-12-17 20:30:45,137,13.7
2024-12-17 20:30:46,136,13.6
2024-12-17 20:30:47,126,12.6
2024-12-17 20:30:48,57,5.7
2024-12-17 20:30:49,67,6.7
2024-12-17 20:30:50,77,7.7
2024-12-17 20:30:51,119,11.9
2024-12-17 20:30:52,104,10.4
2024-12-17 20:30:53,103,10.3
2024-12-17 20:30:54,122,12.2
2024-12-17 20:30:55,104,10.4
2024-12-17 20:30:56,77,7.7
2024-12-17 20:30:57,127,12.7
2024-12-17 20:30:58,156,15.6
2024-12-17 20:30:59,78,7.8
2024-12-17 20:31:00,116,11.6
2024-12-17 20:31:01,78,7.8
2024-12-17 20:31:02,95,9.5
2024-12-17 20:31:03,69,6.9
2024-12-17 20:31:04,100,10.0
2024-12-17 20:31:05,129,12.9
2024-12-17 20:31:06,66,6.6
2024-12-17 20:31:07,114,11.4
2024-12-17 20:31:08,124,12.4
2024-12-17 20:31:09,60,6.0
2024-12-17 20:31:10,154,15.4
2024-12-17 20:31:11,66,6.6
2024-12-17 20:31:12,119,11.9
2024-12-17 20:31:13,136,13.6
2024-12-17 20:31:14,129,12.9
2024-12-17 20:31:15,102,10.2
2024-12-17 20:31:16,134,13.4
2024-12-17 20:31:17,92,9.2
2024-12-17 20:31:18,145,14.5
2024-12-17 20:31:19,147,14.7
2024-12-17 20:31:20,104,10.4
2024-12-17 20:31:21,142,14.2
2024-12-17 20:31:22,98,9.8
2024-12-17 20:31:23,78,7.8
2024-12-17 20:31:24,102,10.2
2024-12-17 20:31:25,138,13.8
2024-12-17 20:31:26,124,12.4
2024-12-17 20:31:27,71,7.1
2024-12-17 20:31:28,100,10.0
2024-12-17 20:31:29,156,15.6
2024-12-17 20:31:30,136,13.6
2024-12-17 20:31:31,59,5.9
2024-12-17 20:31:32,110,11.0
2024-12-17 20:31:33,148,14.8
2024-12-17 20:31:34,121,12.1
2024-12-17 20:31:35,83,8.3
2024-12-17 20:31:36,123,12.3
2024-12-17 20:31:37,146,14.6
2024-12-17 20:31:38,143,14.3
2024-12-17 20:31:39,104,10.4
2024-12-17 20:31:40,93,9.3
2024-12-17 20:31:41,151,15.1
2024-12-17 20:31:42,114,11.4
2024-12-17 20:31:43,138,13.8
2024-12-17 20:31:44,107,10.7
2024-12-17 20:31:45,149,14.9
2024-12-17 20:31:46,50,5.0
2024-12-17 20:31:47,70,7.0
2024-12-17 20:31:48,75,7.5
2024-12-17 20:31:49,115,11.5
2024-12-17 20:31:50,128,12.8
2024-12-17 20:31:51,102,10.2
2024-12-17 20:31:52,135,13.5
2024-12-17 20:31:53,81,8.1
2024-12-17 20:31:54,135,13.5
2024-12-17 20:31:55,119,11.9
2024-12-17 20:31:56,60,6.0
2024-12-17 20:31:57,91,9.1
2024-12-17 20:31:58,83,8.3
2024-12-17 20:31:59,116,11.6
2024-12-17 20:32:00,133,13.3
2024-12-17 20:32:01,159,15.9
2024-12-17 20:32:02,106,10.6
2024-12-17 20:32:03,135,13.5
2024-12-17 20:32:04,144,14.4
2024-12-17 20:32:05,100,10.0
2024-12-17 20:32:06,116,11.6
2024-12-17 20:32:07,159,15.9
2024-12-17 20:32:08,74,7.4
2024-12-17 20:32:09,141,14.1
2024-12-17 20:32:10,55,5.5
2024-12-17 20:32:11,84,8.4
2024-12-17 20:32:12,96,9.6
2024-12-17 20:32:13,69,6.9
2024-12-17 20:32:14,146,14.6
2024-12-17 20:32:15,98,9.8
2024-12-17 20:32:16,105,10.5
2024-12-17 20:32:17,66,6.6
2024-12-17 20:32:18,76,7.6
2024-12-17 20:32:19,150,15.0
2024-12-17 20:32:20,115,11.5
2024-12-17 20:32:21,71,7.1
2024-12-17 20:32:22,158,15.8
2024-12-17 20:32:23,71,7.1
2024-12-17 20:32:24,86,8.6
2024-12-17 20:32:25,115,11.5
2024-12-17 20:32:26,84,8.4
2024-12-17 20:32:27,57,5.7
2024-12-17 20:32:28,59,5.9
2024-12-17 20:32:29,133,13.3
2024-12-17 20:32:30,91,9.1
2024-12-17 20:32:31,55,5.5
2024-12-17 20:32:32,72,7.2
2024-12-17 20:32:33,148,14.8
2024-12-17 20:32:34,127,12.7
2024-12-17 20:32:35,156,15.6
2024-12-17 20:32:36,119,11.9
2024-12-17 20:32:37,147,14.7
2024-12-17 20:32:38,77,7.7
2024-12-17 20:32:39,50,5.0
2024-12-17 20:32:40,75,7.5
2024-12-17 20:32:41,154,15.4
2024-12-17 20:32:42,98,9.8
2024-12-17 20:32:43,136,13.6
2024-12-17 20:32:44,81,8.1
2024-12-17 20:32:45,125,12.5
2024-12-17 20:32:46,57,5.7
2024-12-17 20:32:47,155,15.5
2024-12-17 20:32:48,144,14.4
2024-12-17 20:32:49,151,15.1
2024-12-17 20:32:50,153,15.3
2024-12-17 20:32:51,78,7.8
2024-12-17 20:32:52,59,5.9
2024-12-17 20:32:53,126,12.6
2024-12-17 20:32:54,84,8.4
2024-12-17 20:32:55,158,15.8
2024-12-17 20:32:56,113,11.3
2024-12-17 20:32:57,86,8.6
2024-12-17 20:32:58,116,11.6
2024-12-17 20:32:59,120,12.0
2024-12-17 20:33:00,84,8.4
2024-12-17 20:33:01,67,6.7
2024-12-17 20:33:02,130,13.0
2024-12-17 20:33:03,65,6.5
2024-12-17 20:33:04,75,7.5
2024-12-17 20:33:05,113,11.3
2024-12-17 20:33:06,129,12.9
2024-12-17 20:33:07,160,16.0
2024-12-17 20:33:08,61,6.1
2024-12-17 20:33:09,53,5.3
2024-12-17 20:33:10,70,7.0
2024-12-17 20:33:11,147,14.7
2024-12-17 20:33:12,113,11.3
2024-12-17 20:33:13,130,13.0
2024-12-17 20:33:14,146,14.6
2024-12-17 20:33:15,143,14.3
2024-12-17 20:33:16,63,6.3
2024-12-17 20:33:17,68,6.8
2024-12-17 20:33:18,147,14.7
2024-12-17 20:33:19,134,13.4
2024-12-17 20:33:20,76,7.6
2024-12-17 20:33:21,115,11.5
2024-12-17 20:33:22,99,9.9
2024-12-17 20:33:23,94,9.4
2024-12-17 20:33:24,79,7.9
2024-12-17 20:33:25,56,5.6
2024-12-17 20:33:26,100,10.0
2024-12-17 20:33:27,69,6.9
2024-12-17 20:33:28,60,6.0
2024-12-17 20:33:29,69,6.9
2024-12-17 20:33:30,82,8.2
2024-12-17 20:33:31,156,15.6
2024-12-17 20:33:32,66,6.6
2024-12-17 20:33:33,146,14.6
2024-12-17 20:33:34,80,8.0
2024-12-17 20:33:35,156,15.6
2024-12-17 20:33:36,65,6.5
2024-12-17 20:33:37,108,10.8
2024-12-17 20:33:38,66,6.6
2024-12-17 20:33:39,160,16.0
2024-12-17 20:33:40,82,8.2
2024-12-17 20:33:41,136,13.6
2024-12-17 20:33:42,52,5.2
2024-12-17 20:33:43,62,6.2
2024-12-17 20:33:44,148,14.8
2024-12-17 20:33:45,89,8.9
2024-12-17 20:33:46,94,9.4
2024-12-17 20:33:47,101,10.1
2024-12-17 20:33:48,70,7.0
2024-12-17 20:33:49,126,12.6
2024-12-17 20:33:50,68,6.8
2024-12-17 20:33:51,80,8.0
2024-12-17 20:33:52,140,14.0
2024-12-17 20:33:53,154,15.4
2024-12-17 20:33:54,99,9.9
2024-12-17 20:33:55,71,7.1
2024-12-17 20:33:56,130,13.0
2024-12-17 20:33:57,71,7.1
2024-12-17 20:33:58,82,8.2
2024-12-17 20:33:59,78,7.8
2024-12-17 20:34:00,68,6.8
2024-12-17 20:34:01,115,11.5
2024-12-17 20:34:02,143,14.3
2024-12-17 20:34:03,94,9.4
2024-12-17 20:34:04,68,6.8
2024-12-17 20:34:05,132,13.2
2024-12-17 20:34:06,89,8.9
2024-12-17 20:34:07,120,12.0
2024-12-17 20:34:08,99,9.9
2024-12-17 20:34:09,112,11.2
2024-12-17 20:34:10,138,13.8
2024-12-17 20:34:11,128,12.8
2024-12-17 20:34:12,105,10.5
2024-12-17 20:34:13,128,12.8
2024-12-17 20:34:14,131,13.1
2024-12-17 20:34:15,102,10.2
2024-12-17 20:34:16,82,8.2
2024-12-17 20:34:17,67,6.7
2024-12-17 20:34:18,87,8.7
2024-12-17 20:34:19,129,12.9
2024-12-17 20:34:20,81,8.1
2024-12-17 20:34:21,123,12.3
2024-12-17 20:34:22,98,9.8
2024-12-17 20:34:23,139,13.9
2024-12-17 20:34:24,92,9.2
2024-12-17 20:34:25,54,5.4
2024-12-17 20:34:26,138,13.8
2024-12-17 20:34:27,88,8.8
2024-12-17 20:34:28,78,7.8
2024-12-17 20:34:29,111,11.1
2024-12-17 20:34:30,87,8.7
2024-12-17 20:34:31,120,12.0
2024-12-17 20:34:32,126,12.6
2024-12-17 20:34:33,99,9.9
2024-12-17 20:34:34,131,13.1
2024-12-17 20:34:35,99,9.9
2024-12-17 20:34:36,65,6.5
2024-12-17 20:34:37,90,9.0
2024-12-17 20:34:38,50,5.0
2024-12-17 20:34:39,77,7.7
2024-12-17 20:34:40,78,7.8
2024-12-17 20:34:41,75,7.5
2024-12-17 20:34:42,116,11.6
2024-12-17 20:34:43,121,12.1
2024-12-17 20:34:44,85,8.5
2024-12-17 20:34:45,125,12.5
2024-12-17 20:34:46,97,9.7
2024-12-17 20:34:47,111,11.1
2024-12-17 20:34:48,57,5.7
2024-12-17 20:34:49,160,16.0
2024-12-17 20:34:50,110,11.0
2024-12-17 20:34:51,96,9.6
2024-12-17 20:34:52,106,10.6
2024-12-17 20:34:53,146,14.6
2024-12-17 20:34:54,156,15.6
2024-12-17 20:34:55,122,12.2
2024-12-17 20:34:56,156,15.6
2024-12-17 20:34:57,65,6.5
2024-12-17 20:34:58,110,11.0
2024-12-17 20:34:59,99,9.9
2024-12-17 20:35:00,77,7.7
2024-12-17 20:35:01,55,5.5
2024-12-17 20:35:02,98,9.8
2024-12-17 20:35:03,126,12.6
2024-12-17 20:35:04,120,12.0
2024-12-17 20:35:05,53,5.3
2024-12-17 20:35:06,74,7.4
2024-12-17 20:35:07,67,6.7
2024-12-17 20:35:08,74,7.4
2024-12-17 20:35:09,66,6.6
2024-12-17 20:35:10,84,8.4
2024-12-17 20:35:11,111,11.1
2024-12-17 20:35:12,129,12.9
2024-12-17 20:35:13,134,13.4
2024-12-17 20:35:14,77,7.7
2024-12-17 20:35:15,155,15.5
2024-12-17 20:35:16,99,9.9
2024-12-17 20:35:17,156,15.6
2024-12-17 20:35:18,92,9.2
2024-12-17 20:35:19,54,5.4
2024-12-17 20:35:20,126,12.6
2024-12-17 20:35:21,50,5.0
2024-12-17 20:35:22,85,8.5
2024-12-17 20:35:23,82,8.2
2024-12-17 20:35:24,144,14.4
2024-12-17 20:35:25,151,15.1
2024-12-17 20:35:26,94,9.4
2024-12-17 20:35:27,95,9.5
2024-12-17 20:35:28,124,12.4
2024-12-17 20:35:29,115,11.5
2024-12-17 20:35:30,146,14.6
2024-12-17 20:35:31,123,12.3
2024-12-17 20:35:32,72,7.2
2024-12-17 20:35:33,53,5.3
2024-12-17 20:35:34,50,5.0
2024-12-17 20:35:35,129,12.9
2024-12-17 20:35:36,53,5.3
2024-12-17 20:35:37,132,13.2
2024-12-17 20:35:38,117,11.7
2024-12-17 20:35:39,69,6.9
2024-12-17 20:35:40,89,8.9
2024-12-17 20:35:41,59,5.9
2024-12-17 20:35:42,159,15.9
2024-12-17 20:35:43,146,14.6
2024-12-17 20:35:44,121,12.1
2024-12-17 20:35:45,87,8.7
2024-12-17 20:35:46,92,9.2
2024-12-17 20:35:47,60,6.0
2024-12-17 20:35:48,117,11.7
2024-12-17 20:35:49,148,14.8
2024-12-17 20:35:50,130,13.0
2024-12-17 20:35:51,133,13.3
2024-12-17 20:35:52,86,8.6
2024-12-17 20:35:53,126,12.6
2024-12-17 20:35:54,105,10.5
2024-12-17 20:35:55,157,15.7
2024-12-17 20:35:56,129,12.9
2024-12-17 20:35:57,85,8.5
2024-12-17 20:35:58,94,9.4
2024-12-17 20:35:59,152,15.2
2024-12-17 20:36:00,74,7.4
2024-12-17 20:36:01,82,8.2
2024-12-17 20:36:02,95,9.5
2024-12-17 20:36:03,59,5.9
2024-12-17 20:36:04,71,7.1
2024-12-17 20:36:05,96,9.6
2024-12-17 20:36:06,137,13.7
2024-12-17 20:36:07,142,14.2
2024-12-17 20:36:08,100,10.0
2024-12-17 20:36:09,137,13.7
2024-12-17 20:36:10,102,10.2
2024-12-17 20:36:11,101,10.1
2024-12-17 20:36:12,132,13.2
2024-12-17 20:36:13,82,8.2
2024-12-17 20:36:14,75,7.5
2024-12-17 20:36:15,105,10.5
2024-12-17 20:36:16,120,12.0
2024-12-17 20:36:17,72,7.2
2024-12-17 20:36:18,72,7.2
2024-12-17 20:36:19,104,10.4
2024-12-17 20:36:20,86,8.6
2024-12-17 20:36:21,61,6.1
2024-12-17 20:36:22,93,9.3
2024-12-17 20:36:23,107,10.7
2024-12-17 20:36:24,109,10.9
2024-12-17 20:36:25,90,9.0
2024-12-17 20:36:26,68,6.8
2024-12-17 20:36:27,98,9.8
2024-12-17 20:36:28,73,7.3
2024-12-17 20:36:29,97,9.7
2024-12-17 20:36:30,68,6.8
2024-12-17 20:36:31,148,14.8
2024-12-17 20:36:32,66,6.6
2024-12-17 20:36:33,107,10.7
2024-12-17 20:36:34,89,8.9
2024-12-17 20:36:35,88,8.8
2024-12-17 20:36:36,107,10.7
2024-12-17 20:36:37,146,14.6
2024-12-17 20:36:38,54,5.4
2024-12-17 20:36:39,137,13.7
2024-12-17 20:36:40,88,8.8
2024-12-17 20:36:41,53,5.3
2024-12-17 20:36:42,108,10.8
2024-12-17 20:36:43,128,12.8
2024-12-17 20:36:44,113,11.3
2024-12-17 20:36:45,58,5.8
2024-12-17 20:36:46,76,7.6
2024-12-17 20:36:47,143,14.3
2024-12-17 20:36:48,93,9.3
2024-12-17 20:36:49,55,5.5
2024-12-17 20:36:50,120,12.0
2024-12-17 20:36:51,131,13.1
2024-12-17 20:36:52,118,11.8
2024-12-17 20:36:53,102,10.2
2024-12-17 20:36:54,153,15.3
2024-12-17 20:36:55,141,14.1
2024-12-17 20:36:56,52,5.2
2024-12-17 20:36:57,130,13.0
2024-12-17 20:36:58,152,15.2
2024-12-17 20:36:59,146,14.6
2024-12-17 20:37:00,124,12.4
2024-12-17 20:37:01,63,6.3
2024-12-17 20:37:02,50,5.0
2024-12-17 20:37:03,149,14.9
2024-12-17 20:37:04,90,9.0
2024-12-17 20:37:05,160,16.0
2024-12-17 20:37:06,119,11.9
2024-12-17 20:37:07,57,5.7
2024-12-17 20:37:08,131,13.1
2024-12-17 20:37:09,159,15.9
2024-12-17 20:37:10,142,14.2
2024-12-17 20:37:11,119,11.9
2024-12-17 20:37:12,52,5.2
2024-12-17 20:37:13,137,13.7
2024-12-17 20:37:14,153,15.3
2024-12-17 20:37:15,147,14.7
2024-12-17 20:37:16,158,15.8
2024-12-17 20:37:17,85,8.5
2024-12-17 20:37:18,100,10.0
2024-12-17 20:37:19,88,8.8
2024-12-17 20:37:20,147,14.7
2024-12-17 20:37:21,92,9.2
2024-12-17 20:37:22,135,13.5
2024-12-17 20:37:23,108,10.8
2024-12-17 20:37:24,119,11.9
2024-12-17 20:37:25,138,13.8
2024-12-17 20:37:26,94,9.4
2024-12-17 20:37:27,120,12.0
2024-12-17 20:37:28,152,15.2
2024-12-17 20:37:29,111,11.1
2024-12-17 20:37:30,151,15.1
2024-12-17 20:37:31,86,8.6
2024-12-17 20:37:32,107,10.7
2024-12-17 20:37:33,148,14.8
2024-12-17 20:37:34,136,13.6
2024-12-17 20:37:35,140,14.0
2024-12-17 20:37:36,55,5.5
2024-12-17 20:37:37,86,8.6
2024-12-17 20:37:38,61,6.1
2024-12-17 20:37:39,123,12.3
2024-12-17 20:37:40,51,5.1
2024-12-17 20:37:41,140,14.0
2024-12-17 20:37:42,119,11.9
2024-12-17 20:37:43,80,8.0
2024-12-17 20:37:44,61,6.1
2024-12-17 20:37:45,58,5.8
2024-12-17 20:37:46,103,10.3
2024-12-17 20:37:47,115,11.5
2024-12-17 20:37:48,150,15.0
2024-12-17 20:37:49,154,15.4
2024-12-17 20:37:50,133,13.3
2024-12-17 20:37:51,75,7.5
2024-12-17 20:37:52,114,11.4
2024-12-17 20:37:53,108,10.8
2024-12-17 20:37:54,75,7.5
2024-12-17 20:37:55,66,6.6
2024-12-17 20:37:56,88,8.8
2024-12-17 20:37:57,88,8.8
2024-12-17 20:37:58,76,7.6
2024-12-17 20:37:59,154,15.4
2024-12-17 20:38:00,94,9.4
2024-12-17 20:38:01,75,7.5
2024-12-17 20:38:02,129,12.9
2024-12-17 20:38:03,78,7.8
2024-12-17 20:38:04,160,16.0
2024-12-17 20:38:05,135,13.5
2024-12-17 20:38:06,96,9.6
2024-12-17 20:38:07,159,15.9
2024-12-17 20:38:08,67,6.7
2024-12-17 20:38:09,111,11.1
2024-12-17 20:38:10,141,14.1
2024-12-17 20:38:11,115,11.5
2024-12-17 20:38:12,146,14.6
2024-12-17 20:38:13,56,5.6
2024-12-17 20:38:14,119,11.9
2024-12-17 20:38:15,68,6.8
2024-12-17 20:38:16,116,11.6
2024-12-17 20:38:17,61,6.1
2024-12-17 20:38:18,61,6.1
2024-12-17 20:38:19,128,12.8
2024-12-17 20:38:20,57,5.7
2024-12-17 20:38:21,69,6.9
2024-12-17 20:38:22,50,5.0
2024-12-17 20:38:23,80,8.0
2024-12-17 20:38:24,90,9.0
2024-12-17 20:38:25,110,11.0
2024-12-17 20:38:26,88,8.8
2024-12-17 20:38:27,60,6.0
2024-12-17 20:38:28,90,9.0
2024-12-17 20:38:29,160,16.0
2024-12-17 20:38:30,100,10.0
2024-12-17 20:38:31,66,6.6
2024-12-17 20:38:32,137,13.7
2024-12-17 20:38:33,105,10.5
2024-12-17 20:38:34,120,12.0
2024-12-17 20:38:35,78,7.8
2024-12-17 20:38:36,99,9.9
2024-12-17 20:38:37,77,7.7
2024-12-17 20:38:38,151,15.1
2024-12-17 20:38:39,147,14.7
2024-12-17 20:38:40,140,14.0
2024-12-17 20:38:41,85,8.5
2024-12-17 20:38:42,54,5.4
2024-12-17 20:38:43,89,8.9
2024-12-17 20:38:44,58,5.8
2024-12-17 20:38:45,72,7.2
2024-12-17 20:38:46,94,9.4
2024-12-17 20:38:47,66,6.6
2024-12-17 20:38:48,133,13.3
2024-12-17 20:38:49,127,12.7
2024-12-17 20:38:50,95,9.5
2024-12-17 20:38:51,53,5.3
2024-12-17 20:38:52,54,5.4
2024-12-17 20:38:53,79,7.9
2024-12-17 20:38:54,141,14.1
2024-12-17 20:38:55,131,13.1
2024-12-17 20:38:56,89,8.9
2024-12-17 20:38:57,150,15.0
2024-12-17 20:38:58,102,10.2
2024-12-17 20:38:59,142,14.2
2024-12-17 20:39:00,62,6.2
2024-12-17 20:39:01,107,10.7
2024-12-17 20:39:02,122,12.2
2024-12-17 20:39:03,62,6.2
2024-12-17 20:39:04,75,7.5
2024-12-17 20:39:05,60,6.0
2024-12-17 20:39:06,134,13.4
2024-12-17 20:39:07,74,7.4
2024-12-17 20:39:08,66,6.6
2024-12-17 20:39:09,101,10.1
2024-12-17 20:39:10,159,15.9
2024-12-17 20:39:11,143,14.3
2024-12-17 20:39:12,69,6.9
2024-12-17 20:39:13,120,12.0
2024-12-17 20:39:14,83,8.3
2024-12-17 20:39:15,71,7.1
2024-12-17 20:39:16,62,6.2
2024-12-17 20:39:17,86,8.6
2024-12-17 20:39:18,90,9.0
2024-12-17 20:39:19,137,13.7
2024-12-17 20:39:20,51,5.1
2024-12-17 20:39:21,105,10.5
2024-12-17 20:39:22,134,13.4
2024-12-17 20:39:23,137,13.7
2024-12-17 20:39:24,129,12.9
2024-12-17 20:39:25,69,6.9
2024-12-17 20:39:26,140,14.0
2024-12-17 20:39:27,113,11.3
2024-12-17 20:39:28,120,12.0
2024-12-17 20:39:29,143,14.3
2024-12-17 20:39:30,105,10.5
2024-12-17 20:39:31,151,15.1
2024-12-17 20:39:32,151,15.1
2024-12-17 20:39:33,139,13.9
2024-12-17 20:39:34,101,10.1
2024-12-17 20:39:35,78,7.8
2024-12-17 20:39:36,94,9.4
2024-12-17 20:39:37,78,7.8
2024-12-17 20:39:38,76,7.6
2024-12-17 20:39:39,146,14.6
2024-12-17 20:39:40,141,14.1
2024-12-17 20:39:41,144,14.4
2024-12-17 20:39:42,61,6.1
2024-12-17 20:39:43,81,8.1
2024-12-17 20:39:44,64,6.4
2024-12-17 20:39:45,140,14.0
2024-12-17 20:39:46,154,15.4
2024-12-17 20:39:47,159,15.9
2024-12-17 20:39:48,105,10.5
2024-12-17 20:39:49,75,7.5
2024-12-17 20:39:50,70,7.0
2024-12-17 20:39:51,158,15.8
2024-12-17 20:39:52,133,13.3
2024-12-17 20:39:53,156,15.6
2024-12-17 20:39:54,96,9.6
2024-12-17 20:39:55,140,14.0
2024-12-17 20:39:56,109,10.9
2024-12-17 20:39:57,80,8.0
2024-12-17 20:39:58,132,13.2
2024-12-17 20:39:59,69,6.9
2024-12-17 20:40:00,159,15.9
2024-12-17 20:40:01,57,5.7
2024-12-17 20:40:02,102,10.2
2024-12-17 20:40:03,135,13.5
2024-12-17 20:40:04,99,9.9
2024-12-17 20:40:05,68,6.8
2024-12-17 20:40:06,140,14.0
2024-12-17 20:40:07,85,8.5
2024-12-17 20:40:08,63,6.3
2024-12-17 20:40:09,110,11.0
2024-12-17 20:40:10,131,13.1
2024-12-17 20:40:11,55,5.5
2024-12-17 20:40:12,81,8.1
2024-12-17 20:40:13,120,12.0
2024-12-17 20:40:14,76,7.6
2024-12-17 20:40:15,107,10.7
2024-12-17 20:40:16,112,11.2
2024-12-17 20:40:17,69,6.9
2024-12-17 20:40:18,128,12.8
2024-12-17 20:40:19,158,15.8
2024-12-17 20:40:20,112,11.2
2024-12-17 20:40:21,143,14.3
2024-12-17 20:40:22,67,6.7
2024-12-17 20:40:23,71,7.1
2024-12-17 20:40:24,140,14.0
2024-12-17 20:40:25,58,5.8
2024-12-17 20:40:26,98,9.8
2024-12-17 20:40:27,128,12.8
2024-12-17 20:40:28,109,10.9
2024-12-17 20:40:29,131,13.1
2024-12-17 20:40:30,126,12.6
2024-12-17 20:40:31,107,10.7
2024-12-17 20:40:32,59,5.9
2024-12-17 20:40:33,81,8.1
2024-12-17 20:40:34,98,9.8
2024-12-17 20:40:35,100,10.0
2024-12-17 20:40:36,123,12.3
2024-12-17 20:40:37,137,13.7
2024-12-17 20:40:38,69,6.9
2024-12-17 20:40:39,77,7.7
2024-12-17 20:40:40,123,12.3
2024-12-17 20:40:41,74,7.4
2024-12-17 20:40:42,111,11.1
2024-12-17 20:40:43,148,14.8
2024-12-17 20:40:44,86,8.6
2024-12-17 20:40:45,74,7.4
2024-12-17 20:40:46,129,12.9
2024-12-17 20:40:47,122,12.2
2024-12-17 20:40:48,135,13.5
2024-12-17 20:40:49,99,9.9
2024-12-17 20:40:50,58,5.8
2024-12-17 20:40:51,143,14.3
2024-12-17 20:40:52,78,7.8
2024-12-17 20:40:53,86,8.6
2024-12-17 20:40:54,107,10.7
2024-12-17 20:40:55,64,6.4
2024-12-17 20:40:56,121,12.1
2024-12-17 20:40:57,117,11.7
2024-12-17 20:40:58,73,7.3
2024-12-17 20:40:59,93,9.3
2024-12-17 20:41:00,94,9.4
2024-12-17 20:41:01,85,8.5
2024-12-17 20:41:02,157,15.7
2024-12-17 20:41:03,80,8.0
2024-12-17 20:41:04,116,11.6
2024-12-17 20:41:05,53,5.3
2024-12-17 20:41:06,142,14.2
2024-12-17 20:41:07,119,11.9
2024-12-17 20:41:08,103,10.3
2024-12-17 20:41:09,137,13.7
2024-12-17 20:41:10,54,5.4
2024-12-17 20:41:11,86,8.6
2024-12-17 20:41:12,59,5.9
2024-12-17 20:41:13,62,6.2
2024-12-17 20:41:14,155,15.5
2024-12-17 20:41:15,98,9.8
2024-12-17 20:41:16,158,15.8
2024-12-17 20:41:17,56,5.6
2024-12-17 20:41:18,135,13.5
2024-12-17 20:41:19,129,12.9
2024-12-17 20:41:20,96,9.6
2024-12-17 20:41:21,121,12.1
2024-12-17 20:41:22,120,12.0
2024-12-17 20:41:23,115,11.5
2024-12-17 20:41:24,141,14.1
2024-12-17 20:41:25,63,6.3
2024-12-17 20:41:26,98,9.8
2024-12-17 20:41:27,105,10.5
2024-12-17 20:41:28,140,14.0
2024-12-17 20:41:29,152,15.2
2024-12-17 20:41:30,115,11.5
2024-12-17 20:41:31,117,11.7
2024-12-17 20:41:32,105,10.5
2024-12-17 20:41:33,159,15.9
2024-12-17 20:41:34,89,8.9
2024-12-17 20:41:35,101,10.1
2024-12-17 20:41:36,112,11.2
2024-12-17 20:41:37,149,14.9
2024-12-17 20:41:38,118,11.8
2024-12-17 20:41:39,113,11.3
2024-12-17 20:41:40,121,12.1
2024-12-17 20:41:41,89,8.9
2024-12-17 20:41:42,92,9.2
2024-12-17 20:41:43,83,8.3
2024-12-17 20:41:44,56,5.6
2024-12-17 20:41:45,146,14.6
2024-12-17 20:41:46,62,6.2
2024-12-17 20:41:47,63,6.3
2024-12-17 20:41:48,69,6.9
2024-12-17 20:41:49,137,13.7
2024-12-17 20:41:50,115,11.5
2024-12-17 20:41:51,127,12.7
2024-12-17 20:41:52,144,14.4
2024-12-17 20:41:53,100,10.0
2024-12-17 20:41:54,113,11.3
2024-12-17 20:41:55,101,10.1
2024-12-17 20:41:56,74,7.4
2024-12-17 20:41:57,142,14.2
2024-12-17 20:41:58,76,7.6
2024-12-17 20:41:59,67,6.7
2024-12-17 20:42:00,68,6.8
2024-12-17 20:42:01,90,9.0
2024-12-17 20:42:02,145,14.5
2024-12-17 20:42:03,93,9.3
2024-12-17 20:42:04,65,6.5
2024-12-17 20:42:05,130,13.0
2024-12-17 20:42:06,119,11.9
2024-12-17 20:42:07,145,14.5
2024-12-17 20:42:08,83,8.3
2024-12-17 20:42:09,81,8.1
2024-12-17 20:42:10,95,9.5
2024-12-17 20:42:11,69,6.9
2024-12-17 20:42:12,126,12.6
2024-12-17 20:42:13,140,14.0
2024-12-17 20:42:14,115,11.5
2024-12-17 20:42:15,132,13.2
2024-12-17 20:42:16,111,11.1
2024-12-17 20:42:17,95,9.5
2024-12-17 20:42:18,72,7.2
2024-12-17 20:42:19,108,10.8
2024-12-17 20:42:20,74,7.4
2024-12-17 20:42:21,130,13.0
2024-12-17 20:42:22,127,12.7
2024-12-17 20:42:23,58,5.8
2024-12-17 20:42:24,149,14.9
2024-12-17 20:42:25,73,7.3
2024-12-17 20:42:26,58,5.8
2024-12-17 20:42:27,157,15.7
2024-12-17 20:42:28,61,6.1
2024-12-17 20:42:29,134,13.4
2024-12-17 20:42:30,119,11.9
2024-12-17 20:42:31,108,10.8
2024-12-17 20:42:32,123,12.3
2024-12-17 20:42:33,85,8.5
2024-12-17 20:42:34,152,15.2
2024-12-17 20:42:35,104,10.4
2024-12-17 20:42:36,112,11.2
2024-12-17 20:42:37,61,6.1
2024-12-17 20:42:38,144,14.4
2024-12-17 20:42:39,107,10.7
2024-12-17 20:42:40,132,13.2
2024-12-17 20:42:41,95,9.5
2024-12-17 20:42:42,128,12.8
2024-12-17 20:42:43,79,7.9
2024-12-17 20:42:44,56,5.6
2024-12-17 20:42:45,151,15.1
2024-12-17 20:42:46,107,10.7
2024-12-17 20:42:47,77,7.7
2024-12-17 20:42:48,101,10.1
2024-12-17 20:42:49,100,10.0
2024-12-17 20:42:50,114,11.4
2024-12-17 20:42:51,69,6.9
2024-12-17 20:42:52,64,6.4
2024-12-17 20:42:53,78,7.8
2024-12-17 20:42:54,157,15.7
2024-12-17 20:42:55,72,7.2
2024-12-17 20:42:56,66,6.6
2024-12-17 20:42:57,77,7.7
2024-12-17 20:42:58,72,7.2
2024-12-17 20:42:59,88,8.8
2024-12-17 20:43:00,88,8.8
2024-12-17 20:43:01,99,9.9
2024-12-17 20:43:02,124,12.4
2024-12-17 20:43:03,89,8.9
2024-12-17 20:43:04,129,12.9
2024-12-17 20:43:05,62,6.2
2024-12-17 20:43:06,154,15.4
2024-12-17 20:43:07,121,12.1
2024-12-17 20:43:08,127,12.7
2024-12-17 20:43:09,85,8.5
2024-12-17 20:43:10,124,12.4
2024-12-17 20:43:11,99,9.9
2024-12-17 20:43:12,58,5.8
2024-12-17 20:43:13,104,10.4
2024-12-17 20:43:14,54,5.4
2024-12-17 20:43:15,98,9.8
2024-12-17 20:43:16,149,14.9
2024-12-17 20:43:17,110,11.0
2024-12-17 20:43:18,102,10.2
2024-12-17 20:43:19,134,13.4
2024-12-17 20:43:20,144,14.4
2024-12-17 20:43:21,83,8.3
2024-12-17 20:43:22,146,14.6
2024-12-17 20:43:23,60,6.0
2024-12-17 20:43:24,88,8.8
2024-12-17 20:43:25,55,5.5
2024-12-17 20:43:26,151,15.1
2024-12-17 20:43:27,108,10.8
2024-12-17 20:43:28,108,10.8
2024-12-17 20:43:29,148,14.8
2024-12-17 20:43:30,152,15.2
2024-12-17 20:43:31,84,8.4
2024-12-17 20:43:32,84,8.4
2024-12-17 20:43:33,57,5.7
2024-12-17 20:43:34,145,14.5
2024-12-17 20:43:35,149,14.9
2024-12-17 20:43:36,115,11.5
2024-12-17 20:43:37,158,15.8
2024-12-17 20:43:38,89,8.9
2024-12-17 20:43:39,153,15.3
2024-12-17 20:43:40,132,13.2
2024-12-17 20:43:41,112,11.2
2024-12-17 20:43:42,52,5.2
2024-12-17 20:43:43,62,6.2
2024-12-17 20:43:44,88,8.8
2024-12-17 20:43:45,71,7.1
2024-12-17 20:43:46,64,6.4
2024-12-17 20:43:47,92,9.2
2024-12-17 20:43:48,159,15.9
2024-12-17 20:43:49,148,14.8
2024-12-17 20:43:50,157,15.7
2024-12-17 20:43:51,156,15.6
2024-12-17 20:43:52,72,7.2
2024-12-17 20:43:53,148,14.8
2024-12-17 20:43:54,139,13.9
2024-12-17 20:43:55,129,12.9
2024-12-17 20:43:56,110,11.0
2024-12-17 20:43:57,108,10.8
2024-12-17 20:43:58,140,14.0
2024-12-17 20:43:59,127,12.7
2024-12-17 20:44:00,152,15.2
2024-12-17 20:44:01,54,5.4
2024-12-17 20:44:02,53,5.3
2024-12-17 20:44:03,152,15.2
2024-12-17 20:44:04,88,8.8
2024-12-17 20:44:05,69,6.9
2024-12-17 20:44:06,98,9.8
2024-12-17 20:44:07,119,11.9
2024-12-17 20:44:08,154,15.4
2024-12-17 20:44:09,112,11.2
2024-12-17 20:44:10,109,10.9
2024-12-17 20:44:11,73,7.3
2024-12-17 20:44:12,77,7.7
2024-12-17 20:44:13,116,11.6
2024-12-17 20:44:14,80,8.0
2024-12-17 20:44:15,123,12.3
2024-12-17 20:44:16,150,15.0
2024-12-17 20:44:17,83,8.3
2024-12-17 20:44:18,101,10.1
2024-12-17 20:44:19,126,12.6
2024-12-17 20:44:20,128,12.8
2024-12-17 20:44:21,67,6.7
2024-12-17 20:44:22,87,8.7
2024-12-17 20:44:23,73,7.3
2024-12-17 20:44:24,115,11.5
2024-12-17 20:44:25,55,5.5
2024-12-17 20:44:26,76,7.6
2024-12-17 20:44:27,122,12.2
2024-12-17 20:44:28,73,7.3
2024-12-17 20:44:29,117,11.7
2024-12-17 20:44:30,155,15.5
2024-12-17 20:44:31,130,13.0
2024-12-17 20:44:32,95,9.5
2024-12-17 20:44:33,103,10.3
2024-12-17 20:44:34,92,9.2
2024-12-17 20:44:35,155,15.5
2024-12-17 20:44:36,66,6.6
2024-12-17 20:44:37,59,5.9
2024-12-17 20:44:38,50,5.0
2024-12-17 20:44:39,57,5.7
2024-12-17 20:44:40,155,15.5
2024-12-17 20:44:41,66,6.6
2024-12-17 20:44:42,114,11.4
2024-12-17 20:44:43,142,14.2
2024-12-17 20:44:44,122,12.2
2024-12-17 20:44:45,92,9.2
2024-12-17 20:44:46,82,8.2
2024-12-17 20:44:47,90,9.0
2024-12-17 20:44:48,71,7.1
2024-12-17 20:44:49,156,15.6
2024-12-17 20:44:50,51,5.1
2024-12-17 20:44:51,147,14.7
2024-12-17 20:44:52,144,14.4
2024-12-17 20:44:53,88,8.8
2024-12-17 20:44:54,71,7.1
2024-12-17 20:44:55,139,13.9
2024-12-17 20:44:56,127,12.7
2024-12-17 20:44:57,158,15.8
2024-12-17 20:44:58,130,13.0
2024-12-17 20:44:59,72,7.2
2024-12-17 20:45:00,85,8.5
2024-12-17 20:45:01,103,10.3
2024-12-17 20:45:02,115,11.5
2024-12-17 20:45:03,132,13.2
2024-12-17 20:45:04,115,11.5
2024-12-17 20:45:05,104,10.4
2024-12-17 20:45:06,104,10.4
2024-12-17 20:45:07,148,14.8
2024-12-17 20:45:08,62,6.2
2024-12-17 20:45:09,123,12.3
2024-12-17 20:45:10,50,5.0
2024-12-17 20:45:11,137,13.7
2024-12-17 20:45:12,78,7.8
2024-12-17 20:45:13,67,6.7
2024-12-17 20:45:14,59,5.9
2024-12-17 20:45:15,63,6.3
2024-12-17 20:45:16,129,12.9
2024-12-17 20:45:17,128,12.8
2024-12-17 20:45:18,157,15.7
2024-12-17 20:45:19,118,11.8
2024-12-17 20:45:20,135,13.5
2024-12-17 20:45:21,82,8.2
2024-12-17 20:45:22,103,10.3
2024-12-17 20:45:23,79,7.9
2024-12-17 20:45:24,83,8.3
2024-12-17 20:45:25,121,12.1
2024-12-17 20:45:26,124,12.4
2024-12-17 20:45:27,103,10.3
2024-12-17 20:45:28,73,7.3
2024-12-17 20:45:29,154,15.4
2024-12-17 20:45:30,153,15.3
2024-12-17 20:45:31,156,15.6
2024-12-17 20:45:32,112,11.2
2024-12-17 20:45:33,117,11.7
2024-12-17 20:45:34,71,7.1
2024-12-17 20:45:35,107,10.7
2024-12-17 20:45:36,110,11.0
2024-12-17 20:45:37,130,13.0
2024-12-17 20:45:38,70,7.0
2024-12-17 20:45:39,96,9.6
2024-12-17 20:45:40,57,5.7
2024-12-17 20:45:41,95,9.5
2024-12-17 20:45:42,52,5.2
2024-12-17 20:45:43,78,7.8
2024-12-17 20:45:44,142,14.2
2024-12-17 20:45:45,73,7.3
2024-12-17 20:45:46,126,12.6
2024-12-17 20:45:47,154,15.4
2024-12-17 20:45:48,112,11.2
2024-12-17 20:45:49,151,15.1
2024-12-17 20:45:50,118,11.8
2024-12-17 20:45:51,79,7.9
2024-12-17 20:45:52,100,10.0
2024-12-17 20:45:53,70,7.0
2024-12-17 20:45:54,125,12.5
2024-12-17 20:45:55,152,15.2
2024-12-17 20:45:56,93,9.3
2024-12-17 20:45:57,116,11.6
2024-12-17 20:45:58,88,8.8
2024-12-17 20:45:59,97,9.7
2024-12-17 20:46:00,118,11.8
2024-12-17 20:46:01,146,14.6
2024-12-17 20:46:02,134,13.4
2024-12-17 20:46:03,78,7.8
2024-12-17 20:46:04,117,11.7
2024-12-17 20:46:05,80,8.0
2024-12-17 20:46:06,108,10.8
2024-12-17 20:46:07,77,7.7
2024-12-17 20:46:08,115,11.5
2024-12-17 20:46:09,72,7.2
2024-12-17 20:46:10,95,9.5
2024-12-17 20:46:11,109,10.9
2024-12-17 20:46:12,77,7.7
2024-12-17 20:46:13,126,12.6
2024-12-17 20:46:14,109,10.9
2024-12-17 20:46:15,96,9.6
2024-12-17 20:46:16,115,11.5
2024-12-17 20:46:17,69,6.9
2024-12-17 20:46:18,90,9.0
2024-12-17 20:46:19,133,13.3
2024-12-17 20:46:20,116,11.6
2024-12-17 20:46:21,109,10.9
2024-12-17 20:46:22,109,10.9
2024-12-17 20:46:23,119,11.9
2024-12-17 20:46:24,66,6.6
2024-12-17 20:46:25,67,6.7
2024-12-17 20:46:26,64,6.4
2024-12-17 20:46:27,157,15.7
2024-12-17 20:46:28,127,12.7
2024-12-17 20:46:29,88,8.8
2024-12-17 20:46:30,155,15.5
2024-12-17 20:46:31,99,9.9
2024-12-17 20:46:32,57,5.7
2024-12-17 20:46:33,58,5.8
2024-12-17 20:46:34,81,8.1
2024-12-17 20:46:35,127,12.7
2024-12-17 20:46:36,84,8.4
2024-12-17 20:46:37,58,5.8
2024-12-17 20:46:38,57,5.7
2024-12-17 20:46:39,134,13.4
2024-12-17 20:46:40,67,6.7
2024-12-17 20:46:41,154,15.4
2024-12-17 20:46:42,64,6.4
2024-12-17 20:46:43,58,5.8
2024-12-17 20:46:44,77,7.7
2024-12-17 20:46:45,160,16.0
2024-12-17 20:46:46,133,13.3
2024-12-17 20:46:47,84,8.4
2024-12-17 20:46:48,120,12.0
2024-12-17 20:46:49,119,11.9
2024-12-17 20:46:50,128,12.8
2024-12-17 20:46:51,120,12.0
2024-12-17 20:46:52,123,12.3
2024-12-17 20:46:53,137,13.7
2024-12-17 20:46:54,149,14.9
2024-12-17 20:46:55,153,15.3
2024-12-17 20:46:56,75,7.5
2024-12-17 20:46:57,58,5.8
2024-12-17 20:46:58,78,7.8
2024-12-17 20:46:59,140,14.0
2024-12-17 20:47:00,151,15.1
2024-12-17 20:47:01,154,15.4
2024-12-17 20:47:02,80,8.0
2024-12-17 20:47:03,56,5.6
2024-12-17 20:47:04,138,13.8
2024-12-17 20:47:05,152,15.2
2024-12-17 20:47:06,145,14.5
2024-12-17 20:47:07,109,10.9
2024-12-17 20:47:08,69,6.9
2024-12-17 20:47:09,138,13.8
2024-12-17 20:47:10,88,8.8
2024-12-17 20:47:11,96,9.6
2024-12-17 20:47:12,122,12.2
2024-12-17 20:47:13,152,15.2
2024-12-17 20:47:14,101,10.1
2024-12-17 20:47:15,53,5.3
2024-12-17 20:47:16,86,8.6
2024-12-17 20:47:17,76,7.6
2024-12-17 20:47:18,120,12.0
2024-12-17 20:47:19,67,6.7
2024-12-17 20:47:20,134,13.4
2024-12-17 20:47:21,98,9.8
2024-12-17 20:47:22,100,10.0
2024-12-17 20:47:23,61,6.1
2024-12-17 20:47:24,148,14.8
2024-12-17 20:47:25,67,6.7
2024-12-17 20:47:26,151,15.1
2024-12-17 20:47:27,90,9.0
2024-12-17 20:47:28,71,7.1
2024-12-17 20:47:29,108,10.8
2024-12-17 20:47:30,72,7.2
2024-12-17 20:47:31,52,5.2
2024-12-17 20:47:32,87,8.7
2024-12-17 20:47:33,104,10.4
2024-12-17 20:47:34,72,7.2
2024-12-17 20:47:35,142,14.2
2024-12-17 20:47:36,121,12.1
2024-12-17 20:47:37,137,13.7
2024-12-17 20:47:38,76,7.6
2024-12-17 20:47:39,51,5.1
2024-12-17 20:47:40,58,5.8
2024-12-17 20:47:41,129,12.9
2024-12-17 20:47:42,107,10.7
2024-12-17 20:47:43,89,8.9
2024-12-17 20:47:44,100,10.0
2024-12-17 20:47:45,120,12.0
2024-12-17 20:47:46,131,13.1
2024-12-17 20:47:47,50,5.0
2024-12-17 20:47:48,65,6.5
2024-12-17 20:47:49,138,13.8
2024-12-17 20:47:50,106,10.6
2024-12-17 20:47:51,120,12.0
2024-12-17 20:47:52,126,12.6
2024-12-17 20:47:53,157,15.7
2024-12-17 20:47:54,129,12.9
2024-12-17 20:47:55,157,15.7
2024-12-17 20:47:56,117,11.7
2024-12-17 20:47:57,57,5.7
2024-12-17 20:47:58,51,5.1
2024-12-17 20:47:59,82,8.2
2024-12-17 20:48:00,138,13.8
2024-12-17 20:48:01,156,15.6
2024-12-17 20:48:02,117,11.7
2024-12-17 20:48:03,96,9.6
2024-12-17 20:48:04,90,9.0
2024-12-17 20:48:05,148,14.8
2024-12-17 20:48:06,120,12.0
2024-12-17 20:48:07,80,8.0
2024-12-17 20:48:08,156,15.6
2024-12-17 20:48:09,54,5.4
2024-12-17 20:48:10,125,12.5
2024-12-17 20:48:11,69,6.9
2024-12-17 20:48:12,88,8.8
2024-12-17 20:48:13,72,7.2
2024-12-17 20:48:14,103,10.3
2024-12-17 20:48:15,113,11.3
2024-12-17 20:48:16,81,8.1
2024-12-17 20:48:17,159,15.9
2024-12-17 20:48:18,88,8.8
2024-12-17 20:48:19,150,15.0
2024-12-17 20:48:20,119,11.9
2024-12-17 20:48:21,73,7.3
2024-12-17 20:48:22,115,11.5
2024-12-17 20:48:23,126,12.6
2024-12-17 20:48:24,72,7.2
2024-12-17 20:48:25,146,14.6
2024-12-17 20:48:26,127,12.7
2024-12-17 20:48:27,106,10.6
2024-12-17 20:48:28,60,6.0
2024-12-17 20:48:29,113,11.3
2024-12-17 20:48:30,136,13.6
2024-12-17 20:48:31,92,9.2
2024-12-17 20:48:32,97,9.7
2024-12-17 20:48:33,128,12.8
2024-12-17 20:48:34,112,11.2
2024-12-17 20:48:35,142,14.2
2024-12-17 20:48:36,146,14.6
2024-12-17 20:48:37,102,10.2
2024-12-17 20:48:38,64,6.4
2024-12-17 20:48:39,69,6.9
2024-12-17 20:48:40,96,9.6
2024-12-17 20:48:41,119,11.9
2024-12-17 20:48:42,142,14.2
2024-12-17 20:48:43,119,11.9
2024-12-17 20:48:44,61,6.1
2024-12-17 20:48:45,157,15.7
2024-12-17 20:48:46,54,5.4
2024-12-17 20:48:47,87,8.7
2024-12-17 20:48:48,96,9.6
2024-12-17 20:48:49,134,13.4
2024-12-17 20:48:50,72,7.2
2024-12-17 20:48:51,83,8.3
2024-12-17 20:48:52,110,11.0
2024-12-17 20:48:53,139,13.9
2024-12-17 20:48:54,135,13.5
2024-12-17 20:48:55,123,12.3
2024-12-17 20:48:56,149,14.9
2024-12-17 20:48:57,68,6.8
2024-12-17 20:48:58,126,12.6
2024-12-17 20:48:59,115,11.5
2024-12-17 20:49:00,150,15.0
2024-12-17 20:49:01,60,6.0
2024-12-17 20:49:02,102,10.2
2024-12-17 20:49:03,144,14.4
2024-12-17 20:49:04,73,7.3
2024-12-17 20:49:05,58,5.8
2024-12-17 20:49:06,115,11.5
2024-12-17 20:49:07,100,10.0
2024-12-17 20:49:08,104,10.4
2024-12-17 20:49:09,125,12.5
2024-12-17 20:49:10,92,9.2
2024-12-17 20:49:11,119,11.9
2024-12-17 20:49:12,72,7.2
2024-12-17 20:49:13,95,9.5
2024-12-17 20:49:14,100,10.0
2024-12-17 20:49:15,63,6.3
2024-12-17 20:49:16,110,11.0
2024-12-17 20:49:17,135,13.5
2024-12-17 20:49:18,129,12.9
2024-12-17 20:49:19,143,14.3
2024-12-17 20:49:20,107,10.7
2024-12-17 20:49:21,83,8.3
2024-12-17 20:49:22,65,6.5
2024-12-17 20:49:23,90,9.0
2024-12-17 20:49:24,105,10.5
2024-12-17 20:49:25,103,10.3
2024-12-17 20:49:26,128,12.8
2024-12-17 20:49:27,104,10.4
2024-12-17 20:49:28,127,12.7
2024-12-17 20:49:29,69,6.9
2024-12-17 20:49:30,131,13.1
2024-12-17 20:49:31,70,7.0
2024-12-17 20:49:32,160,16.0
2024-12-17 20:49:33,159,15.9
2024-12-17 20:49:34,75,7.5
2024-12-17 20:49:35,128,12.8
2024-12-17 20:49:36,132,13.2
2024-12-17 20:49:37,68,6.8
2024-12-17 20:49:38,108,10.8
2024-12-17 20:49:39,82,8.2
2024-12-17 20:49:40,122,12.2
2024-12-17 20:49:41,97,9.7
2024-12-17 20:49:42,135,13.5
2024-12-17 20:49:43,148,14.8
2024-12-17 20:49:44,120,12.0
2024-12-17 20:49:45,117,11.7
2024-12-17 20:49:46,107,10.7
2024-12-17 20:49:47,158,15.8
2024-12-17 20:49:48,102,10.2
2024-12-17 20:49:49,97,9.7
2024-12-17 20:49:50,109,10.9
2024-12-17 20:49:51,122,12.2
2024-12-17 20:49:52,59,5.9
2024-12-17 20:49:53,85,8.5
2024-12-17 20:49:54,54,5.4
2024-12-17 20:49:55,146,14.6
2024-12-17 20:49:56,60,6.0
2024-12-17 20:49:57,95,9.5
2024-12-17 20:49:58,128,12.8
2024-12-17 20:49:59,125,12.5
2024-12-17 20:50:00,107,10.7
2024-12-17 20:50:01,61,6.1
2024-12-17 20:50:02,144,14.4
2024-12-17 20:50:03,128,12.8
2024-12-17 20:50:04,56,5.6
2024-12-17 20:50:05,89,8.9
2024-12-17 20:50:06,85,8.5
2024-12-17 20:50:07,95,9.5
2024-12-17 20:50:08,118,11.8
2024-12-17 20:50:09,107,10.7
2024-12-17 20:50:10,158,15.8
2024-12-17 20:50:11,106,10.6
2024-12-17 20:50:12,160,16.0
2024-12-17 20:50:13,143,14.3
2024-12-17 20:50:14,79,7.9
2024-12-17 20:50:15,124,12.4
2024-12-17 20:50:16,126,12.6
2024-12-17 20:50:17,70,7.0
2024-12-17 20:50:18,76,7.6
2024-12-17 20:50:19,152,15.2
2024-12-17 20:50:20,60,6.0
2024-12-17 20:50:21,155,15.5
2024-12-17 20:50:22,96,9.6
2024-12-17 20:50:23,63,6.3
2024-12-17 20:50:24,145,14.5
2024-12-17 20:50:25,125,12.5
2024-12-17 20:50:26,108,10.8
2024-12-17 20:50:27,114,11.4
2024-12-17 20:50:28,83,8.3
2024-12-17 20:50:29,52,5.2
2024-12-17 20:50:30,149,14.9
2024-12-17 20:50:31,142,14.2
2024-12-17 20:50:32,109,10.9
2024-12-17 20:50:33,107,10.7
2024-12-17 20:50:34,97,9.7
2024-12-17 20:50:35,137,13.7
2024-12-17 20:50:36,79,7.9
2024-12-17 20:50:37,51,5.1
2024-12-17 20:50:38,97,9.7
2024-12-17 20:50:39,110,11.0
2024-12-17 20:50:40,157,15.7
2024-12-17 20:50:41,138,13.8
2024-12-17 20:50:42,95,9.5
2024-12-17 20:50:43,76,7.6
2024-12-17 20:50:44,82,8.2
2024-12-17 20:50:45,92,9.2
2024-12-17 20:50:46,56,5.6
2024-12-17 20:50:47,150,15.0
2024-12-17 20:50:48,72,7.2
2024-12-17 20:50:49,143,14.3
2024-12-17 20:50:50,109,10.9
2024-12-17 20:50:51,136,13.6
2024-12-17 20:50:52,94,9.4
2024-12-17 20:50:53,131,13.1
2024-12-17 20:50:54,160,16.0
2024-12-17 20:50:55,109,10.9
2024-12-17 20:50:56,108,10.8
2024-12-17 20:50:57,123,12.3
2024-12-17 20:50:58,121,12.1
2024-12-17 20:50:59,81,8.1
2024-12-17 20:51:00,101,10.1
2024-12-17 20:51:01,95,9.5
2024-12-17 20:51:02,62,6.2
2024-12-17 20:51:03,104,10.4
2024-12-17 20:51:04,152,15.2
2024-12-17 20:51:05,72,7.2
2024-12-17 20:51:06,128,12.8
2024-12-17 20:51:07,80,8.0
2024-12-17 20:51:08,127,12.7
2024-12-17 20:51:09,144,14.4
2024-12-17 20:51:10,136,13.6
2024-12-17 20:51:11,56,5.6
2024-12-17 20:51:12,78,7.8
2024-12-17 20:51:13,125,12.5
2024-12-17 20:51:14,117,11.7
2024-12-17 20:51:15,91,9.1
2024-12-17 20:51:16,158,15.8
2024-12-17 20:51:17,59,5.9
2024-12-17 20:51:18,118,11.8
2024-12-17 20:51:19,106,10.6
2024-12-17 20:51:20,96,9.6
2024-12-17 20:51:21,53,5.3
2024-12-17 20:51:22,77,7.7
2024-12-17 20:51:23,79,7.9
2024-12-17 20:51:24,62,6.2
2024-12-17 20:51:25,151,15.1
2024-12-17 20:51:26,88,8.8
2024-12-17 20:51:27,79,7.9
2024-12-17 20:51:28,113,11.3
2024-12-17 20:51:29,56,5.6
2024-12-17 20:51:30,158,15.8
2024-12-17 20:51:31,151,15.1
2024-12-17 20:51:32,95,9.5
2024-12-17 20:51:33,111,11.1
2024-12-17 20:51:34,60,6.0
2024-12-17 20:51:35,159,15.9
2024-12-17 20:51:36,72,7.2
2024-12-17 20:51:37,135,13.5
2024-12-17 20:51:38,132,13.2
2024-12-17 20:51:39,149,14.9
2024-12-17 20:51:40,97,9.7
2024-12-17 20:51:41,157,15.7
2024-12-17 20:51:42,88,8.8
2024-12-17 20:51:43,61,6.1
2024-12-17 20:51:44,61,6.1
2024-12-17 20:51:45,160,16.0
2024-12-17 20:51:46,56,5.6
2024-12-17 20:51:47,140,14.0
2024-12-17 20:51:48,115,11.5
2024-12-17 20:51:49,145,14.5
2024-12-17 20:51:50,66,6.6
2024-12-17 20:51:51,115,11.5
2024-12-17 20:51:52,64,6.4
2024-12-17 20:51:53,58,5.8
2024-12-17 20:51:54,113,11.3
2024-12-17 20:51:55,103,10.3
2024-12-17 20:51:56,138,13.8
2024-12-17 20:51:57,102,10.2
2024-12-17 20:51:58,115,11.5
2024-12-17 20:51:59,56,5.6
2024-12-17 20:52:00,112,11.2
2024-12-17 20:52:01,160,16.0
2024-12-17 20:52:02,124,12.4
2024-12-17 20:52:03,138,13.8
2024-12-17 20:52:04,70,7.0
2024-12-17 20:52:05,146,14.6
2024-12-17 20:52:06,80,8.0
2024-12-17 20:52:07,101,10.1
2024-12-17 20:52:08,96,9.6
2024-12-17 20:52:09,126,12.6
2024-12-17 20:52:10,87,8.7
2024-12-17 20:52:11,78,7.8
2024-12-17 20:52:12,59,5.9
2024-12-17 20:52:13,55,5.5
2024-12-17 20:52:14,104,10.4
2024-12-17 20:52:15,79,7.9
2024-12-17 20:52:16,147,14.7
2024-12-17 20:52:17,73,7.3
2024-12-17 20:52:18,148,14.8
2024-12-17 20:52:19,119,11.9
2024-12-17 20:52:20,100,10.0
2024-12-17 20:52:21,114,11.4
2024-12-17 20:52:22,86,8.6
2024-12-17 20:52:23,79,7.9
2024-12-17 20:52:24,156,15.6
2024-12-17 20:52:25,133,13.3
2024-12-17 20:52:26,90,9.0
2024-12-17 20:52:27,90,9.0
2024-12-17 20:52:28,121,12.1
2024-12-17 20:52:29,65,6.5
2024-12-17 20:52:30,140,14.0
2024-12-17 20:52:31,157,15.7
2024-12-17 20:52:32,50,5.0
2024-12-17 20:52:33,137,13.7
2024-12-17 20:52:34,64,6.4
2024-12-17 20:52:35,125,12.5
2024-12-17 20:52:36,130,13.0
2024-12-17 20:52:37,116,11.6
2024-12-17 20:52:38,116,11.6
2024-12-17 20:52:39,52,5.2
2024-12-17 20:52:40,73,7.3
2024-12-17 20:52:41,126,12.6
2024-12-17 20:52:42,122,12.2
2024-12-17 20:52:43,137,13.7
2024-12-17 20:52:44,65,6.5
2024-12-17 20:52:45,157,15.7
2024-12-17 20:52:46,58,5.8
2024-12-17 20:52:47,62,6.2
2024-12-17 20:52:48,123,12.3
2024-12-17 20:52:49,109,10.9
2024-12-17 20:52:50,143,14.3
2024-12-17 20:52:51,62,6.2
2024-12-17 20:52:52,104,10.4
2024-12-17 20:52:53,94,9.4
2024-12-17 20:52:54,153,15.3
2024-12-17 20:52:55,144,14.4
2024-12-17 20:52:56,116,11.6
2024-12-17 20:52:57,60,6.0
2024-12-17 20:52:58,132,13.2
2024-12-17 20:52:59,108,10.8
2024-12-17 20:53:00,143,14.3
2024-12-17 20:53:01,106,10.6
2024-12-17 20:53:02,119,11.9
2024-12-17 20:53:03,148,14.8
2024-12-17 20:53:04,126,12.6
2024-12-17 20:53:05,158,15.8
2024-12-17 20:53:06,97,9.7
2024-12-17 20:53:07,130,13.0
2024-12-17 20:53:08,100,10.0
2024-12-17 20:53:09,149,14.9
2024-12-17 20:53:10,134,13.4
2024-12-17 20:53:11,85,8.5
2024-12-17 20:53:12,139,13.9
2024-12-17 20:53:13,77,7.7
2024-12-17 20:53:14,123,12.3
2024-12-17 20:53:15,82,8.2
2024-12-17 20:53:16,57,5.7
2024-12-17 20:53:17,71,7.1
2024-12-17 20:53:18,121,12.1
2024-12-17 20:53:19,144,14.4
2024-12-17 20:53:20,129,12.9
2024-12-17 20:53:21,57,5.7
2024-12-17 20:53:22,95,9.5
2024-12-17 20:53:23,116,11.6
2024-12-17 20:53:24,113,11.3
2024-12-17 20:53:25,83,8.3
2024-12-17 20:53:26,67,6.7
2024-12-17 20:53:27,128,12.8
2024-12-17 20:53:28,119,11.9
2024-12-17 20:53:29,111,11.1
2024-12-17 20:53:30,96,9.6
2024-12-17 20:53:31,145,14.5
2024-12-17 20:53:32,92,9.2
2024-12-17 20:53:33,70,7.0
2024-12-17 20:53:34,58,5.8
2024-12-17 20:53:35,90,9.0
2024-12-17 20:53:36,128,12.8
2024-12-17 20:53:37,147,14.7
2024-12-17 20:53:38,100,10.0
2024-12-17 20:53:39,108,10.8
2024-12-17 20:53:40,51,5.1
2024-12-17 20:53:41,81,8.1
2024-12-17 20:53:42,108,10.8
2024-12-17 20:53:43,99,9.9
2024-12-17 20:53:44,152,15.2
2024-12-17 20:53:45,60,6.0
2024-12-17 20:53:46,98,9.8
2024-12-17 20:53:47,142,14.2
2024-12-17 20:53:48,157,15.7
2024-12-17 20:53:49,88,8.8
2024-12-17 20:53:50,129,12.9
2024-12-17 20:53:51,134,13.4
2024-12-17 20:53:52,122,12.2
2024-12-17 20:53:53,137,13.7
2024-12-17 20:53:54,61,6.1
2024-12-17 20:53:55,158,15.8
2024-12-17 20:53:56,158,15.8
2024-12-17 20:53:57,138,13.8
2024-12-17 20:53:58,62,6.2
2024-12-17 20:53:59,93,9.3
2024-12-17 20:54:00,105,10.5
2024-12-17 20:54:01,144,14.4
2024-12-17 20:54:02,129,12.9
2024-12-17 20:54:03,86,8.6
2024-12-17 20:54:04,71,7.1
2024-12-17 20:54:05,129,12.9
2024-12-17 20:54:06,59,5.9
2024-12-17 20:54:07,100,10.0
2024-12-17 20:54:08,131,13.1
2024-12-17 20:54:09,71,7.1
2024-12-17 20:54:10,79,7.9
2024-12-17 20:54:11,138,13.8
2024-12-17 20:54:12,75,7.5
2024-12-17 20:54:13,126,12.6
2024-12-17 20:54:14,82,8.2
2024-12-17 20:54:15,81,8.1
2024-12-17 20:54:16,52,5.2
2024-12-17 20:54:17,88,8.8
2024-12-17 20:54:18,107,10.7
2024-12-17 20:54:19,138,13.8
2024-12-17 20:54:20,94,9.4
2024-12-17 20:54:21,157,15.7
2024-12-17 20:54:22,86,8.6
2024-12-17 20:54:23,94,9.4
2024-12-17 20:54:24,98,9.8
2024-12-17 20:54:25,113,11.3
2024-12-17 20:54:26,75,7.5
2024-12-17 20:54:27,143,14.3
2024-12-17 20:54:28,145,14.5
2024-12-17 20:54:29,109,10.9
2024-12-17 20:54:30,120,12.0
2024-12-17 20:54:31,88,8.8
2024-12-17 20:54:32,88,8.8
2024-12-17 20:54:33,144,14.4
2024-12-17 20:54:34,96,9.6
2024-12-17 20:54:35,151,15.1
2024-12-17 20:54:36,155,15.5
2024-12-17 20:54:37,158,15.8
2024-12-17 20:54:38,105,10.5
2024-12-17 20:54:39,155,15.5
2024-12-17 20:54:40,99,9.9
2024-12-17 20:54:41,98,9.8
2024-12-17 20:54:42,107,10.7
2024-12-17 20:54:43,76,7.6
2024-12-17 20:54:44,78,7.8
2024-12-17 20:54:45,157,15.7
2024-12-17 20:54:46,127,12.7
2024-12-17 20:54:47,115,11.5
2024-12-17 20:54:48,136,13.6
2024-12-17 20:54:49,158,15.8
2024-12-17 20:54:50,135,13.5
2024-12-17 20:54:51,132,13.2
2024-12-17 20:54:52,120,12.0
2024-12-17 20:54:53,123,12.3
2024-12-17 20:54:54,106,10.6
2024-12-17 20:54:55,96,9.6
2024-12-17 20:54:56,141,14.1
2024-12-17 20:54:57,63,6.3
2024-12-17 20:54:58,109,10.9
2024-12-17 20:54:59,115,11.5
2024-12-17 20:55:00,96,9.6
2024-12-17 20:55:01,129,12.9
2024-12-17 20:55:02,125,12.5
2024-12-17 20:55:03,147,14.7
2024-12-17 20:55:04,71,7.1
2024-12-17 20:55:05,65,6.5
2024-12-17 20:55:06,93,9.3
2024-12-17 20:55:07,111,11.1
2024-12-17 20:55:08,98,9.8
2024-12-17 20:55:09,132,13.2
2024-12-17 20:55:10,146,14.6
2024-12-17 20:55:11,112,11.2
2024-12-17 20:55:12,54,5.4
2024-12-17 20:55:13,100,10.0
2024-12-17 20:55:14,86,8.6
2024-12-17 20:55:15,86,8.6
2024-12-17 20:55:16,117,11.7
2024-12-17 20:55:17,110,11.0
2024-12-17 20:55:18,140,14.0
2024-12-17 20:55:19,144,14.4
2024-12-17 20:55:20,115,11.5
2024-12-17 20:55:21,115,11.5
2024-12-17 20:55:22,78,7.8
2024-12-17 20:55:23,68,6.8
2024-12-17 20:55:24,64,6.4
2024-12-17 20:55:25,54,5.4
2024-12-17 20:55:26,129,12.9
2024-12-17 20:55:27,60,6.0
2024-12-17 20:55:28,118,11.8
2024-12-17 20:55:29,111,11.1
2024-12-17 20:55:30,113,11.3
2024-12-17 20:55:31,64,6.4
2024-12-17 20:55:32,146,14.6
2024-12-17 20:55:33,65,6.5
2024-12-17 20:55:34,66,6.6
2024-12-17 20:55:35,109,10.9
2024-12-17 20:55:36,156,15.6
2024-12-17 20:55:37,117,11.7
2024-12-17 20:55:38,150,15.0
2024-12-17 20:55:39,109,10.9
2024-12-17 20:55:40,55,5.5
2024-12-17 20:55:41,97,9.7
2024-12-17 20:55:42,137,13.7
2024-12-17 20:55:43,140,14.0
2024-12-17 20:55:44,147,14.7
2024-12-17 20:55:45,114,11.4
2024-12-17 20:55:46,98,9.8
2024-12-17 20:55:47,125,12.5
2024-12-17 20:55:48,70,7.0
2024-12-17 20:55:49,110,11.0
2024-12-17 20:55:50,63,6.3
2024-12-17 20:55:51,80,8.0
2024-12-17 20:55:52,71,7.1
2024-12-17 20:55:53,94,9.4
2024-12-17 20:55:54,75,7.5
2024-12-17 20:55:55,157,15.7
2024-12-17 20:55:56,85,8.5
2024-12-17 20:55:57,140,14.0
2024-12-17 20:55:58,110,11.0
2024-12-17 20:55:59,51,5.1
2024-12-17 20:56:00,87,8.7
2024-12-17 20:56:01,154,15.4
2024-12-17 20:56:02,117,11.7
2024-12-17 20:56:03,120,12.0
2024-12-17 20:56:04,102,10.2
2024-12-17 20:56:05,129,12.9
2024-12-17 20:56:06,102,10.2
2024-12-17 20:56:07,116,11.6
2024-12-17 20:56:08,106,10.6
2024-12-17 20:56:09,62,6.2
2024-12-17 20:56:10,75,7.5
2024-12-17 20:56:11,106,10.6
2024-12-17 20:56:12,126,12.6
2024-12-17 20:56:13,152,15.2
2024-12-17 20:56:14,127,12.7
2024-12-17 20:56:15,112,11.2
2024-12-17 20:56:16,79,7.9
2024-12-17 20:56:17,56,5.6
2024-12-17 20:56:18,123,12.3
2024-12-17 20:56:19,110,11.0
2024-12-17 20:56:20,62,6.2
2024-12-17 20:56:21,90,9.0
2024-12-17 20:56:22,92,9.2
2024-12-17 20:56:23,68,6.8
2024-12-17 20:56:24,129,12.9
2024-12-17 20:56:25,142,14.2
2024-12-17 20:56:26,90,9.0
2024-12-17 20:56:27,66,6.6
2024-12-17 20:56:28,109,10.9
2024-12-17 20:56:29,158,15.8
2024-12-17 20:56:30,100,10.0
2024-12-17 20:56:31,61,6.1
2024-12-17 20:56:32,101,10.1
2024-12-17 20:56:33,90,9.0
2024-12-17 20:56:34,142,14.2
2024-12-17 20:56:35,104,10.4
2024-12-17 20:56:36,147,14.7
2024-12-17 20:56:37,93,9.3
2024-12-17 20:56:38,116,11.6
2024-12-17 20:56:39,148,14.8
2024-12-17 20:56:40,64,6.4
2024-12-17 20:56:41,129,12.9
2024-12-17 20:56:42,63,6.3
2024-12-17 20:56:43,87,8.7
2024-12-17 20:56:44,86,8.6
2024-12-17 20:56:45,52,5.2
2024-12-17 20:56:46,141,14.1
2024-12-17 20:56:47,68,6.8
2024-12-17 20:56:48,133,13.3
2024-12-17 20:56:49,86,8.6
2024-12-17 20:56:50,117,11.7
2024-12-17 20:56:51,157,15.7
2024-12-17 20:56:52,118,11.8
2024-12-17 20:56:53,71,7.1
2024-12-17 20:56:54,122,12.2
2024-12-17 20:56:55,134,13.4
2024-12-17 20:56:56,69,6.9
2024-12-17 20:56:57,147,14.7
2024-12-17 20:56:58,82,8.2
2024-12-17 20:56:59,67,6.7
2024-12-17 20:57:00,91,9.1
2024-12-17 20:57:01,101,10.1
2024-12-17 20:57:02,124,12.4
2024-12-17 20:57:03,144,14.4
2024-12-17 20:57:04,98,9.8
2024-12-17 20:57:05,119,11.9
2024-12-17 20:57:06,151,15.1
2024-12-17 20:57:07,63,6.3
2024-12-17 20:57:08,123,12.3
2024-12-17 20:57:09,104,10.4
2024-12-17 20:57:10,80,8.0
2024-12-17 20:57:11,103,10.3
2024-12-17 20:57:12,90,9.0
2024-12-17 20:57:13,94,9.4
2024-12-17 20:57:14,157,15.7
2024-12-17 20:57:15,90,9.0
2024-12-17 20:57:16,147,14.7
2024-12-17 20:57:17,84,8.4
2024-12-17 20:57:18,58,5.8
2024-12-17 20:57:19,54,5.4
2024-12-17 20:57:20,102,10.2
2024-12-17 20:57:21,124,12.4
2024-12-17 20:57:22,67,6.7
2024-12-17 20:57:23,52,5.2
2024-12-17 20:57:24,139,13.9
2024-12-17 20:57:25,83,8.3
2024-12-17 20:57:26,113,11.3
2024-12-17 20:57:27,104,10.4
2024-12-17 20:57:28,95,9.5
2024-12-17 20:57:29,119,11.9
2024-12-17 20:57:30,116,11.6
2024-12-17 20:57:31,113,11.3
2024-12-17 20:57:32,85,8.5
2024-12-17 20:57:33,106,10.6
2024-12-17 20:57:34,108,10.8
2024-12-17 20:57:35,50,5.0
2024-12-17 20:57:36,78,7.8
2024-12-17 20:57:37,106,10.6
2024-12-17 20:57:38,86,8.6
2024-12-17 20:57:39,141,14.1
2024-12-17 20:57:40,54,5.4
2024-12-17 20:57:41,72,7.2
2024-12-17 20:57:42,136,13.6
2024-12-17 20:57:43,160,16.0
2024-12-17 20:57:44,128,12.8
2024-12-17 20:57:45,109,10.9
2024-12-17 20:57:46,130,13.0
2024-12-17 20:57:47,143,14.3
2024-12-17 20:57:48,128,12.8
2024-12-17 20:57:49,141,14.1
2024-12-17 20:57:50,159,15.9
2024-12-17 20:57:51,125,12.5
2024-12-17 20:57:52,106,10.6
2024-12-17 20:57:53,113,11.3
2024-12-17 20:57:54,87,8.7
2024-12-17 20:57:55,111,11.1
2024-12-17 20:57:56,86,8.6
2024-12-17 20:57:57,119,11.9
2024-12-17 20:57:58,106,10.6
2024-12-17 20:57:59,67,6.7
2024-12-17 20:58:00,52,5.2
2024-12-17 20:58:01,143,14.3
2024-12-17 20:58:02,155,15.5
2024-12-17 20:58:03,61,6.1
2024-12-17 20:58:04,130,13.0
2024-12-17 20:58:05,68,6.8
2024-12-17 20:58:06,120,12.0
2024-12-17 20:58:07,92,9.2
2024-12-17 20:58:08,100,10.0
2024-12-17 20:58:09,150,15.0
2024-12-17 20:58:10,82,8.2
2024-12-17 20:58:11,80,8.0
2024-12-17 20:58:12,139,13.9
2024-12-17 20:58:13,144,14.4
2024-12-17 20:58:14,54,5.4
2024-12-17 20:58:15,118,11.8
2024-12-17 20:58:16,123,12.3
2024-12-17 20:58:17,118,11.8
2024-12-17 20:58:18,113,11.3
2024-12-17 20:58:19,117,11.7
2024-12-17 20:58:20,136,13.6
2024-12-17 20:58:21,136,13.6
2024-12-17 20:58:22,123,12.3
2024-12-17 20:58:23,98,9.8
2024-12-17 20:58:24,136,13.6
2024-12-17 20:58:25,121,12.1
2024-12-17 20:58:26,53,5.3
2024-12-17 20:58:27,103,10.3
2024-12-17 20:58:28,133,13.3
2024-12-17 20:58:29,75,7.5
2024-12-17 20:58:30,89,8.9
2024-12-17 20:58:31,78,7.8
2024-12-17 20:58:32,127,12.7
2024-12-17 20:58:33,85,8.5
2024-12-17 20:58:34,74,7.4
2024-12-17 20:58:35,65,6.5
2024-12-17 20:58:36,142,14.2
2024-12-17 20:58:37,91,9.1
2024-12-17 20:58:38,119,11.9
2024-12-17 20:58:39,70,7.0
2024-12-17 20:58:40,158,15.8
2024-12-17 20:58:41,153,15.3
2024-12-17 20:58:42,56,5.6
2024-12-17 20:58:43,131,13.1
2024-12-17 20:58:44,102,10.2
2024-12-17 20:58:45,92,9.2
2024-12-17 20:58:46,70,7.0
2024-12-17 20:58:47,125,12.5
2024-12-17 20:58:48,157,15.7
2024-12-17 20:58:49,112,11.2
2024-12-17 20:58:50,104,10.4
2024-12-17 20:58:51,93,9.3
2024-12-17 20:58:52,54,5.4
2024-12-17 20:58:53,156,15.6
2024-12-17 20:58:54,57,5.7
2024-12-17 20:58:55,57,5.7
2024-12-17 20:58:56,140,14.0
2024-12-17 20:58:57,55,5.5
2024-12-17 20:58:58,148,14.8
2024-12-17 20:58:59,70,7.0
2024-12-17 20:59:00,88,8.8
2024-12-17 20:59:01,157,15.7
2024-12-17 20:59:02,120,12.0
2024-12-17 20:59:03,135,13.5
2024-12-17 20:59:04,71,7.1
2024-12-17 20:59:05,128,12.8
2024-12-17 20:59:06,144,14.4
2024-12-17 20:59:07,79,7.9
2024-12-17 20:59:08,66,6.6
2024-12-17 20:59:09,112,11.2
2024-12-17 20:59:10,88,8.8
2024-12-17 20:59:11,85,8.5
2024-12-17 20:59:12,56,5.6
2024-12-17 20:59:13,132,13.2
2024-12-17 20:59:14,145,14.5
2024-12-17 20:59:15,78,7.8
2024-12-17 20:59:16,50,5.0
2024-12-17 20:59:17,65,6.5
2024-12-17 20:59:18,106,10.6
2024-12-17 20:59:19,120,12.0
2024-12-17 20:59:20,76,7.6
2024-12-17 20:59:21,110,11.0
2024-12-17 20:59:22,129,12.9
2024-12-17 20:59:23,147,14.7
2024-12-17 20:59:24,158,15.8
2024-12-17 20:59:25,124,12.4
2024-12-17 20:59:26,110,11.0
2024-12-17 20:59:27,81,8.1
2024-12-17 20:59:28,89,8.9
2024-12-17 20:59:29,151,15.1
2024-12-17 20:59:30,80,8.0
2024-12-17 20:59:31,125,12.5
2024-12-17 20:59:32,152,15.2
2024-12-17 20:59:33,137,13.7
2024-12-17 20:59:34,56,5.6
2024-12-17 20:59:35,95,9.5
2024-12-17 20:59:36,55,5.5
2024-12-17 20:59:37,79,7.9
2024-12-17 20:59:38,94,9.4
2024-12-17 20:59:39,142,14.2
2024-12-17 20:59:40,119,11.9
2024-12-17 20:59:41,94,9.4
2024-12-17 20:59:42,89,8.9
2024-12-17 20:59:43,64,6.4
2024-12-17 20:59:44,109,10.9
2024-12-17 20:59:45,143,14.3
2024-12-17 20:59:46,155,15.5
2024-12-17 20:59:47,87,8.7
2024-12-17 20:59:48,151,15.1
2024-12-17 20:59:49,60,6.0
2024-12-17 20:59:50,71,7.1
2024-12-17 20:59:51,65,6.5
2024-12-17 20:59:52,90,9.0
2024-12-17 20:59:53,134,13.4
2024-12-17 20:59:54,137,13.7
2024-12-17 20:59:55,113,11.3
2024-12-17 20:59:56,113,11.3
2024-12-17 20:59:57,78,7.8
2024-12-17 20:59:58,61,6.1
2024-12-17 20:59:59,149,14.9
2024-12-17 21:00:00,76,7.6
2024-12-17 21:00:01,128,12.8
2024-12-17 21:00:02,149,14.9
2024-12-17 21:00:03,132,13.2
2024-12-17 21:00:04,53,5.3
2024-12-17 21:00:05,152,15.2
2024-12-17 21:00:06,88,8.8
2024-12-17 21:00:07,65,6.5
2024-12-17 21:00:08,111,11.1
2024-12-17 21:00:09,89,8.9
2024-12-17 21:00:10,64,6.4
2024-12-17 21:00:11,51,5.1
2024-12-17 21:00:12,69,6.9
2024-12-17 21:00:13,112,11.2
2024-12-17 21:00:14,145,14.5
2024-12-17 21:00:15,141,14.1
2024-12-17 21:00:16,143,14.3
2024-12-17 21:00:17,117,11.7
2024-12-17 21:00:18,134,13.4
2024-12-17 21:00:19,117,11.7
2024-12-17 21:00:20,107,10.7
2024-12-17 21:00:21,67,6.7
2024-12-17 21:00:22,75,7.5
2024-12-17 21:00:23,119,11.9
2024-12-17 21:00:24,50,5.0
2024-12-17 21:00:25,126,12.6
2024-12-17 21:00:26,132,13.2
2024-12-17 21:00:27,82,8.2
2024-12-17 21:00:28,79,7.9
2024-12-17 21:00:29,106,10.6
2024-12-17 21:00:30,59,5.9
2024-12-17 21:00:31,116,11.6
2024-12-17 21:00:32,110,11.0
2024-12-17 21:00:33,113,11.3
2024-12-17 21:00:34,83,8.3
2024-12-17 21:00:35,90,9.0
2024-12-17 21:00:36,115,11.5
2024-12-17 21:00:37,71,7.1
2024-12-17 21:00:38,89,8.9
2024-12-17 21:00:39,58,5.8
2024-12-17 21:00:40,97,9.7
2024-12-17 21:00:41,58,5.8
2024-12-17 21:00:42,92,9.2
2024-12-17 21:00:43,91,9.1
2024-12-17 21:00:44,112,11.2
2024-12-17 21:00:45,73,7.3
2024-12-17 21:00:46,56,5.6
2024-12-17 21:00:47,130,13.0
2024-12-17 21:00:48,53,5.3
2024-12-17 21:00:49,59,5.9
2024-12-17 21:00:50,82,8.2
2024-12-17 21:00:51,113,11.3
2024-12-17 21:00:52,64,6.4
2024-12-17 21:00:53,135,13.5
2024-12-17 21:00:54,57,5.7
2024-12-17 21:00:55,106,10.6
2024-12-17 21:00:56,104,10.4
2024-12-17 21:00:57,129,12.9
2024-12-17 21:00:58,156,15.6
2024-12-17 21:00:59,115,11.5
2024-12-17 21:01:00,86,8.6
2024-12-17 21:01:01,70,7.0
2024-12-17 21:01:02,158,15.8
2024-12-17 21:01:03,124,12.4
2024-12-17 21:01:04,121,12.1
2024-12-17 21:01:05,124,12.4
2024-12-17 21:01:06,108,10.8
2024-12-17 21:01:07,112,11.2
2024-12-17 21:01:08,100,10.0
2024-12-17 21:01:09,158,15.8
2024-12-17 21:01:10,147,14.7
2024-12-17 21:01:11,68,6.8
2024-12-17 21:01:12,155,15.5
2024-12-17 21:01:13,154,15.4
2024-12-17 21:01:14,74,7.4
2024-12-17 21:01:15,123,12.3
2024-12-17 21:01:16,147,14.7
2024-12-17 21:01:17,103,10.3
2024-12-17 21:01:18,129,12.9
2024-12-17 21:01:19,107,10.7
2024-12-17 21:01:20,110,11.0
2024-12-17 21:01:21,128,12.8
2024-12-17 21:01:22,156,15.6
2024-12-17 21:01:23,58,5.8
2024-12-17 21:01:24,81,8.1
2024-12-17 21:01:25,86,8.6
2024-12-17 21:01:26,101,10.1
2024-12-17 21:01:27,72,7.2
2024-12-17 21:01:28,92,9.2
2024-12-17 21:01:29,149,14.9
2024-12-17 21:01:30,119,11.9
2024-12-17 21:01:31,100,10.0
2024-12-17 21:01:32,154,15.4
2024-12-17 21:01:33,145,14.5
2024-12-17 21:01:34,101,10.1
2024-12-17 21:01:35,149,14.9
2024-12-17 21:01:36,58,5.8
2024-12-17 21:01:37,62,6.2
2024-12-17 21:01:38,111,11.1
2024-12-17 21:01:39,153,15.3
2024-12-17 21:01:40,77,7.7
2024-12-17 21:01:41,116,11.6
2024-12-17 21:01:42,72,7.2
2024-12-17 21:01:43,137,13.7
2024-12-17 21:01:44,154,15.4
2024-12-17 21:01:45,117,11.7
2024-12-17 21:01:46,154,15.4
2024-12-17 21:01:47,141,14.1
2024-12-17 21:01:48,126,12.6
2024-12-17 21:01:49,160,16.0
2024-12-17 21:01:50,93,9.3
2024-12-17 21:01:51,52,5.2
2024-12-17 21:01:52,128,12.8
2024-12-17 21:01:53,159,15.9
2024-12-17 21:01:54,52,5.2
2024-12-17 21:01:55,154,15.4
2024-12-17 21:01:56,128,12.8
2024-12-17 21:01:57,138,13.8
2024-12-17 21:01:58,77,7.7
2024-12-17 21:01:59,159,15.9
2024-12-17 21:02:00,135,13.5
2024-12-17 21:02:01,156,15.6
2024-12-17 21:02:02,140,14.0
2024-12-17 21:02:03,149,14.9
2024-12-17 21:02:04,137,13.7
2024-12-17 21:02:05,59,5.9
2024-12-17 21:02:06,114,11.4
2024-12-17 21:02:07,129,12.9
2024-12-17 21:02:08,62,6.2
2024-12-17 21:02:09,55,5.5
2024-12-17 21:02:10,92,9.2
2024-12-17 21:02:11,134,13.4
2024-12-17 21:02:12,67,6.7
2024-12-17 21:02:13,85,8.5
2024-12-17 21:02:14,80,8.0
2024-12-17 21:02:15,81,8.1
2024-12-17 21:02:16,50,5.0
2024-12-17 21:02:17,154,15.4
2024-12-17 21:02:18,151,15.1
2024-12-17 21:02:19,50,5.0
2024-12-17 21:02:20,58,5.8
2024-12-17 21:02:21,108,10.8
2024-12-17 21:02:22,103,10.3
2024-12-17 21:02:23,125,12.5
2024-12-17 21:02:24,141,14.1
2024-12-17 21:02:25,122,12.2
2024-12-17 21:02:26,145,14.5
2024-12-17 21:02:27,132,13.2
2024-12-17 21:02:28,125,12.5
2024-12-17 21:02:29,65,6.5
2024-12-17 21:02:30,130,13.0
2024-12-17 21:02:31,115,11.5
2024-12-17 21:02:32,133,13.3
2024-12-17 21:02:33,84,8.4
2024-12-17 21:02:34,137,13.7
2024-12-17 21:02:35,58,5.8
2024-12-17 21:02:36,89,8.9
2024-12-17 21:02:37,134,13.4
2024-12-17 21:02:38,118,11.8
2024-12-17 21:02:39,84,8.4
2024-12-17 21:02:40,70,7.0
2024-12-17 21:02:41,142,14.2
2024-12-17 21:02:42,71,7.1
2024-12-17 21:02:43,130,13.0
2024-12-17 21:02:44,154,15.4
2024-12-17 21:02:45,55,5.5
2024-12-17 21:02:46,113,11.3
2024-12-17 21:02:47,132,13.2
2024-12-17 21:02:48,130,13.0
2024-12-17 21:02:49,85,8.5
2024-12-17 21:02:50,152,15.2
2024-12-17 21:02:51,110,11.0
2024-12-17 21:02:52,75,7.5
2024-12-17 21:02:53,121,12.1
2024-12-17 21:02:54,146,14.6
2024-12-17 21:02:55,145,14.5
2024-12-17 21:02:56,131,13.1
2024-12-17 21:02:57,160,16.0
2024-12-17 21:02:58,59,5.9
2024-12-17 21:02:59,80,8.0
2024-12-17 21:03:00,62,6.2
2024-12-17 21:03:01,87,8.7
2024-12-17 21:03:02,51,5.1
2024-12-17 21:03:03,128,12.8
2024-12-17 21:03:04,99,9.9
2024-12-17 21:03:05,136,13.6
2024-12-17 21:03:06,78,7.8
2024-12-17 21:03:07,78,7.8
2024-12-17 21:03:08,117,11.7
2024-12-17 21:03:09,68,6.8
2024-12-17 21:03:10,87,8.7
2024-12-17 21:03:11,114,11.4
2024-12-17 21:03:12,106,10.6
2024-12-17 21:03:13,129,12.9
2024-12-17 21:03:14,126,12.6
2024-12-17 21:03:15,61,6.1
2024-12-17 21:03:16,56,5.6
2024-12-17 21:03:17,88,8.8
2024-12-17 21:03:18,53,5.3
2024-12-17 21:03:19,155,15.5
2024-12-17 21:03:20,160,16.0
2024-12-17 21:03:21,62,6.2
2024-12-17 21:03:22,76,7.6
2024-12-17 21:03:23,60,6.0
2024-12-17 21:03:24,106,10.6
2024-12-17 21:03:25,80,8.0
2024-12-17 21:03:26,61,6.1
2024-12-17 21:03:27,143,14.3
2024-12-17 21:03:28,130,13.0
2024-12-17 21:03:29,76,7.6
2024-12-17 21:03:30,147,14.7
2024-12-17 21:03:31,150,15.0
2024-12-17 21:03:32,147,14.7
2024-12-17 21:03:33,157,15.7
2024-12-17 21:03:34,75,7.5
2024-12-17 21:03:35,51,5.1
2024-12-17 21:03:36,158,15.8
2024-12-17 21:03:37,146,14.6
2024-12-17 21:03:38,120,12.0
2024-12-17 21:03:39,128,12.8
2024-12-17 21:03:40,77,7.7
2024-12-17 21:03:41,118,11.8
2024-12-17 21:03:42,118,11.8
2024-12-17 21:03:43,138,13.8
2024-12-17 21:03:44,96,9.6
2024-12-17 21:03:45,135,13.5
2024-12-17 21:03:46,61,6.1
2024-12-17 21:03:47,61,6.1
2024-12-17 21:03:48,57,5.7
2024-12-17 21:03:49,71,7.1
2024-12-17 21:03:50,65,6.5
2024-12-17 21:03:51,69,6.9
2024-12-17 21:03:52,122,12.2
2024-12-17 21:03:53,146,14.6
2024-12-17 21:03:54,85,8.5
2024-12-17 21:03:55,113,11.3
2024-12-17 21:03:56,75,7.5
2024-12-17 21:03:57,98,9.8
2024-12-17 21:03:58,76,7.6
2024-12-17 21:03:59,138,13.8
2024-12-17 21:04:00,154,15.4
2024-12-17 21:04:01,62,6.2
2024-12-17 21:04:02,73,7.3
2024-12-17 21:04:03,119,11.9
2024-12-17 21:04:04,147,14.7
2024-12-17 21:04:05,157,15.7
2024-12-17 21:04:06,98,9.8
2024-12-17 21:04:07,96,9.6
2024-12-17 21:04:08,133,13.3
2024-12-17 21:04:09,101,10.1
2024-12-17 21:04:10,106,10.6
2024-12-17 21:04:11,146,14.6
2024-12-17 21:04:12,103,10.3
2024-12-17 21:04:13,135,13.5
2024-12-17 21:04:14,134,13.4
2024-12-17 21:04:15,134,13.4
2024-12-17 21:04:16,57,5.7
2024-12-17 21:04:17,155,15.5
2024-12-17 21:04:18,67,6.7
2024-12-17 21:04:19,151,15.1
2024-12-17 21:04:20,154,15.4
2024-12-17 21:04:21,137,13.7
2024-12-17 21:04:22,98,9.8
2024-12-17 21:04:23,149,14.9
2024-12-17 21:04:24,105,10.5
2024-12-17 21:04:25,59,5.9
2024-12-17 21:04:26,110,11.0
2024-12-17 21:04:27,147,14.7
2024-12-17 21:04:28,56,5.6
2024-12-17 21:04:29,122,12.2
2024-12-17 21:04:30,50,5.0
2024-12-17 21:04:31,61,6.1
2024-12-17 21:04:32,86,8.6
2024-12-17 21:04:33,137,13.7
2024-12-17 21:04:34,51,5.1
2024-12-17 21:04:35,149,14.9
2024-12-17 21:04:36,66,6.6
2024-12-17 21:04:37,143,14.3
2024-12-17 21:04:38,153,15.3
2024-12-17 21:04:39,114,11.4
2024-12-17 21:04:40,83,8.3
2024-12-17 21:04:41,104,10.4
2024-12-17 21:04:42,155,15.5
2024-12-17 21:04:43,87,8.7
2024-12-17 21:04:44,126,12.6
2024-12-17 21:04:45,111,11.1
2024-12-17 21:04:46,85,8.5
2024-12-17 21:04:47,126,12.6
2024-12-17 21:04:48,83,8.3
2024-12-17 21:04:49,102,10.2
2024-12-17 21:04:50,123,12.3
2024-12-17 21:04:51,107,10.7
2024-12-17 21:04:52,84,8.4
2024-12-17 21:04:53,73,7.3
2024-12-17 21:04:54,152,15.2
2024-12-17 21:04:55,156,15.6
2024-12-17 21:04:56,96,9.6
2024-12-17 21:04:57,90,9.0
2024-12-17 21:04:58,82,8.2
2024-12-17 21:04:59,96,9.6
2024-12-17 21:05:00,75,7.5
2024-12-17 21:05:01,67,6.7
2024-12-17 21:05:02,108,10.8
2024-12-17 21:05:03,78,7.8
2024-12-17 21:05:04,146,14.6
2024-12-17 21:05:05,118,11.8
2024-12-17 21:05:06,154,15.4
2024-12-17 21:05:07,52,5.2
2024-12-17 21:05:08,126,12.6
2024-12-17 21:05:09,160,16.0
2024-12-17 21:05:10,123,12.3
2024-12-17 21:05:11,72,7.2
2024-12-17 21:05:12,117,11.7
2024-12-17 21:05:13,159,15.9
2024-12-17 21:05:14,61,6.1
2024-12-17 21:05:15,116,11.6
2024-12-17 21:05:16,84,8.4
2024-12-17 21:05:17,60,6.0
2024-12-17 21:05:18,66,6.6
2024-12-17 21:05:19,157,15.7
2024-12-17 21:05:20,116,11.6
2024-12-17 21:05:21,88,8.8
2024-12-17 21:05:22,75,7.5
2024-12-17 21:05:23,74,7.4
2024-12-17 21:05:24,148,14.8
2024-12-17 21:05:25,77,7.7
2024-12-17 21:05:26,128,12.8
2024-12-17 21:05:27,131,13.1
2024-12-17 21:05:28,62,6.2
2024-12-17 21:05:29,94,9.4
2024-12-17 21:05:30,73,7.3
2024-12-17 21:05:31,60,6.0
2024-12-17 21:05:32,123,12.3
2024-12-17 21:05:33,128,12.8
2024-12-17 21:05:34,84,8.4
2024-12-17 21:05:35,75,7.5
2024-12-17 21:05:36,124,12.4
2024-12-17 21:05:37,67,6.7
2024-12-17 21:05:38,67,6.7
2024-12-17 21:05:39,116,11.6
2024-12-17 21:05:40,101,10.1
2024-12-17 21:05:41,77,7.7
2024-12-17 21:05:42,144,14.4
2024-12-17 21:05:43,66,6.6
2024-12-17 21:05:44,123,12.3
2024-12-17 21:05:45,142,14.2
2024-12-17 21:05:46,65,6.5
2024-12-17 21:05:47,93,9.3
2024-12-17 21:05:48,78,7.8
2024-12-17 21:05:49,66,6.6
2024-12-17 21:05:50,121,12.1
2024-12-17 21:05:51,151,15.1
2024-12-17 21:05:52,60,6.0
2024-12-17 21:05:53,126,12.6
2024-12-17 21:05:54,53,5.3
2024-12-17 21:05:55,110,11.0
2024-12-17 21:05:56,69,6.9
2024-12-17 21:05:57,134,13.4
2024-12-17 21:05:58,124,12.4
2024-12-17 21:05:59,137,13.7
2024-12-17 21:06:00,152,15.2
2024-12-17 21:06:01,104,10.4
2024-12-17 21:06:02,153,15.3
2024-12-17 21:06:03,105,10.5
2024-12-17 21:06:04,150,15.0
2024-12-17 21:06:05,70,7.0
2024-12-17 21:06:06,72,7.2
2024-12-17 21:06:07,72,7.2
2024-12-17 21:06:08,139,13.9
2024-12-17 21:06:09,87,8.7
2024-12-17 21:06:10,145,14.5
2024-12-17 21:06:11,62,6.2
2024-12-17 21:06:12,153,15.3
2024-12-17 21:06:13,70,7.0
2024-12-17 21:06:14,84,8.4
2024-12-17 21:06:15,134,13.4
2024-12-17 21:06:16,54,5.4
2024-12-17 21:06:17,152,15.2
2024-12-17 21:06:18,117,11.7
2024-12-17 21:06:19,139,13.9
2024-12-17 21:06:20,91,9.1
2024-12-17 21:06:21,101,10.1
2024-12-17 21:06:22,59,5.9
2024-12-17 21:06:23,118,11.8
2024-12-17 21:06:24,143,14.3
2024-12-17 21:06:25,149,14.9
2024-12-17 21:06:26,76,7.6
2024-12-17 21:06:27,102,10.2
2024-12-17 21:06:28,141,14.1
2024-12-17 21:06:29,151,15.1
2024-12-17 21:06:30,52,5.2
2024-12-17 21:06:31,97,9.7
2024-12-17 21:06:32,116,11.6
2024-12-17 21:06:33,144,14.4
2024-12-17 21:06:34,68,6.8
2024-12-17 21:06:35,81,8.1
2024-12-17 21:06:36,64,6.4
2024-12-17 21:06:37,101,10.1
2024-12-17 21:06:38,125,12.5
2024-12-17 21:06:39,131,13.1
2024-12-17 21:06:40,124,12.4
2024-12-17 21:06:41,100,10.0
2024-12-17 21:06:42,64,6.4
2024-12-17 21:06:43,105,10.5
2024-12-17 21:06:44,153,15.3
2024-12-17 21:06:45,75,7.5
2024-12-17 21:06:46,77,7.7
2024-12-17 21:06:47,68,6.8
2024-12-17 21:06:48,115,11.5
2024-12-17 21:06:49,103,10.3
2024-12-17 21:06:50,155,15.5
2024-12-17 21:06:51,51,5.1
2024-12-17 21:06:52,82,8.2
2024-12-17 21:06:53,123,12.3
2024-12-17 21:06:54,158,15.8
2024-12-17 21:06:55,51,5.1
2024-12-17 21:06:56,151,15.1
2024-12-17 21:06:57,127,12.7
2024-12-17 21:06:58,114,11.4
2024-12-17 21:06:59,110,11.0
2024-12-17 21:07:00,91,9.1
2024-12-17 21:07:01,119,11.9
2024-12-17 21:07:02,155,15.5
2024-12-17 21:07:03,114,11.4
2024-12-17 21:07:04,55,5.5
2024-12-17 21:07:05,100,10.0
2024-12-17 21:07:06,127,12.7
2024-12-17 21:07:07,149,14.9
2024-12-17 21:07:08,51,5.1
2024-12-17 21:07:09,142,14.2
2024-12-17 21:07:10,152,15.2
2024-12-17 21:07:11,76,7.6
2024-12-17 21:07:12,134,13.4
2024-12-17 21:07:13,123,12.3
2024-12-17 21:07:14,81,8.1
2024-12-17 21:07:15,62,6.2
2024-12-17 21:07:16,157,15.7
2024-12-17 21:07:17,95,9.5
2024-12-17 21:07:18,69,6.9
2024-12-17 21:07:19,90,9.0
2024-12-17 21:07:20,159,15.9
2024-12-17 21:07:21,61,6.1
2024-12-17 21:07:22,69,6.9
2024-12-17 21:07:23,76,7.6
2024-12-17 21:07:24,87,8.7
2024-12-17 21:07:25,114,11.4
2024-12-17 21:07:26,63,6.3
2024-12-17 21:07:27,117,11.7
2024-12-17 21:07:28,156,15.6
2024-12-17 21:07:29,105,10.5
2024-12-17 21:07:30,157,15.7
2024-12-17 21:07:31,121,12.1
2024-12-17 21:07:32,75,7.5
2024-12-17 21:07:33,78,7.8
2024-12-17 21:07:34,137,13.7
2024-12-17 21:07:35,134,13.4
2024-12-17 21:07:36,63,6.3
2024-12-17 21:07:37,136,13.6
2024-12-17 21:07:38,123,12.3
2024-12-17 21:07:39,66,6.6
2024-12-17 21:07:40,156,15.6
2024-12-17 21:07:41,65,6.5
2024-12-17 21:07:42,106,10.6
2024-12-17 21:07:43,71,7.1
2024-12-17 21:07:44,132,13.2
2024-12-17 21:07:45,99,9.9
2024-12-17 21:07:46,145,14.5
2024-12-17 21:07:47,101,10.1
2024-12-17 21:07:48,60,6.0
2024-12-17 21:07:49,108,10.8
2024-12-17 21:07:50,154,15.4
2024-12-17 21:07:51,65,6.5
2024-12-17 21:07:52,73,7.3
2024-12-17 21:07:53,77,7.7
2024-12-17 21:07:54,63,6.3
2024-12-17 21:07:55,159,15.9
2024-12-17 21:07:56,136,13.6
2024-12-17 21:07:57,71,7.1
2024-12-17 21:07:58,125,12.5
2024-12-17 21:07:59,156,15.6
2024-12-17 21:08:00,94,9.4
2024-12-17 21:08:01,113,11.3
2024-12-17 21:08:02,93,9.3
2024-12-17 21:08:03,138,13.8
2024-12-17 21:08:04,152,15.2
2024-12-17 21:08:05,132,13.2
2024-12-17 21:08:06,91,9.1
2024-12-17 21:08:07,124,12.4
2024-12-17 21:08:08,108,10.8
2024-12-17 21:08:09,123,12.3
2024-12-17 21:08:10,50,5.0
2024-12-17 21:08:11,115,11.5
2024-12-17 21:08:12,68,6.8
2024-12-17 21:08:13,117,11.7
2024-12-17 21:08:14,144,14.4
2024-12-17 21:08:15,112,11.2
2024-12-17 21:08:16,94,9.4
2024-12-17 21:08:17,119,11.9
2024-12-17 21:08:18,66,6.6
2024-12-17 21:08:19,87,8.7
2024-12-17 21:08:20,68,6.8
2024-12-17 21:08:21,129,12.9
2024-12-17 21:08:22,60,6.0
2024-12-17 21:08:23,65,6.5
2024-12-17 21:08:24,110,11.0
2024-12-17 21:08:25,150,15.0
2024-12-17 21:08:26,146,14.6
2024-12-17 21:08:27,112,11.2
2024-12-17 21:08:28,83,8.3
2024-12-17 21:08:29,68,6.8
2024-12-17 21:08:30,50,5.0
2024-12-17 21:08:31,65,6.5
2024-12-17 21:08:32,155,15.5
2024-12-17 21:08:33,128,12.8
2024-12-17 21:08:34,64,6.4
2024-12-17 21:08:35,61,6.1
2024-12-17 21:08:36,158,15.8
2024-12-17 21:08:37,157,15.7
2024-12-17 21:08:38,123,12.3
2024-12-17 21:08:39,68,6.8
2024-12-17 21:08:40,136,13.6
2024-12-17 21:08:41,90,9.0
2024-12-17 21:08:42,116,11.6
2024-12-17 21:08:43,105,10.5
2024-12-17 21:08:44,80,8.0
2024-12-17 21:08:45,141,14.1
2024-12-17 21:08:46,53,5.3
2024-12-17 21:08:47,56,5.6
2024-12-17 21:08:48,84,8.4
2024-12-17 21:08:49,112,11.2
2024-12-17 21:08:50,131,13.1
2024-12-17 21:08:51,94,9.4
2024-12-17 21:08:52,50,5.0
2024-12-17 21:08:53,106,10.6
2024-12-17 21:08:54,157,15.7
2024-12-17 21:08:55,123,12.3
2024-12-17 21:08:56,90,9.0
2024-12-17 21:08:57,152,15.2
2024-12-17 21:08:58,143,14.3
2024-12-17 21:08:59,106,10.6
2024-12-17 21:09:00,63,6.3
2024-12-17 21:09:01,95,9.5
2024-12-17 21:09:02,108,10.8
2024-12-17 21:09:03,68,6.8
2024-12-17 21:09:04,79,7.9
2024-12-17 21:09:05,84,8.4
2024-12-17 21:09:06,88,8.8
2024-12-17 21:09:07,79,7.9
2024-12-17 21:09:08,123,12.3
2024-12-17 21:09:09,131,13.1
2024-12-17 21:09:10,65,6.5
2024-12-17 21:09:11,97,9.7
2024-12-17 21:09:12,155,15.5
2024-12-17 21:09:13,75,7.5
2024-12-17 21:09:14,108,10.8
2024-12-17 21:09:15,153,15.3
2024-12-17 21:09:16,103,10.3
2024-12-17 21:09:17,98,9.8
2024-12-17 21:09:18,132,13.2
2024-12-17 21:09:19,89,8.9
2024-12-17 21:09:20,62,6.2
2024-12-17 21:09:21,92,9.2
2024-12-17 21:09:22,77,7.7
2024-12-17 21:09:23,129,12.9
2024-12-17 21:09:24,123,12.3
2024-12-17 21:09:25,160,16.0
2024-12-17 21:09:26,64,6.4
2024-12-17 21:09:27,101,10.1
2024-12-17 21:09:28,160,16.0
2024-12-17 21:09:29,54,5.4
2024-12-17 21:09:30,127,12.7
2024-12-17 21:09:31,158,15.8
2024-12-17 21:09:32,149,14.9
2024-12-17 21:09:33,77,7.7
2024-12-17 21:09:34,89,8.9
2024-12-17 21:09:35,126,12.6
2024-12-17 21:09:36,157,15.7
2024-12-17 21:09:37,104,10.4
2024-12-17 21:09:38,70,7.0
2024-12-17 21:09:39,158,15.8
2024-12-17 21:09:40,139,13.9
2024-12-17 21:09:41,66,6.6
2024-12-17 21:09:42,148,14.8
2024-12-17 21:09:43,118,11.8
2024-12-17 21:09:44,104,10.4
2024-12-17 21:09:45,137,13.7
2024-12-17 21:09:46,62,6.2
2024-12-17 21:09:47,149,14.9
2024-12-17 21:09:48,146,14.6
2024-12-17 21:09:49,65,6.5
2024-12-17 21:09:50,128,12.8
2024-12-17 21:09:51,140,14.0
2024-12-17 21:09:52,90,9.0
2024-12-17 21:09:53,159,15.9
2024-12-17 21:09:54,157,15.7
2024-12-17 21:09:55,113,11.3
2024-12-17 21:09:56,150,15.0
2024-12-17 21:09:57,93,9.3
2024-12-17 21:09:58,134,13.4
2024-12-17 21:09:59,134,13.4
2024-12-17 21:10:00,61,6.1
2024-12-17 21:10:01,81,8.1
2024-12-17 21:10:02,52,5.2
2024-12-17 21:10:03,100,10.0
2024-12-17 21:10:04,119,11.9
2024-12-17 21:10:05,128,12.8
2024-12-17 21:10:06,92,9.2
2024-12-17 21:10:07,154,15.4
2024-12-17 21:10:08,72,7.2
2024-12-17 21:10:09,159,15.9
2024-12-17 21:10:10,144,14.4
2024-12-17 21:10:11,154,15.4
2024-12-17 21:10:12,68,6.8
2024-12-17 21:10:13,72,7.2
2024-12-17 21:10:14,107,10.7
2024-12-17 21:10:15,127,12.7
2024-12-17 21:10:16,160,16.0
2024-12-17 21:10:17,86,8.6
2024-12-17 21:10:18,107,10.7
2024-12-17 21:10:19,57,5.7
2024-12-17 21:10:20,119,11.9
2024-12-17 21:10:21,108,10.8
2024-12-17 21:10:22,103,10.3
2024-12-17 21:10:23,82,8.2
2024-12-17 21:10:24,76,7.6
2024-12-17 21:10:25,125,12.5
2024-12-17 21:10:26,156,15.6
2024-12-17 21:10:27,137,13.7
2024-12-17 21:10:28,75,7.5
2024-12-17 21:10:29,53,5.3
2024-12-17 21:10:30,95,9.5
2024-12-17 21:10:31,104,10.4
2024-12-17 21:10:32,104,10.4
2024-12-17 21:10:33,59,5.9
2024-12-17 21:10:34,125,12.5
2024-12-17 21:10:35,133,13.3
2024-12-17 21:10:36,140,14.0
2024-12-17 21:10:37,64,6.4
2024-12-17 21:10:38,134,13.4
2024-12-17 21:10:39,145,14.5
2024-12-17 21:10:40,100,10.0
2024-12-17 21:10:41,82,8.2
2024-12-17 21:10:42,56,5.6
2024-12-17 21:10:43,69,6.9
2024-12-17 21:10:44,93,9.3
2024-12-17 21:10:45,74,7.4
2024-12-17 21:10:46,158,15.8
2024-12-17 21:10:47,158,15.8
2024-12-17 21:10:48,65,6.5
2024-12-17 21:10:49,154,15.4
2024-12-17 21:10:50,125,12.5
2024-12-17 21:10:51,155,15.5
2024-12-17 21:10:52,140,14.0
2024-12-17 21:10:53,94,9.4
2024-12-17 21:10:54,62,6.2
2024-12-17 21:10:55,117,11.7
2024-12-17 21:10:56,59,5.9
2024-12-17 21:10:57,106,10.6
2024-12-17 21:10:58,69,6.9
2024-12-17 21:10:59,138,13.8
2024-12-17 21:11:00,134,13.4
2024-12-17 21:11:01,144,14.4
2024-12-17 21:11:02,57,5.7
2024-12-17 21:11:03,149,14.9
2024-12-17 21:11:04,115,11.5
2024-12-17 21:11:05,51,5.1
2024-12-17 21:11:06,129,12.9
2024-12-17 21:11:07,145,14.5
2024-12-17 21:11:08,145,14.5
2024-12-17 21:11:09,133,13.3
2024-12-17 21:11:10,106,10.6
2024-12-17 21:11:11,79,7.9
2024-12-17 21:11:12,116,11.6
2024-12-17 21:11:13,140,14.0
2024-12-17 21:11:14,156,15.6
2024-12-17 21:11:15,131,13.1
2024-12-17 21:11:16,131,13.1
2024-12-17 21:11:17,148,14.8
2024-12-17 21:11:18,92,9.2
2024-12-17 21:11:19,129,12.9
2024-12-17 21:11:20,146,14.6
2024-12-17 21:11:21,72,7.2
2024-12-17 21:11:22,75,7.5
2024-12-17 21:11:23,107,10.7
2024-12-17 21:11:24,89,8.9
2024-12-17 21:11:25,88,8.8
2024-12-17 21:11:26,89,8.9
2024-12-17 21:11:27,93,9.3
2024-12-17 21:11:28,110,11.0
2024-12-17 21:11:29,67,6.7
2024-12-17 21:11:30,55,5.5
2024-12-17 21:11:31,88,8.8
2024-12-17 21:11:32,97,9.7
2024-12-17 21:11:33,153,15.3
2024-12-17 21:11:34,134,13.4
2024-12-17 21:11:35,100,10.0
2024-12-17 21:11:36,93,9.3
2024-12-17 21:11:37,106,10.6
2024-12-17 21:11:38,160,16.0
2024-12-17 21:11:39,87,8.7
2024-12-17 21:11:40,100,10.0
2024-12-17 21:11:41,160,16.0
2024-12-17 21:11:42,115,11.5
2024-12-17 21:11:43,83,8.3
2024-12-17 21:11:44,124,12.4
2024-12-17 21:11:45,158,15.8
2024-12-17 21:11:46,155,15.5
2024-12-17 21:11:47,129,12.9
2024-12-17 21:11:48,140,14.0
2024-12-17 21:11:49,56,5.6
2024-12-17 21:11:50,150,15.0
2024-12-17 21:11:51,79,7.9
2024-12-17 21:11:52,62,6.2
2024-12-17 21:11:53,153,15.3
2024-12-17 21:11:54,79,7.9
2024-12-17 21:11:55,151,15.1
2024-12-17 21:11:56,77,7.7
2024-12-17 21:11:57,144,14.4
2024-12-17 21:11:58,51,5.1
2024-12-17 21:11:59,56,5.6
2024-12-17 21:12:00,120,12.0
2024-12-17 21:12:01,59,5.9
2024-12-17 21:12:02,78,7.8
2024-12-17 21:12:03,136,13.6
2024-12-17 21:12:04,129,12.9
2024-12-17 21:12:05,64,6.4
2024-12-17 21:12:06,137,13.7
2024-12-17 21:12:07,98,9.8
2024-12-17 21:12:08,86,8.6
2024-12-17 21:12:09,65,6.5
2024-12-17 21:12:10,126,12.6
2024-12-17 21:12:11,100,10.0
2024-12-17 21:12:12,98,9.8
2024-12-17 21:12:13,140,14.0
2024-12-17 21:12:14,129,12.9
2024-12-17 21:12:15,59,5.9
2024-12-17 21:12:16,84,8.4
2024-12-17 21:12:17,118,11.8
2024-12-17 21:12:18,83,8.3
2024-12-17 21:12:19,117,11.7
2024-12-17 21:12:20,87,8.7
2024-12-17 21:12:21,145,14.5
2024-12-17 21:12:22,132,13.2
2024-12-17 21:12:23,155,15.5
2024-12-17 21:12:24,121,12.1
2024-12-17 21:12:25,98,9.8
2024-12-17 21:12:26,155,15.5
2024-12-17 21:12:27,159,15.9
2024-12-17 21:12:28,81,8.1
2024-12-17 21:12:29,156,15.6
2024-12-17 21:12:30,71,7.1
2024-12-17 21:12:31,113,11.3
2024-12-17 21:12:32,106,10.6
2024-12-17 21:12:33,72,7.2
2024-12-17 21:12:34,70,7.0
2024-12-17 21:12:35,75,7.5
2024-12-17 21:12:36,98,9.8
2024-12-17 21:12:37,135,13.5
2024-12-17 21:12:38,74,7.4
2024-12-17 21:12:39,111,11.1
2024-12-17 21:12:40,104,10.4
2024-12-17 21:12:41,133,13.3
2024-12-17 21:12:42,80,8.0
2024-12-17 21:12:43,70,7.0
2024-12-17 21:12:44,110,11.0
2024-12-17 21:12:45,63,6.3
2024-12-17 21:12:46,84,8.4
2024-12-17 21:12:47,145,14.5
2024-12-17 21:12:48,133,13.3
2024-12-17 21:12:49,73,7.3
2024-12-17 21:12:50,102,10.2
2024-12-17 21:12:51,129,12.9
2024-12-17 21:12:52,134,13.4
2024-12-17 21:12:53,89,8.9
2024-12-17 21:12:54,109,10.9
2024-12-17 21:12:55,107,10.7
2024-12-17 21:12:56,134,13.4
2024-12-17 21:12:57,80,8.0
2024-12-17 21:12:58,81,8.1
2024-12-17 21:12:59,95,9.5
2024-12-17 21:13:00,100,10.0
2024-12-17 21:13:01,91,9.1
2024-12-17 21:13:02,79,7.9
2024-12-17 21:13:03,70,7.0
2024-12-17 21:13:04,59,5.9
2024-12-17 21:13:05,61,6.1
2024-12-17 21:13:06,132,13.2
2024-12-17 21:13:07,55,5.5
2024-12-17 21:13:08,100,10.0
2024-12-17 21:13:09,149,14.9
2024-12-17 21:13:10,89,8.9
2024-12-17 21:13:11,121,12.1
2024-12-17 21:13:12,105,10.5
2024-12-17 21:13:13,139,13.9
2024-12-17 21:13:14,113,11.3
2024-12-17 21:13:15,67,6.7
2024-12-17 21:13:16,160,16.0
2024-12-17 21:13:17,148,14.8
2024-12-17 21:13:18,119,11.9
2024-12-17 21:13:19,124,12.4
2024-12-17 21:13:20,154,15.4
2024-12-17 21:13:21,61,6.1
2024-12-17 21:13:22,141,14.1
2024-12-17 21:13:23,154,15.4
2024-12-17 21:13:24,69,6.9
2024-12-17 21:13:25,144,14.4
2024-12-17 21:13:26,52,5.2
2024-12-17 21:13:27,150,15.0
2024-12-17 21:13:28,76,7.6
2024-12-17 21:13:29,85,8.5
2024-12-17 21:13:30,108,10.8
2024-12-17 21:13:31,130,13.0
2024-12-17 21:13:32,58,5.8
2024-12-17 21:13:33,80,8.0
2024-12-17 21:13:34,103,10.3
2024-12-17 21:13:35,126,12.6
2024-12-17 21:13:36,135,13.5
2024-12-17 21:13:37,132,13.2
2024-12-17 21:13:38,96,9.6
2024-12-17 21:13:39,126,12.6
2024-12-17 21:13:40,122,12.2
2024-12-17 21:13:41,73,7.3
2024-12-17 21:13:42,85,8.5
2024-12-17 21:13:43,68,6.8
2024-12-17 21:13:44,156,15.6
2024-12-17 21:13:45,141,14.1
2024-12-17 21:13:46,53,5.3
2024-12-17 21:13:47,134,13.4
2024-12-17 21:13:48,158,15.8
2024-12-17 21:13:49,145,14.5
2024-12-17 21:13:50,98,9.8
2024-12-17 21:13:51,134,13.4
2024-12-17 21:13:52,137,13.7
2024-12-17 21:13:53,142,14.2
2024-12-17 21:13:54,90,9.0
2024-12-17 21:13:55,93,9.3
2024-12-17 21:13:56,112,11.2
2024-12-17 21:13:57,152,15.2
2024-12-17 21:13:58,113,11.3
2024-12-17 21:13:59,131,13.1
2024-12-17 21:14:00,54,5.4
2024-12-17 21:14:01,108,10.8
2024-12-17 21:14:02,84,8.4
2024-12-17 21:14:03,82,8.2
2024-12-17 21:14:04,138,13.8
2024-12-17 21:14:05,160,16.0
2024-12-17 21:14:06,126,12.6
2024-12-17 21:14:07,152,15.2
2024-12-17 21:14:08,108,10.8
2024-12-17 21:14:09,117,11.7
2024-12-17 21:14:10,75,7.5
2024-12-17 21:14:11,137,13.7
2024-12-17 21:14:12,62,6.2
2024-12-17 21:14:13,60,6.0
2024-12-17 21:14:14,122,12.2
2024-12-17 21:14:15,102,10.2
2024-12-17 21:14:16,85,8.5
2024-12-17 21:14:17,116,11.6
2024-12-17 21:14:18,93,9.3
2024-12-17 21:14:19,104,10.4
2024-12-17 21:14:20,95,9.5
2024-12-17 21:14:21,96,9.6
2024-12-17 21:14:22,112,11.2
2024-12-17 21:14:23,129,12.9
2024-12-17 21:14:24,148,14.8
2024-12-17 21:14:25,73,7.3
2024-12-17 21:14:26,141,14.1
2024-12-17 21:14:27,58,5.8
2024-12-17 21:14:28,110,11.0
2024-12-17 21:14:29,154,15.4
2024-12-17 21:14:30,139,13.9
2024-12-17 21:14:31,86,8.6
2024-12-17 21:14:32,153,15.3
2024-12-17 21:14:33,64,6.4
2024-12-17 21:14:34,118,11.8
2024-12-17 21:14:35,154,15.4
2024-12-17 21:14:36,131,13.1
2024-12-17 21:14:37,145,14.5
2024-12-17 21:14:38,82,8.2
2024-12-17 21:14:39,88,8.8
2024-12-17 21:14:40,62,6.2
2024-12-17 21:14:41,89,8.9
2024-12-17 21:14:42,56,5.6
2024-12-17 21:14:43,130,13.0
2024-12-17 21:14:44,125,12.5
2024-12-17 21:14:45,85,8.5
2024-12-17 21:14:46,66,6.6
2024-12-17 21:14:47,117,11.7
2024-12-17 21:14:48,51,5.1
2024-12-17 21:14:49,77,7.7
2024-12-17 21:14:50,51,5.1
2024-12-17 21:14:51,102,10.2
2024-12-17 21:14:52,90,9.0
2024-12-17 21:14:53,72,7.2
2024-12-17 21:14:54,146,14.6
2024-12-17 21:14:55,160,16.0
2024-12-17 21:14:56,134,13.4
2024-12-17 21:14:57,147,14.7
2024-12-17 21:14:58,66,6.6
2024-12-17 21:14:59,110,11.0
2024-12-17 21:15:00,73,7.3
2024-12-17 21:15:01,84,8.4
2024-12-17 21:15:02,159,15.9
2024-12-17 21:15:03,69,6.9
2024-12-17 21:15:04,86,8.6
2024-12-17 21:15:05,130,13.0
2024-12-17 21:15:06,61,6.1
2024-12-17 21:15:07,92,9.2
2024-12-17 21:15:08,121,12.1
2024-12-17 21:15:09,150,15.0
2024-12-17 21:15:10,133,13.3
2024-12-17 21:15:11,141,14.1
2024-12-17 21:15:12,94,9.4
2024-12-17 21:15:13,121,12.1
2024-12-17 21:15:14,136,13.6
2024-12-17 21:15:15,80,8.0
2024-12-17 21:15:16,87,8.7
2024-12-17 21:15:17,97,9.7
2024-12-17 21:15:18,153,15.3
2024-12-17 21:15:19,83,8.3
2024-12-17 21:15:20,117,11.7
2024-12-17 21:15:21,85,8.5
2024-12-17 21:15:22,74,7.4
2024-12-17 21:15:23,127,12.7
2024-12-17 21:15:24,111,11.1
2024-12-17 21:15:25,81,8.1
2024-12-17 21:15:26,75,7.5
2024-12-17 21:15:27,151,15.1
2024-12-17 21:15:28,98,9.8
2024-12-17 21:15:29,107,10.7
2024-12-17 21:15:30,83,8.3
2024-12-17 21:15:31,147,14.7
2024-12-17 21:15:32,142,14.2
2024-12-17 21:15:33,118,11.8
2024-12-17 21:15:34,99,9.9
2024-12-17 21:15:35,156,15.6
2024-12-17 21:15:36,75,7.5
2024-12-17 21:15:37,130,13.0
2024-12-17 21:15:38,135,13.5
2024-12-17 21:15:39,60,6.0
2024-12-17 21:15:40,124,12.4
2024-12-17 21:15:41,135,13.5
2024-12-17 21:15:42,146,14.6
2024-12-17 21:15:43,62,6.2
2024-12-17 21:15:44,122,12.2
2024-12-17 21:15:45,143,14.3
2024-12-17 21:15:46,67,6.7
2024-12-17 21:15:47,107,10.7
2024-12-17 21:15:48,64,6.4
2024-12-17 21:15:49,122,12.2
2024-12-17 21:15:50,151,15.1
2024-12-17 21:15:51,156,15.6
2024-12-17 21:15:52,69,6.9
2024-12-17 21:15:53,105,10.5
2024-12-17 21:15:54,92,9.2
2024-12-17 21:15:55,154,15.4
2024-12-17 21:15:56,98,9.8
2024-12-17 21:15:57,134,13.4
2024-12-17 21:15:58,63,6.3
2024-12-17 21:15:59,140,14.0
2024-12-17 21:16:00,149,14.9
2024-12-17 21:16:01,97,9.7
2024-12-17 21:16:02,159,15.9
2024-12-17 21:16:03,53,5.3
2024-12-17 21:16:04,138,13.8
2024-12-17 21:16:05,101,10.1
2024-12-17 21:16:06,125,12.5
2024-12-17 21:16:07,130,13.0
2024-12-17 21:16:08,75,7.5
2024-12-17 21:16:09,152,15.2
2024-12-17 21:16:10,81,8.1
2024-12-17 21:16:11,72,7.2
2024-12-17 21:16:12,61,6.1
2024-12-17 21:16:13,121,12.1
2024-12-17 21:16:14,81,8.1
2024-12-17 21:16:15,123,12.3
2024-12-17 21:16:16,71,7.1
2024-12-17 21:16:17,80,8.0
2024-12-17 21:16:18,55,5.5
2024-12-17 21:16:19,52,5.2
2024-12-17 21:16:20,123,12.3
2024-12-17 21:16:21,118,11.8
2024-12-17 21:16:22,64,6.4
2024-12-17 21:16:23,57,5.7
2024-12-17 21:16:24,88,8.8
2024-12-17 21:16:25,78,7.8
2024-12-17 21:16:26,105,10.5
2024-12-17 21:16:27,79,7.9
2024-12-17 21:16:28,69,6.9
2024-12-17 21:16:29,102,10.2
2024-12-17 21:16:30,88,8.8
2024-12-17 21:16:31,139,13.9
2024-12-17 21:16:32,136,13.6
2024-12-17 21:16:33,134,13.4
2024-12-17 21:16:34,115,11.5
2024-12-17 21:16:35,154,15.4
2024-12-17 21:16:36,121,12.1
2024-12-17 21:16:37,71,7.1
2024-12-17 21:16:38,87,8.7
2024-12-17 21:16:39,88,8.8
2024-12-17 21:16:40,155,15.5
2024-12-17 21:16:41,68,6.8
2024-12-17 21:16:42,62,6.2
2024-12-17 21:16:43,99,9.9
2024-12-17 21:16:44,51,5.1
2024-12-17 21:16:45,64,6.4
2024-12-17 21:16:46,85,8.5
2024-12-17 21:16:47,96,9.6
2024-12-17 21:16:48,145,14.5
2024-12-17 21:16:49,55,5.5
2024-12-17 21:16:50,59,5.9
2024-12-17 21:16:51,135,13.5
2024-12-17 21:16:52,68,6.8
2024-12-17 21:16:53,116,11.6
2024-12-17 21:16:54,105,10.5
2024-12-17 21:16:55,145,14.5
2024-12-17 21:16:56,68,6.8
2024-12-17 21:16:57,94,9.4
2024-12-17 21:16:58,139,13.9
2024-12-17 21:16:59,153,15.3
2024-12-17 21:17:00,122,12.2
2024-12-17 21:17:01,134,13.4
2024-12-17 21:17:02,105,10.5
2024-12-17 21:17:03,115,11.5
2024-12-17 21:17:04,119,11.9
2024-12-17 21:17:05,109,10.9
2024-12-17 21:17:06,66,6.6
2024-12-17 21:17:07,108,10.8
2024-12-17 21:17:08,85,8.5
2024-12-17 21:17:09,151,15.1
2024-12-17 21:17:10,76,7.6
2024-12-17 21:17:11,99,9.9
2024-12-17 21:17:12,140,14.0
2024-12-17 21:17:13,86,8.6
2024-12-17 21:17:14,138,13.8
2024-12-17 21:17:15,149,14.9
2024-12-17 21:17:16,76,7.6
2024-12-17 21:17:17,124,12.4
2024-12-17 21:17:18,96,9.6
2024-12-17 21:17:19,140,14.0
2024-12-17 21:17:20,125,12.5
2024-12-17 21:17:21,69,6.9
2024-12-17 21:17:22,88,8.8
2024-12-17 21:17:23,53,5.3
2024-12-17 21:17:24,82,8.2
2024-12-17 21:17:25,103,10.3
2024-12-17 21:17:26,88,8.8
2024-12-17 21:17:27,55,5.5
2024-12-17 21:17:28,151,15.1
2024-12-17 21:17:29,147,14.7
2024-12-17 21:17:30,58,5.8
2024-12-17 21:17:31,71,7.1
2024-12-17 21:17:32,74,7.4
2024-12-17 21:17:33,93,9.3
2024-12-17 21:17:34,156,15.6
2024-12-17 21:17:35,89,8.9
2024-12-17 21:17:36,131,13.1
2024-12-17 21:17:37,147,14.7
2024-12-17 21:17:38,138,13.8
2024-12-17 21:17:39,152,15.2
2024-12-17 21:17:40,129,12.9
2024-12-17 21:17:41,54,5.4
2024-12-17 21:17:42,62,6.2
2024-12-17 21:17:43,157,15.7
2024-12-17 21:17:44,75,7.5
2024-12-17 21:17:45,95,9.5
2024-12-17 21:17:46,150,15.0
2024-12-17 21:17:47,63,6.3
2024-12-17 21:17:48,53,5.3
2024-12-17 21:17:49,74,7.4
2024-12-17 21:17:50,88,8.8
2024-12-17 21:17:51,123,12.3
2024-12-17 21:17:52,101,10.1
2024-12-17 21:17:53,51,5.1
2024-12-17 21:17:54,108,10.8
2024-12-17 21:17:55,153,15.3
2024-12-17 21:17:56,135,13.5
2024-12-17 21:17:57,138,13.8
2024-12-17 21:17:58,79,7.9
2024-12-17 21:17:59,149,14.9
2024-12-17 21:18:00,148,14.8
2024-12-17 21:18:01,106,10.6
2024-12-17 21:18:02,104,10.4
2024-12-17 21:18:03,70,7.0
2024-12-17 21:18:04,137,13.7
2024-12-17 21:18:05,127,12.7
2024-12-17 21:18:06,62,6.2
2024-12-17 21:18:07,134,13.4
2024-12-17 21:18:08,98,9.8
2024-12-17 21:18:09,81,8.1
2024-12-17 21:18:10,147,14.7
2024-12-17 21:18:11,64,6.4
2024-12-17 21:18:12,60,6.0
2024-12-17 21:18:13,102,10.2
2024-12-17 21:18:14,147,14.7
2024-12-17 21:18:15,133,13.3
2024-12-17 21:18:16,129,12.9
2024-12-17 21:18:17,150,15.0
2024-12-17 21:18:18,152,15.2
2024-12-17 21:18:19,148,14.8
2024-12-17 21:18:20,107,10.7
2024-12-17 21:18:21,113,11.3
2024-12-17 21:18:22,103,10.3
2024-12-17 21:18:23,95,9.5
2024-12-17 21:18:24,76,7.6
2024-12-17 21:18:25,102,10.2
2024-12-17 21:18:26,145,14.5
2024-12-17 21:18:27,129,12.9
2024-12-17 21:18:28,111,11.1
2024-12-17 21:18:29,137,13.7
2024-12-17 21:18:30,123,12.3
2024-12-17 21:18:31,148,14.8
2024-12-17 21:18:32,101,10.1
2024-12-17 21:18:33,135,13.5
2024-12-17 21:18:34,131,13.1
2024-12-17 21:18:35,122,12.2
2024-12-17 21:18:36,50,5.0
2024-12-17 21:18:37,140,14.0
2024-12-17 21:18:38,67,6.7
2024-12-17 21:18:39,74,7.4
2024-12-17 21:18:40,102,10.2
2024-12-17 21:18:41,113,11.3
2024-12-17 21:18:42,107,10.7
2024-12-17 21:18:43,92,9.2
2024-12-17 21:18:44,54,5.4
2024-12-17 21:18:45,122,12.2
2024-12-17 21:18:46,61,6.1
2024-12-17 21:18:47,131,13.1
2024-12-17 21:18:48,154,15.4
2024-12-17 21:18:49,117,11.7
2024-12-17 21:18:50,158,15.8
2024-12-17 21:18:51,84,8.4
2024-12-17 21:18:52,131,13.1
2024-12-17 21:18:53,130,13.0
2024-12-17 21:18:54,59,5.9
2024-12-17 21:18:55,54,5.4
2024-12-17 21:18:56,95,9.5
2024-12-17 21:18:57,118,11.8
2024-12-17 21:18:58,101,10.1
2024-12-17 21:18:59,108,10.8
2024-12-17 21:19:00,98,9.8
2024-12-17 21:19:01,82,8.2
2024-12-17 21:19:02,78,7.8
2024-12-17 21:19:03,64,6.4
2024-12-17 21:19:04,94,9.4
2024-12-17 21:19:05,81,8.1
2024-12-17 21:19:06,160,16.0
2024-12-17 21:19:07,95,9.5
2024-12-17 21:19:08,114,11.4
2024-12-17 21:19:09,139,13.9
2024-12-17 21:19:10,117,11.7
2024-12-17 21:19:11,156,15.6
2024-12-17 21:19:12,130,13.0
2024-12-17 21:19:13,58,5.8
2024-12-17 21:19:14,80,8.0
2024-12-17 21:19:15,145,14.5
2024-12-17 21:19:16,88,8.8
2024-12-17 21:19:17,158,15.8
2024-12-17 21:19:18,67,6.7
2024-12-17 21:19:19,66,6.6
2024-12-17 21:19:20,57,5.7
2024-12-17 21:19:21,158,15.8
2024-12-17 21:19:22,84,8.4
2024-12-17 21:19:23,150,15.0
2024-12-17 21:19:24,55,5.5
2024-12-17 21:19:25,127,12.7
2024-12-17 21:19:26,109,10.9
2024-12-17 21:19:27,148,14.8
2024-12-17 21:19:28,129,12.9
2024-12-17 21:19:29,135,13.5
2024-12-17 21:19:30,119,11.9
2024-12-17 21:19:31,155,15.5
2024-12-17 21:19:32,71,7.1
2024-12-17 21:19:33,80,8.0
2024-12-17 21:19:34,65,6.5
2024-12-17 21:19:35,122,12.2
2024-12-17 21:19:36,106,10.6
2024-12-17 21:19:37,117,11.7
2024-12-17 21:19:38,103,10.3
2024-12-17 21:19:39,140,14.0
2024-12-17 21:19:40,86,8.6
2024-12-17 21:19:41,87,8.7
2024-12-17 21:19:42,120,12.0
2024-12-17 21:19:43,108,10.8
2024-12-17 21:19:44,126,12.6
2024-12-17 21:19:45,60,6.0
2024-12-17 21:19:46,66,6.6
2024-12-17 21:19:47,141,14.1
2024-12-17 21:19:48,66,6.6
2024-12-17 21:19:49,141,14.1
2024-12-17 21:19:50,55,5.5
2024-12-17 21:19:51,56,5.6
2024-12-17 21:19:52,89,8.9
2024-12-17 21:19:53,57,5.7
2024-12-17 21:19:54,93,9.3
2024-12-17 21:19:55,70,7.0
2024-12-17 21:19:56,73,7.3
2024-12-17 21:19:57,141,14.1
2024-12-17 21:19:58,95,9.5
2024-12-17 21:19:59,96,9.6
2024-12-17 21:20:00,105,10.5
2024-12-17 21:20:01,135,13.5
2024-12-17 21:20:02,102,10.2
2024-12-17 21:20:03,145,14.5
2024-12-17 21:20:04,75,7.5
2024-12-17 21:20:05,100,10.0
2024-12-17 21:20:06,128,12.8
2024-12-17 21:20:07,94,9.4
2024-12-17 21:20:08,62,6.2
2024-12-17 21:20:09,83,8.3
2024-12-17 21:20:10,152,15.2
2024-12-17 21:20:11,104,10.4
2024-12-17 21:20:12,58,5.8
2024-12-17 21:20:13,55,5.5
2024-12-17 21:20:14,102,10.2
2024-12-17 21:20:15,104,10.4
2024-12-17 21:20:16,135,13.5
2024-12-17 21:20:17,110,11.0
2024-12-17 21:20:18,98,9.8
2024-12-17 21:20:19,101,10.1
2024-12-17 21:20:20,158,15.8
2024-12-17 21:20:21,116,11.6
2024-12-17 21:20:22,128,12.8
2024-12-17 21:20:23,110,11.0
2024-12-17 21:20:24,83,8.3
2024-12-17 21:20:25,85,8.5
2024-12-17 21:20:26,109,10.9
2024-12-17 21:20:27,114,11.4
2024-12-17 21:20:28,105,10.5
2024-12-17 21:20:29,71,7.1
2024-12-17 21:20:30,140,14.0
2024-12-17 21:20:31,61,6.1
2024-12-17 21:20:32,144,14.4
2024-12-17 21:20:33,128,12.8
2024-12-17 21:20:34,97,9.7
2024-12-17 21:20:35,54,5.4
2024-12-17 21:20:36,132,13.2
2024-12-17 21:20:37,85,8.5
2024-12-17 21:20:38,96,9.6
2024-12-17 21:20:39,129,12.9
2024-12-17 21:20:40,97,9.7
2024-12-17 21:20:41,87,8.7
2024-12-17 21:20:42,116,11.6
2024-12-17 21:20:43,58,5.8
2024-12-17 21:20:44,66,6.6
2024-12-17 21:20:45,156,15.6
2024-12-17 21:20:46,54,5.4
2024-12-17 21:20:47,150,15.0
2024-12-17 21:20:48,74,7.4
2024-12-17 21:20:49,157,15.7
2024-12-17 21:20:50,154,15.4
2024-12-17 21:20:51,52,5.2
2024-12-17 21:20:52,73,7.3
2024-12-17 21:20:53,92,9.2
2024-12-17 21:20:54,84,8.4
2024-12-17 21:20:55,106,10.6
2024-12-17 21:20:56,108,10.8
2024-12-17 21:20:57,138,13.8
2024-12-17 21:20:58,160,16.0
2024-12-17 21:20:59,150,15.0
2024-12-17 21:21:00,81,8.1
2024-12-17 21:21:01,136,13.6
2024-12-17 21:21:02,63,6.3
2024-12-17 21:21:03,108,10.8
2024-12-17 21:21:04,71,7.1
2024-12-17 21:21:05,67,6.7
2024-12-17 21:21:06,60,6.0
2024-12-17 21:21:07,105,10.5
2024-12-17 21:21:08,54,5.4
2024-12-17 21:21:09,155,15.5
2024-12-17 21:21:10,58,5.8
2024-12-17 21:21:11,79,7.9
2024-12-17 21:21:12,104,10.4
2024-12-17 21:21:13,160,16.0
2024-12-17 21:21:14,108,10.8
2024-12-17 21:21:15,91,9.1
2024-12-17 21:21:16,134,13.4
2024-12-17 21:21:17,112,11.2
2024-12-17 21:21:18,80,8.0
2024-12-17 21:21:19,127,12.7
2024-12-17 21:21:20,84,8.4
2024-12-17 21:21:21,120,12.0
2024-12-17 21:21:22,122,12.2
2024-12-17 21:21:23,91,9.1
2024-12-17 21:21:24,92,9.2
2024-12-17 21:21:25,53,5.3
2024-12-17 21:21:26,93,9.3
2024-12-17 21:21:27,60,6.0
2024-12-17 21:21:28,89,8.9
2024-12-17 21:21:29,149,14.9
2024-12-17 21:21:30,50,5.0
2024-12-17 21:21:31,88,8.8
2024-12-17 21:21:32,147,14.7
2024-12-17 21:21:33,155,15.5
2024-12-17 21:21:34,96,9.6
2024-12-17 21:21:35,66,6.6
2024-12-17 21:21:36,142,14.2
2024-12-17 21:21:37,137,13.7
2024-12-17 21:21:38,81,8.1
2024-12-17 21:21:39,89,8.9
2024-12-17 21:21:40,144,14.4
2024-12-17 21:21:41,100,10.0
2024-12-17 21:21:42,150,15.0
2024-12-17 21:21:43,93,9.3
2024-12-17 21:21:44,127,12.7
2024-12-17 21:21:45,138,13.8
2024-12-17 21:21:46,119,11.9
2024-12-17 21:21:47,51,5.1
2024-12-17 21:21:48,136,13.6
2024-12-17 21:21:49,134,13.4
2024-12-17 21:21:50,158,15.8
2024-12-17 21:21:51,77,7.7
2024-12-17 21:21:52,56,5.6
2024-12-17 21:21:53,61,6.1
2024-12-17 21:21:54,153,15.3
2024-12-17 21:21:55,76,7.6
2024-12-17 21:21:56,98,9.8
2024-12-17 21:21:57,116,11.6
2024-12-17 21:21:58,138,13.8
2024-12-17 21:21:59,63,6.3
2024-12-17 21:22:00,66,6.6
2024-12-17 21:22:01,129,12.9
2024-12-17 21:22:02,70,7.0
2024-12-17 21:22:03,143,14.3
2024-12-17 21:22:04,109,10.9
2024-12-17 21:22:05,140,14.0
2024-12-17 21:22:06,126,12.6
2024-12-17 21:22:07,146,14.6
2024-12-17 21:22:08,138,13.8
2024-12-17 21:22:09,74,7.4
2024-12-17 21:22:10,130,13.0
2024-12-17 21:22:11,64,6.4
2024-12-17 21:22:12,159,15.9
2024-12-17 21:22:13,83,8.3
2024-12-17 21:22:14,77,7.7
2024-12-17 21:22:15,70,7.0
2024-12-17 21:22:16,95,9.5
2024-12-17 21:22:17,62,6.2
2024-12-17 21:22:18,126,12.6
2024-12-17 21:22:19,154,15.4
2024-12-17 21:22:20,116,11.6
2024-12-17 21:22:21,119,11.9
2024-12-17 21:22:22,89,8.9
2024-12-17 21:22:23,87,8.7
2024-12-17 21:22:24,158,15.8
2024-12-17 21:22:25,65,6.5
2024-12-17 21:22:26,158,15.8
2024-12-17 21:22:27,150,15.0
2024-12-17 21:22:28,119,11.9
2024-12-17 21:22:29,80,8.0
2024-12-17 21:22:30,112,11.2
2024-12-17 21:22:31,65,6.5
2024-12-17 21:22:32,60,6.0
2024-12-17 21:22:33,150,15.0
2024-12-17 21:22:34,156,15.6
2024-12-17 21:22:35,158,15.8
2024-12-17 21:22:36,84,8.4
2024-12-17 21:22:37,114,11.4
2024-12-17 21:22:38,120,12.0
2024-12-17 21:22:39,120,12.0
2024-12-17 21:22:40,61,6.1
2024-12-17 21:22:41,83,8.3
2024-12-17 21:22:42,157,15.7
2024-12-17 21:22:43,99,9.9
2024-12-17 21:22:44,59,5.9
2024-12-17 21:22:45,90,9.0
2024-12-17 21:22:46,100,10.0
2024-12-17 21:22:47,127,12.7
2024-12-17 21:22:48,158,15.8
2024-12-17 21:22:49,62,6.2
2024-12-17 21:22:50,139,13.9
2024-12-17 21:22:51,53,5.3
2024-12-17 21:22:52,101,10.1
2024-12-17 21:22:53,153,15.3
2024-12-17 21:22:54,70,7.0
2024-12-17 21:22:55,157,15.7
2024-12-17 21:22:56,113,11.3
2024-12-17 21:22:57,79,7.9
2024-12-17 21:22:58,154,15.4
2024-12-17 21:22:59,66,6.6
2024-12-17 21:23:00,92,9.2
2024-12-17 21:23:01,121,12.1
2024-12-17 21:23:02,67,6.7
2024-12-17 21:23:03,88,8.8
2024-12-17 21:23:04,127,12.7
2024-12-17 21:23:05,93,9.3
2024-12-17 21:23:06,126,12.6
2024-12-17 21:23:07,58,5.8
2024-12-17 21:23:08,159,15.9
2024-12-17 21:23:09,97,9.7
2024-12-17 21:23:10,63,6.3
2024-12-17 21:23:11,55,5.5
2024-12-17 21:23:12,53,5.3
2024-12-17 21:23:13,68,6.8
2024-12-17 21:23:14,141,14.1
2024-12-17 21:23:15,88,8.8
2024-12-17 21:23:16,120,12.0
2024-12-17 21:23:17,156,15.6
2024-12-17 21:23:18,96,9.6
2024-12-17 21:23:19,61,6.1
2024-12-17 21:23:20,136,13.6
2024-12-17 21:23:21,94,9.4
2024-12-17 21:23:22,125,12.5
2024-12-17 21:23:23,112,11.2
2024-12-17 21:23:24,115,11.5
2024-12-17 21:23:25,139,13.9
2024-12-17 21:23:26,145,14.5
2024-12-17 21:23:27,72,7.2
2024-12-17 21:23:28,148,14.8
2024-12-17 21:23:29,105,10.5
2024-12-17 21:23:30,116,11.6
2024-12-17 21:23:31,108,10.8
2024-12-17 21:23:32,58,5.8
2024-12-17 21:23:33,92,9.2
2024-12-17 21:23:34,106,10.6
2024-12-17 21:23:35,76,7.6
2024-12-17 21:23:36,152,15.2
2024-12-17 21:23:37,156,15.6
2024-12-17 21:23:38,73,7.3
2024-12-17 21:23:39,138,13.8
2024-12-17 21:23:40,142,14.2
2024-12-17 21:23:41,77,7.7
2024-12-17 21:23:42,105,10.5
2024-12-17 21:23:43,114,11.4
2024-12-17 21:23:44,74,7.4
2024-12-17 21:23:45,119,11.9
2024-12-17 21:23:46,55,5.5
2024-12-17 21:23:47,72,7.2
2024-12-17 21:23:48,51,5.1
2024-12-17 21:23:49,119,11.9
2024-12-17 21:23:50,141,14.1
2024-12-17 21:23:51,106,10.6
2024-12-17 21:23:52,159,15.9
2024-12-17 21:23:53,124,12.4
2024-12-17 21:23:54,73,7.3
2024-12-17 21:23:55,122,12.2
2024-12-17 21:23:56,121,12.1
2024-12-17 21:23:57,62,6.2
2024-12-17 21:23:58,86,8.6
2024-12-17 21:23:59,67,6.7
2024-12-17 21:24:00,146,14.6
2024-12-17 21:24:01,114,11.4
2024-12-17 21:24:02,80,8.0
2024-12-17 21:24:03,88,8.8
2024-12-17 21:24:04,79,7.9
2024-12-17 21:24:05,126,12.6
2024-12-17 21:24:06,103,10.3
2024-12-17 21:24:07,63,6.3
2024-12-17 21:24:08,143,14.3
2024-12-17 21:24:09,81,8.1
2024-12-17 21:24:10,132,13.2
2024-12-17 21:24:11,126,12.6
2024-12-17 21:24:12,134,13.4
2024-12-17 21:24:13,94,9.4
2024-12-17 21:24:14,69,6.9
2024-12-17 21:24:15,92,9.2
2024-12-17 21:24:16,93,9.3
2024-12-17 21:24:17,54,5.4
2024-12-17 21:24:18,156,15.6
2024-12-17 21:24:19,93,9.3
2024-12-17 21:24:20,81,8.1
2024-12-17 21:24:21,63,6.3
2024-12-17 21:24:22,157,15.7
2024-12-17 21:24:23,110,11.0
2024-12-17 21:24:24,53,5.3
2024-12-17 21:24:25,144,14.4
2024-12-17 21:24:26,91,9.1
2024-12-17 21:24:27,137,13.7
2024-12-17 21:24:28,59,5.9
2024-12-17 21:24:29,117,11.7
2024-12-17 21:24:30,118,11.8
2024-12-17 21:24:31,59,5.9
2024-12-17 21:24:32,143,14.3
2024-12-17 21:24:33,94,9.4
2024-12-17 21:24:34,132,13.2
2024-12-17 21:24:35,120,12.0
2024-12-17 21:24:36,156,15.6
2024-12-17 21:24:37,119,11.9
2024-12-17 21:24:38,124,12.4
2024-12-17 21:24:39,58,5.8
2024-12-17 21:24:40,75,7.5
2024-12-17 21:24:41,61,6.1
2024-12-17 21:24:42,64,6.4
2024-12-17 21:24:43,102,10.2
2024-12-17 21:24:44,68,6.8
2024-12-17 21:24:45,135,13.5
2024-12-17 21:24:46,87,8.7
2024-12-17 21:24:47,62,6.2
2024-12-17 21:24:48,53,5.3
2024-12-17 21:24:49,53,5.3
2024-12-17 21:24:50,75,7.5
2024-12-17 21:24:51,132,13.2
2024-12-17 21:24:52,71,7.1
2024-12-17 21:24:53,82,8.2
2024-12-17 21:24:54,94,9.4
2024-12-17 21:24:55,118,11.8
2024-12-17 21:24:56,154,15.4
2024-12-17 21:24:57,72,7.2
2024-12-17 21:24:58,74,7.4
2024-12-17 21:24:59,99,9.9
2024-12-17 21:25:00,112,11.2
2024-12-17 21:25:01,57,5.7
2024-12-17 21:25:02,74,7.4
2024-12-17 21:25:03,77,7.7
2024-12-17 21:25:04,140,14.0
2024-12-17 21:25:05,78,7.8
2024-12-17 21:25:06,126,12.6
2024-12-17 21:25:07,136,13.6
2024-12-17 21:25:08,153,15.3
2024-12-17 21:25:09,121,12.1
2024-12-17 21:25:10,98,9.8
2024-12-17 21:25:11,159,15.9
2024-12-17 21:25:12,130,13.0
2024-12-17 21:25:13,87,8.7
2024-12-17 21:25:14,78,7.8
2024-12-17 21:25:15,51,5.1
2024-12-17 21:25:16,70,7.0
2024-12-17 21:25:17,120,12.0
2024-12-17 21:25:18,56,5.6
2024-12-17 21:25:19,58,5.8
2024-12-17 21:25:20,133,13.3
2024-12-17 21:25:21,63,6.3
2024-12-17 21:25:22,72,7.2
2024-12-17 21:25:23,129,12.9
2024-12-17 21:25:24,151,15.1
2024-12-17 21:25:25,95,9.5
2024-12-17 21:25:26,132,13.2
2024-12-17 21:25:27,57,5.7
2024-12-17 21:25:28,108,10.8
2024-12-17 21:25:29,151,15.1
2024-12-17 21:25:30,79,7.9
2024-12-17 21:25:31,81,8.1
2024-12-17 21:25:32,138,13.8
2024-12-17 21:25:33,156,15.6
2024-12-17 21:25:34,127,12.7
2024-12-17 21:25:35,136,13.6
2024-12-17 21:25:36,110,11.0
2024-12-17 21:25:37,111,11.1
2024-12-17 21:25:38,133,13.3
2024-12-17 21:25:39,147,14.7
2024-12-17 21:25:40,109,10.9
2024-12-17 21:25:41,153,15.3
2024-12-17 21:25:42,78,7.8
2024-12-17 21:25:43,129,12.9
2024-12-17 21:25:44,135,13.5
2024-12-17 21:25:45,129,12.9
2024-12-17 21:25:46,121,12.1
2024-12-17 21:25:47,104,10.4
2024-12-17 21:25:48,119,11.9
2024-12-17 21:25:49,84,8.4
2024-12-17 21:25:50,131,13.1
2024-12-17 21:25:51,113,11.3
2024-12-17 21:25:52,77,7.7
2024-12-17 21:25:53,67,6.7
2024-12-17 21:25:54,86,8.6
2024-12-17 21:25:55,123,12.3
2024-12-17 21:25:56,59,5.9
2024-12-17 21:25:57,160,16.0
2024-12-17 21:25:58,103,10.3
2024-12-17 21:25:59,118,11.8
2024-12-17 21:26:00,140,14.0
2024-12-17 21:26:01,120,12.0
2024-12-17 21:26:02,83,8.3
2024-12-17 21:26:03,129,12.9
2024-12-17 21:26:04,160,16.0
2024-12-17 21:26:05,112,11.2
2024-12-17 21:26:06,101,10.1
2024-12-17 21:26:07,99,9.9
2024-12-17 21:26:08,57,5.7
2024-12-17 21:26:09,63,6.3
2024-12-17 21:26:10,153,15.3
2024-12-17 21:26:11,121,12.1
2024-12-17 21:26:12,109,10.9
2024-12-17 21:26:13,158,15.8
2024-12-17 21:26:14,78,7.8
2024-12-17 21:26:15,138,13.8
2024-12-17 21:26:16,64,6.4
2024-12-17 21:26:17,79,7.9
2024-12-17 21:26:18,117,11.7
2024-12-17 21:26:19,70,7.0
2024-12-17 21:26:20,53,5.3
2024-12-17 21:26:21,90,9.0
2024-12-17 21:26:22,104,10.4
2024-12-17 21:26:23,155,15.5
2024-12-17 21:26:24,51,5.1
2024-12-17 21:26:25,135,13.5
2024-12-17 21:26:26,94,9.4
2024-12-17 21:26:27,88,8.8
2024-12-17 21:26:28,156,15.6
2024-12-17 21:26:29,89,8.9
2024-12-17 21:26:30,152,15.2
2024-12-17 21:26:31,98,9.8
2024-12-17 21:26:32,60,6.0
2024-12-17 21:26:33,148,14.8
2024-12-17 21:26:34,69,6.9
2024-12-17 21:26:35,63,6.3
2024-12-17 21:26:36,98,9.8
2024-12-17 21:26:37,135,13.5
2024-12-17 21:26:38,91,9.1
2024-12-17 21:26:39,57,5.7
2024-12-17 21:26:40,130,13.0
2024-12-17 21:26:41,78,7.8
2024-12-17 21:26:42,154,15.4
2024-12-17 21:26:43,72,7.2
2024-12-17 21:26:44,125,12.5
2024-12-17 21:26:45,50,5.0
2024-12-17 21:26:46,104,10.4
2024-12-17 21:26:47,131,13.1
2024-12-17 21:26:48,135,13.5
2024-12-17 21:26:49,74,7.4
2024-12-17 21:26:50,74,7.4
2024-12-17 21:26:51,148,14.8
2024-12-17 21:26:52,87,8.7
2024-12-17 21:26:53,99,9.9
2024-12-17 21:26:54,71,7.1
2024-12-17 21:26:55,160,16.0
2024-12-17 21:26:56,136,13.6
2024-12-17 21:26:57,160,16.0
2024-12-17 21:26:58,155,15.5
2024-12-17 21:26:59,70,7.0
2024-12-17 21:27:00,135,13.5
2024-12-17 21:27:01,112,11.2
2024-12-17 21:27:02,129,12.9
2024-12-17 21:27:03,55,5.5
2024-12-17 21:27:04,67,6.7
2024-12-17 21:27:05,159,15.9
2024-12-17 21:27:06,62,6.2
2024-12-17 21:27:07,134,13.4
2024-12-17 21:27:08,130,13.0
2024-12-17 21:27:09,145,14.5
2024-12-17 21:27:10,143,14.3
2024-12-17 21:27:11,112,11.2
2024-12-17 21:27:12,136,13.6
2024-12-17 21:27:13,143,14.3
2024-12-17 21:27:14,67,6.7
2024-12-17 21:27:15,82,8.2
2024-12-17 21:27:16,131,13.1
2024-12-17 21:27:17,130,13.0
2024-12-17 21:27:18,160,16.0
2024-12-17 21:27:19,57,5.7
2024-12-17 21:27:20,93,9.3
2024-12-17 21:27:21,144,14.4
2024-12-17 21:27:22,72,7.2
2024-12-17 21:27:23,117,11.7
2024-12-17 21:27:24,110,11.0
2024-12-17 21:27:25,93,9.3
2024-12-17 21:27:26,155,15.5
2024-12-17 21:27:27,108,10.8
2024-12-17 21:27:28,70,7.0
2024-12-17 21:27:29,137,13.7
2024-12-17 21:27:30,120,12.0
2024-12-17 21:27:31,57,5.7
2024-12-17 21:27:32,66,6.6
2024-12-17 21:27:33,129,12.9
2024-12-17 21:27:34,74,7.4
2024-12-17 21:27:35,69,6.9
2024-12-17 21:27:36,86,8.6
2024-12-17 21:27:37,120,12.0
2024-12-17 21:27:38,159,15.9
2024-12-17 21:27:39,51,5.1
2024-12-17 21:27:40,120,12.0
2024-12-17 21:27:41,149,14.9
2024-12-17 21:27:42,113,11.3
2024-12-17 21:27:43,125,12.5
2024-12-17 21:27:44,88,8.8
2024-12-17 21:27:45,78,7.8
2024-12-17 21:27:46,106,10.6
2024-12-17 21:27:47,138,13.8
2024-12-17 21:27:48,145,14.5
2024-12-17 21:27:49,112,11.2
2024-12-17 21:27:50,151,15.1
2024-12-17 21:27:51,114,11.4
2024-12-17 21:27:52,94,9.4
2024-12-17 21:27:53,131,13.1
2024-12-17 21:27:54,72,7.2
2024-12-17 21:27:55,132,13.2
2024-12-17 21:27:56,63,6.3
2024-12-17 21:27:57,99,9.9
2024-12-17 21:27:58,130,13.0
2024-12-17 21:27:59,106,10.6
2024-12-17 21:28:00,58,5.8
2024-12-17 21:28:01,59,5.9
2024-12-17 21:28:02,86,8.6
2024-12-17 21:28:03,85,8.5
2024-12-17 21:28:04,61,6.1
2024-12-17 21:28:05,69,6.9
2024-12-17 21:28:06,107,10.7
2024-12-17 21:28:07,98,9.8
2024-12-17 21:28:08,146,14.6
2024-12-17 21:28:09,158,15.8
2024-12-17 21:28:10,159,15.9
2024-12-17 21:28:11,86,8.6
2024-12-17 21:28:12,120,12.0
2024-12-17 21:28:13,72,7.2
2024-12-17 21:28:14,101,10.1
2024-12-17 21:28:15,140,14.0
2024-12-17 21:28:16,97,9.7
2024-12-17 21:28:17,95,9.5
2024-12-17 21:28:18,88,8.8
2024-12-17 21:28:19,90,9.0
2024-12-17 21:28:20,152,15.2
2024-12-17 21:28:21,94,9.4
2024-12-17 21:28:22,115,11.5
2024-12-17 21:28:23,65,6.5
2024-12-17 21:28:24,86,8.6
2024-12-17 21:28:25,154,15.4
2024-12-17 21:28:26,159,15.9
2024-12-17 21:28:27,74,7.4
2024-12-17 21:28:28,131,13.1
2024-12-17 21:28:29,77,7.7
2024-12-17 21:28:30,53,5.3
2024-12-17 21:28:31,119,11.9
2024-12-17 21:28:32,58,5.8
2024-12-17 21:28:33,95,9.5
2024-12-17 21:28:34,127,12.7
2024-12-17 21:28:35,128,12.8
2024-12-17 21:28:36,139,13.9
2024-12-17 21:28:37,127,12.7
2024-12-17 21:28:38,125,12.5
2024-12-17 21:28:39,130,13.0
2024-12-17 21:28:40,54,5.4
2024-12-17 21:28:41,86,8.6
2024-12-17 21:28:42,75,7.5
2024-12-17 21:28:43,121,12.1
2024-12-17 21:28:44,110,11.0
2024-12-17 21:28:45,132,13.2
2024-12-17 21:28:46,105,10.5
2024-12-17 21:28:47,127,12.7
2024-12-17 21:28:48,143,14.3
2024-12-17 21:28:49,127,12.7
2024-12-17 21:28:50,158,15.8
2024-12-17 21:28:51,110,11.0
2024-12-17 21:28:52,157,15.7
2024-12-17 21:28:53,71,7.1
2024-12-17 21:28:54,130,13.0
2024-12-17 21:28:55,156,15.6
2024-12-17 21:28:56,92,9.2
2024-12-17 21:28:57,84,8.4
2024-12-17 21:28:58,85,8.5
2024-12-17 21:28:59,155,15.5
2024-12-17 21:29:00,56,5.6
2024-12-17 21:29:01,92,9.2
2024-12-17 21:29:02,56,5.6
2024-12-17 21:29:03,107,10.7
2024-12-17 21:29:04,143,14.3
2024-12-17 21:29:05,152,15.2
2024-12-17 21:29:06,82,8.2
2024-12-17 21:29:07,131,13.1
2024-12-17 21:29:08,119,11.9
2024-12-17 21:29:09,58,5.8
2024-12-17 21:29:10,131,13.1
2024-12-17 21:29:11,61,6.1
2024-12-17 21:29:12,138,13.8
2024-12-17 21:29:13,51,5.1
2024-12-17 21:29:14,111,11.1
2024-12-17 21:29:15,78,7.8
2024-12-17 21:29:16,126,12.6
2024-12-17 21:29:17,128,12.8
2024-12-17 21:29:18,74,7.4
2024-12-17 21:29:19,109,10.9
2024-12-17 21:29:20,52,5.2
2024-12-17 21:29:21,87,8.7
2024-12-17 21:29:22,133,13.3
2024-12-17 21:29:23,128,12.8
2024-12-17 21:29:24,72,7.2
2024-12-17 21:29:25,160,16.0
2024-12-17 21:29:26,124,12.4
2024-12-17 21:29:27,140,14.0
2024-12-17 21:29:28,74,7.4
2024-12-17 21:29:29,70,7.0
2024-12-17 21:29:30,146,14.6
2024-12-17 21:29:31,138,13.8
2024-12-17 21:29:32,110,11.0
2024-12-17 21:29:33,123,12.3
2024-12-17 21:29:34,106,10.6
2024-12-17 21:29:35,148,14.8
2024-12-17 21:29:36,58,5.8
2024-12-17 21:29:37,50,5.0
2024-12-17 21:29:38,108,10.8
2024-12-17 21:29:39,66,6.6
2024-12-17 21:29:40,129,12.9
2024-12-17 21:29:41,124,12.4
2024-12-17 21:29:42,50,5.0
2024-12-17 21:29:43,78,7.8
2024-12-17 21:29:44,71,7.1
2024-12-17 21:29:45,128,12.8
2024-12-17 21:29:46,99,9.9
2024-12-17 21:29:47,82,8.2
2024-12-17 21:29:48,136,13.6
2024-12-17 21:29:49,119,11.9
2024-12-17 21:29:50,73,7.3
2024-12-17 21:29:51,94,9.4
2024-12-17 21:29:52,159,15.9
2024-12-17 21:29:53,113,11.3
2024-12-17 21:29:54,107,10.7
2024-12-17 21:29:55,108,10.8
2024-12-17 21:29:56,92,9.2
2024-12-17 21:29:57,141,14.1
2024-12-17 21:29:58,56,5.6
2024-12-17 21:29:59,131,13.1
2024-12-17 21:30:00,66,6.6
2024-12-17 21:30:01,130,13.0
2024-12-17 21:30:02,160,16.0
2024-12-17 21:30:03,158,15.8
2024-12-17 21:30:04,117,11.7
2024-12-17 21:30:05,118,11.8
2024-12-17 21:30:06,74,7.4
2024-12-17 21:30:07,79,7.9
2024-12-17 21:30:08,127,12.7
2024-12-17 21:30:09,73,7.3
2024-12-17 21:30:10,122,12.2
2024-12-17 21:30:11,93,9.3
2024-12-17 21:30:12,109,10.9
2024-12-17 21:30:13,120,12.0
2024-12-17 21:30:14,147,14.7
2024-12-17 21:30:15,61,6.1
2024-12-17 21:30:16,85,8.5
2024-12-17 21:30:17,151,15.1
2024-12-17 21:30:18,63,6.3
2024-12-17 21:30:19,64,6.4
2024-12-17 21:30:20,142,14.2
2024-12-17 21:30:21,149,14.9
2024-12-17 21:30:22,57,5.7
2024-12-17 21:30:23,77,7.7
2024-12-17 21:30:24,55,5.5
2024-12-17 21:30:25,56,5.6
2024-12-17 21:30:26,79,7.9
2024-12-17 21:30:27,149,14.9
2024-12-17 21:30:28,148,14.8
2024-12-17 21:30:29,106,10.6
2024-12-17 21:30:30,141,14.1
2024-12-17 21:30:31,62,6.2
2024-12-17 21:30:32,160,16.0
2024-12-17 21:30:33,66,6.6
2024-12-17 21:30:34,66,6.6
2024-12-17 21:30:35,70,7.0
2024-12-17 21:30:36,127,12.7
2024-12-17 21:30:37,74,7.4
2024-12-17 21:30:38,59,5.9
2024-12-17 21:30:39,87,8.7
2024-12-17 21:30:40,85,8.5
2024-12-17 21:30:41,84,8.4
2024-12-17 21:30:42,70,7.0
2024-12-17 21:30:43,106,10.6
2024-12-17 21:30:44,145,14.5
2024-12-17 21:30:45,150,15.0
2024-12-17 21:30:46,127,12.7
2024-12-17 21:30:47,143,14.3
2024-12-17 21:30:48,97,9.7
2024-12-17 21:30:49,133,13.3
2024-12-17 21:30:50,137,13.7
2024-12-17 21:30:51,119,11.9
2024-12-17 21:30:52,101,10.1
2024-12-17 21:30:53,64,6.4
2024-12-17 21:30:54,111,11.1
2024-12-17 21:30:55,102,10.2
2024-12-17 21:30:56,106,10.6
2024-12-17 21:30:57,141,14.1
2024-12-17 21:30:58,101,10.1
2024-12-17 21:30:59,71,7.1
2024-12-17 21:31:00,108,10.8
2024-12-17 21:31:01,52,5.2
2024-12-17 21:31:02,119,11.9
2024-12-17 21:31:03,86,8.6
2024-12-17 21:31:04,129,12.9
2024-12-17 21:31:05,65,6.5
2024-12-17 21:31:06,63,6.3
2024-12-17 21:31:07,139,13.9
2024-12-17 21:31:08,119,11.9
2024-12-17 21:31:09,135,13.5
2024-12-17 21:31:10,124,12.4
2024-12-17 21:31:11,55,5.5
2024-12-17 21:31:12,84,8.4
2024-12-17 21:31:13,51,5.1
2024-12-17 21:31:14,54,5.4
2024-12-17 21:31:15,102,10.2
2024-12-17 21:31:16,100,10.0
2024-12-17 21:31:17,61,6.1
2024-12-17 21:31:18,115,11.5
2024-12-17 21:31:19,95,9.5
2024-12-17 21:31:20,157,15.7
2024-12-17 21:31:21,136,13.6
2024-12-17 21:31:22,63,6.3
2024-12-17 21:31:23,110,11.0
2024-12-17 21:31:24,142,14.2
2024-12-17 21:31:25,140,14.0
2024-12-17 21:31:26,137,13.7
2024-12-17 21:31:27,159,15.9
2024-12-17 21:31:28,159,15.9
2024-12-17 21:31:29,92,9.2
2024-12-17 21:31:30,112,11.2
2024-12-17 21:31:31,78,7.8
2024-12-17 21:31:32,73,7.3
2024-12-17 21:31:33,134,13.4
2024-12-17 21:31:34,51,5.1
2024-12-17 21:31:35,78,7.8
2024-12-17 21:31:36,75,7.5
2024-12-17 21:31:37,69,6.9
2024-12-17 21:31:38,132,13.2
2024-12-17 21:31:39,85,8.5
2024-12-17 21:31:40,102,10.2
2024-12-17 21:31:41,63,6.3
2024-12-17 21:31:42,97,9.7
2024-12-17 21:31:43,103,10.3
2024-12-17 21:31:44,103,10.3
2024-12-17 21:31:45,102,10.2
2024-12-17 21:31:46,84,8.4
2024-12-17 21:31:47,144,14.4
2024-12-17 21:31:48,91,9.1
2024-12-17 21:31:49,130,13.0
2024-12-17 21:31:50,104,10.4
2024-12-17 21:31:51,63,6.3
2024-12-17 21:31:52,156,15.6
2024-12-17 21:31:53,87,8.7
2024-12-17 21:31:54,77,7.7
2024-12-17 21:31:55,151,15.1
2024-12-17 21:31:56,131,13.1
2024-12-17 21:31:57,136,13.6
2024-12-17 21:31:58,113,11.3
2024-12-17 21:31:59,159,15.9
2024-12-17 21:32:00,65,6.5
2024-12-17 21:32:01,136,13.6
2024-12-17 21:32:02,117,11.7
2024-12-17 21:32:03,95,9.5
2024-12-17 21:32:04,64,6.4
2024-12-17 21:32:05,129,12.9
2024-12-17 21:32:06,77,7.7
2024-12-17 21:32:07,82,8.2
2024-12-17 21:32:08,113,11.3
2024-12-17 21:32:09,143,14.3
2024-12-17 21:32:10,139,13.9
2024-12-17 21:32:11,126,12.6
2024-12-17 21:32:12,132,13.2
2024-12-17 21:32:13,160,16.0
2024-12-17 21:32:14,139,13.9
2024-12-17 21:32:15,62,6.2
2024-12-17 21:32:16,116,11.6
2024-12-17 21:32:17,150,15.0
2024-12-17 21:32:18,71,7.1
2024-12-17 21:32:19,139,13.9
2024-12-17 21:32:20,144,14.4
2024-12-17 21:32:21,126,12.6
2024-12-17 21:32:22,64,6.4
2024-12-17 21:32:23,158,15.8
2024-12-17 21:32:24,111,11.1
2024-12-17 21:32:25,74,7.4
2024-12-17 21:32:26,102,10.2
2024-12-17 21:32:27,99,9.9
2024-12-17 21:32:28,128,12.8
2024-12-17 21:32:29,132,13.2
2024-12-17 21:32:30,72,7.2
2024-12-17 21:32:31,126,12.6
2024-12-17 21:32:32,155,15.5
2024-12-17 21:32:33,69,6.9
2024-12-17 21:32:34,73,7.3
2024-12-17 21:32:35,99,9.9
2024-12-17 21:32:36,82,8.2
2024-12-17 21:32:37,59,5.9
2024-12-17 21:32:38,61,6.1
2024-12-17 21:32:39,145,14.5
2024-12-17 21:32:40,74,7.4
2024-12-17 21:32:41,100,10.0
2024-12-17 21:32:42,158,15.8
2024-12-17 21:32:43,127,12.7
2024-12-17 21:32:44,119,11.9
2024-12-17 21:32:45,58,5.8
2024-12-17 21:32:46,66,6.6
2024-12-17 21:32:47,145,14.5
2024-12-17 21:32:48,154,15.4
2024-12-17 21:32:49,157,15.7
2024-12-17 21:32:50,94,9.4
2024-12-17 21:32:51,77,7.7
2024-12-17 21:32:52,157,15.7
2024-12-17 21:32:53,157,15.7
2024-12-17 21:32:54,160,16.0
2024-12-17 21:32:55,118,11.8
2024-12-17 21:32:56,88,8.8
2024-12-17 21:32:57,50,5.0
2024-12-17 21:32:58,58,5.8
2024-12-17 21:32:59,81,8.1
2024-12-17 21:33:00,99,9.9
2024-12-17 21:33:01,86,8.6
2024-12-17 21:33:02,85,8.5
2024-12-17 21:33:03,104,10.4
2024-12-17 21:33:04,88,8.8
2024-12-17 21:33:05,129,12.9
2024-12-17 21:33:06,91,9.1
2024-12-17 21:33:07,84,8.4
2024-12-17 21:33:08,123,12.3
2024-12-17 21:33:09,121,12.1
2024-12-17 21:33:10,110,11.0
2024-12-17 21:33:11,122,12.2
2024-12-17 21:33:12,98,9.8
2024-12-17 21:33:13,79,7.9
2024-12-17 21:33:14,83,8.3
2024-12-17 21:33:15,72,7.2
2024-12-17 21:33:16,62,6.2
2024-12-17 21:33:17,123,12.3
2024-12-17 21:33:18,98,9.8
2024-12-17 21:33:19,114,11.4
2024-12-17 21:33:20,61,6.1
2024-12-17 21:33:21,67,6.7
2024-12-17 21:33:22,50,5.0
2024-12-17 21:33:23,158,15.8
2024-12-17 21:33:24,139,13.9
2024-12-17 21:33:25,153,15.3
2024-12-17 21:33:26,159,15.9
2024-12-17 21:33:27,118,11.8
2024-12-17 21:33:28,143,14.3
2024-12-17 21:33:29,137,13.7
2024-12-17 21:33:30,143,14.3
2024-12-17 21:33:31,104,10.4
2024-12-17 21:33:32,109,10.9
2024-12-17 21:33:33,142,14.2
2024-12-17 21:33:34,87,8.7
2024-12-17 21:33:35,103,10.3
2024-12-17 21:33:36,68,6.8
2024-12-17 21:33:37,128,12.8
2024-12-17 21:33:38,92,9.2
2024-12-17 21:33:39,94,9.4
2024-12-17 21:33:40,79,7.9
2024-12-17 21:33:41,51,5.1
2024-12-17 21:33:42,107,10.7
2024-12-17 21:33:43,85,8.5
2024-12-17 21:33:44,104,10.4
2024-12-17 21:33:45,57,5.7
2024-12-17 21:33:46,142,14.2
2024-12-17 21:33:47,58,5.8
2024-12-17 21:33:48,58,5.8
2024-12-17 21:33:49,152,15.2
2024-12-17 21:33:50,51,5.1
2024-12-17 21:33:51,107,10.7
2024-12-17 21:33:52,74,7.4
2024-12-17 21:33:53,53,5.3
2024-12-17 21:33:54,81,8.1
2024-12-17 21:33:55,98,9.8
2024-12-17 21:33:56,65,6.5
2024-12-17 21:33:57,140,14.0
2024-12-17 21:33:58,158,15.8
2024-12-17 21:33:59,149,14.9
2024-12-17 21:34:00,141,14.1
2024-12-17 21:34:01,97,9.7
2024-12-17 21:34:02,154,15.4
2024-12-17 21:34:03,132,13.2
2024-12-17 21:34:04,104,10.4
2024-12-17 21:34:05,53,5.3
2024-12-17 21:34:06,62,6.2
2024-12-17 21:34:07,159,15.9
2024-12-17 21:34:08,71,7.1
2024-12-17 21:34:09,136,13.6
2024-12-17 21:34:10,71,7.1
2024-12-17 21:34:11,50,5.0
2024-12-17 21:34:12,144,14.4
2024-12-17 21:34:13,84,8.4
2024-12-17 21:34:14,72,7.2
2024-12-17 21:34:15,141,14.1
2024-12-17 21:34:16,159,15.9
2024-12-17 21:34:17,148,14.8
2024-12-17 21:34:18,52,5.2
2024-12-17 21:34:19,135,13.5
2024-12-17 21:34:20,97,9.7
2024-12-17 21:34:21,119,11.9
2024-12-17 21:34:22,98,9.8
2024-12-17 21:34:23,87,8.7
2024-12-17 21:34:24,160,16.0
2024-12-17 21:34:25,59,5.9
2024-12-17 21:34:26,144,14.4
2024-12-17 21:34:27,73,7.3
2024-12-17 21:34:28,74,7.4
2024-12-17 21:34:29,96,9.6
2024-12-17 21:34:30,105,10.5
2024-12-17 21:34:31,144,14.4
2024-12-17 21:34:32,76,7.6
2024-12-17 21:34:33,103,10.3
2024-12-17 21:34:34,92,9.2
2024-12-17 21:34:35,120,12.0
2024-12-17 21:34:36,105,10.5
2024-12-17 21:34:37,123,12.3
2024-12-17 21:34:38,77,7.7
2024-12-17 21:34:39,99,9.9
2024-12-17 21:34:40,73,7.3
2024-12-17 21:34:41,72,7.2
2024-12-17 21:34:42,141,14.1
2024-12-17 21:34:43,124,12.4
2024-12-17 21:34:44,75,7.5
2024-12-17 21:34:45,72,7.2
2024-12-17 21:34:46,64,6.4
2024-12-17 21:34:47,61,6.1
2024-12-17 21:34:48,96,9.6
2024-12-17 21:34:49,72,7.2
2024-12-17 21:34:50,102,10.2
2024-12-17 21:34:51,153,15.3
2024-12-17 21:34:52,126,12.6
2024-12-17 21:34:53,77,7.7
2024-12-17 21:34:54,66,6.6
2024-12-17 21:34:55,104,10.4
2024-12-17 21:34:56,68,6.8
2024-12-17 21:34:57,134,13.4
2024-12-17 21:34:58,118,11.8
2024-12-17 21:34:59,156,15.6
2024-12-17 21:35:00,73,7.3
2024-12-17 21:35:01,59,5.9
2024-12-17 21:35:02,124,12.4
2024-12-17 21:35:03,92,9.2
2024-12-17 21:35:04,104,10.4
2024-12-17 21:35:05,66,6.6
2024-12-17 21:35:06,63,6.3
2024-12-17 21:35:07,111,11.1
2024-12-17 21:35:08,157,15.7
2024-12-17 21:35:09,69,6.9
2024-12-17 21:35:10,65,6.5
2024-12-17 21:35:11,110,11.0
2024-12-17 21:35:12,126,12.6
2024-12-17 21:35:13,111,11.1
2024-12-17 21:35:14,112,11.2
2024-12-17 21:35:15,148,14.8
2024-12-17 21:35:16,124,12.4
2024-12-17 21:35:17,107,10.7
2024-12-17 21:35:18,132,13.2
2024-12-17 21:35:19,60,6.0
2024-12-17 21:35:20,127,12.7
2024-12-17 21:35:21,134,13.4
2024-12-17 21:35:22,138,13.8
2024-12-17 21:35:23,59,5.9
2024-12-17 21:35:24,77,7.7
2024-12-17 21:35:25,109,10.9
2024-12-17 21:35:26,68,6.8
2024-12-17 21:35:27,67,6.7
2024-12-17 21:35:28,134,13.4
2024-12-17 21:35:29,120,12.0
2024-12-17 21:35:30,82,8.2
2024-12-17 21:35:31,117,11.7
2024-12-17 21:35:32,77,7.7
2024-12-17 21:35:33,143,14.3
2024-12-17 21:35:34,115,11.5
2024-12-17 21:35:35,124,12.4
2024-12-17 21:35:36,149,14.9
2024-12-17 21:35:37,83,8.3
2024-12-17 21:35:38,125,12.5
2024-12-17 21:35:39,82,8.2
2024-12-17 21:35:40,119,11.9
2024-12-17 21:35:41,129,12.9
2024-12-17 21:35:42,130,13.0
2024-12-17 21:35:43,53,5.3
2024-12-17 21:35:44,102,10.2
2024-12-17 21:35:45,132,13.2
2024-12-17 21:35:46,104,10.4
2024-12-17 21:35:47,63,6.3
2024-12-17 21:35:48,118,11.8
2024-12-17 21:35:49,145,14.5
2024-12-17 21:35:50,89,8.9
2024-12-17 21:35:51,151,15.1
2024-12-17 21:35:52,118,11.8
2024-12-17 21:35:53,79,7.9
2024-12-17 21:35:54,54,5.4
2024-12-17 21:35:55,125,12.5
2024-12-17 21:35:56,102,10.2
2024-12-17 21:35:57,54,5.4
2024-12-17 21:35:58,99,9.9
2024-12-17 21:35:59,157,15.7
2024-12-17 21:36:00,56,5.6
2024-12-17 21:36:01,55,5.5
2024-12-17 21:36:02,122,12.2
2024-12-17 21:36:03,61,6.1
2024-12-17 21:36:04,54,5.4
2024-12-17 21:36:05,113,11.3
2024-12-17 21:36:06,80,8.0
2024-12-17 21:36:07,93,9.3
2024-12-17 21:36:08,90,9.0
2024-12-17 21:36:09,99,9.9
2024-12-17 21:36:10,155,15.5
2024-12-17 21:36:11,74,7.4
2024-12-17 21:36:12,50,5.0
2024-12-17 21:36:13,160,16.0
2024-12-17 21:36:14,66,6.6
2024-12-17 21:36:15,128,12.8
2024-12-17 21:36:16,119,11.9
2024-12-17 21:36:17,65,6.5
2024-12-17 21:36:18,73,7.3
2024-12-17 21:36:19,56,5.6
2024-12-17 21:36:20,97,9.7
2024-12-17 21:36:21,142,14.2
2024-12-17 21:36:22,152,15.2
2024-12-17 21:36:23,56,5.6
2024-12-17 21:36:24,123,12.3
2024-12-17 21:36:25,81,8.1
2024-12-17 21:36:26,135,13.5
2024-12-17 21:36:27,133,13.3
2024-12-17 21:36:28,119,11.9
2024-12-17 21:36:29,87,8.7
2024-12-17 21:36:30,127,12.7
2024-12-17 21:36:31,51,5.1
2024-12-17 21:36:32,83,8.3
2024-12-17 21:36:33,60,6.0
2024-12-17 21:36:34,125,12.5
2024-12-17 21:36:35,119,11.9
2024-12-17 21:36:36,139,13.9
2024-12-17 21:36:37,102,10.2
2024-12-17 21:36:38,128,12.8
2024-12-17 21:36:39,72,7.2
2024-12-17 21:36:40,138,13.8
2024-12-17 21:36:41,75,7.5
2024-12-17 21:36:42,72,7.2
2024-12-17 21:36:43,119,11.9
2024-12-17 21:36:44,107,10.7
2024-12-17 21:36:45,90,9.0
2024-12-17 21:36:46,140,14.0
2024-12-17 21:36:47,55,5.5
2024-12-17 21:36:48,58,5.8
2024-12-17 21:36:49,56,5.6
2024-12-17 21:36:50,112,11.2
2024-12-17 21:36:51,83,8.3
2024-12-17 21:36:52,114,11.4
2024-12-17 21:36:53,119,11.9
2024-12-17 21:36:54,52,5.2
2024-12-17 21:36:55,68,6.8
2024-12-17 21:36:56,89,8.9
2024-12-17 21:36:57,103,10.3
2024-12-17 21:36:58,86,8.6
2024-12-17 21:36:59,145,14.5
2024-12-17 21:37:00,62,6.2
2024-12-17 21:37:01,122,12.2
2024-12-17 21:37:02,136,13.6
2024-12-17 21:37:03,156,15.6
2024-12-17 21:37:04,129,12.9
2024-12-17 21:37:05,84,8.4
2024-12-17 21:37:06,97,9.7
2024-12-17 21:37:07,73,7.3
2024-12-17 21:37:08,102,10.2
2024-12-17 21:37:09,99,9.9
2024-12-17 21:37:10,100,10.0
2024-12-17 21:37:11,58,5.8
2024-12-17 21:37:12,57,5.7
2024-12-17 21:37:13,105,10.5
2024-12-17 21:37:14,54,5.4
2024-12-17 21:37:15,144,14.4
2024-12-17 21:37:16,101,10.1
2024-12-17 21:37:17,154,15.4
2024-12-17 21:37:18,68,6.8
2024-12-17 21:37:19,99,9.9
2024-12-17 21:37:20,145,14.5
2024-12-17 21:37:21,51,5.1
2024-12-17 21:37:22,126,12.6
2024-12-17 21:37:23,145,14.5
2024-12-17 21:37:24,76,7.6
2024-12-17 21:37:25,118,11.8
2024-12-17 21:37:26,78,7.8
2024-12-17 21:37:27,89,8.9
2024-12-17 21:37:28,112,11.2
2024-12-17 21:37:29,69,6.9
2024-12-17 21:37:30,108,10.8
2024-12-17 21:37:31,117,11.7
2024-12-17 21:37:32,127,12.7
2024-12-17 21:37:33,66,6.6
2024-12-17 21:37:34,114,11.4
2024-12-17 21:37:35,144,14.4
2024-12-17 21:37:36,107,10.7
2024-12-17 21:37:37,136,13.6
2024-12-17 21:37:38,117,11.7
2024-12-17 21:37:39,92,9.2
2024-12-17 21:37:40,134,13.4
2024-12-17 21:37:41,91,9.1
2024-12-17 21:37:42,114,11.4
2024-12-17 21:37:43,112,11.2
2024-12-17 21:37:44,95,9.5
2024-12-17 21:37:45,60,6.0
2024-12-17 21:37:46,158,15.8
2024-12-17 21:37:47,53,5.3
2024-12-17 21:37:48,95,9.5
2024-12-17 21:37:49,128,12.8
2024-12-17 21:37:50,132,13.2
2024-12-17 21:37:51,153,15.3
2024-12-17 21:37:52,71,7.1
2024-12-17 21:37:53,80,8.0
2024-12-17 21:37:54,124,12.4
2024-12-17 21:37:55,155,15.5
2024-12-17 21:37:56,108,10.8
2024-12-17 21:37:57,62,6.2
2024-12-17 21:37:58,142,14.2
2024-12-17 21:37:59,70,7.0
2024-12-17 21:38:00,113,11.3
2024-12-17 21:38:01,134,13.4
2024-12-17 21:38:02,94,9.4
2024-12-17 21:38:03,69,6.9
2024-12-17 21:38:04,81,8.1
2024-12-17 21:38:05,110,11.0
2024-12-17 21:38:06,153,15.3
2024-12-17 21:38:07,71,7.1
2024-12-17 21:38:08,109,10.9
2024-12-17 21:38:09,143,14.3
2024-12-17 21:38:10,70,7.0
2024-12-17 21:38:11,89,8.9
2024-12-17 21:38:12,55,5.5
2024-12-17 21:38:13,111,11.1
2024-12-17 21:38:14,160,16.0
2024-12-17 21:38:15,74,7.4
2024-12-17 21:38:16,52,5.2
2024-12-17 21:38:17,55,5.5
2024-12-17 21:38:18,50,5.0
2024-12-17 21:38:19,122,12.2
2024-12-17 21:38:20,72,7.2
2024-12-17 21:38:21,91,9.1
2024-12-17 21:38:22,94,9.4
2024-12-17 21:38:23,122,12.2
2024-12-17 21:38:24,153,15.3
2024-12-17 21:38:25,113,11.3
2024-12-17 21:38:26,96,9.6
2024-12-17 21:38:27,94,9.4
2024-12-17 21:38:28,132,13.2
2024-12-17 21:38:29,150,15.0
2024-12-17 21:38:30,130,13.0
2024-12-17 21:38:31,59,5.9
2024-12-17 21:38:32,93,9.3
2024-12-17 21:38:33,160,16.0
2024-12-17 21:38:34,89,8.9
2024-12-17 21:38:35,141,14.1
2024-12-17 21:38:36,90,9.0
2024-12-17 21:38:37,156,15.6
2024-12-17 21:38:38,137,13.7
2024-12-17 21:38:39,61,6.1
2024-12-17 21:38:40,99,9.9
2024-12-17 21:38:41,137,13.7
2024-12-17 21:38:42,66,6.6
2024-12-17 21:38:43,113,11.3
2024-12-17 21:38:44,78,7.8
2024-12-17 21:38:45,111,11.1
2024-12-17 21:38:46,122,12.2
2024-12-17 21:38:47,139,13.9
2024-12-17 21:38:48,71,7.1
2024-12-17 21:38:49,109,10.9
2024-12-17 21:38:50,151,15.1
2024-12-17 21:38:51,151,15.1
2024-12-17 21:38:52,151,15.1
2024-12-17 21:38:53,107,10.7
2024-12-17 21:38:54,57,5.7
2024-12-17 21:38:55,65,6.5
2024-12-17 21:38:56,119,11.9
2024-12-17 21:38:57,121,12.1
2024-12-17 21:38:58,98,9.8
2024-12-17 21:38:59,95,9.5
2024-12-17 21:39:00,138,13.8
2024-12-17 21:39:01,155,15.5
2024-12-17 21:39:02,53,5.3
2024-12-17 21:39:03,135,13.5
2024-12-17 21:39:04,139,13.9
2024-12-17 21:39:05,78,7.8
2024-12-17 21:39:06,117,11.7
2024-12-17 21:39:07,133,13.3
2024-12-17 21:39:08,118,11.8
2024-12-17 21:39:09,144,14.4
2024-12-17 21:39:10,104,10.4
2024-12-17 21:39:11,118,11.8
2024-12-17 21:39:12,70,7.0
2024-12-17 21:39:13,126,12.6
2024-12-17 21:39:14,83,8.3
2024-12-17 21:39:15,57,5.7
2024-12-17 21:39:16,97,9.7
2024-12-17 21:39:17,160,16.0
2024-12-17 21:39:18,93,9.3
2024-12-17 21:39:19,84,8.4
2024-12-17 21:39:20,159,15.9
2024-12-17 21:39:21,113,11.3
2024-12-17 21:39:22,55,5.5
2024-12-17 21:39:23,116,11.6
2024-12-17 21:39:24,123,12.3
2024-12-17 21:39:25,75,7.5
2024-12-17 21:39:26,86,8.6
2024-12-17 21:39:27,153,15.3
2024-12-17 21:39:28,101,10.1
2024-12-17 21:39:29,90,9.0
2024-12-17 21:39:30,132,13.2
2024-12-17 21:39:31,101,10.1
2024-12-17 21:39:32,125,12.5
2024-12-17 21:39:33,104,10.4
2024-12-17 21:39:34,103,10.3
2024-12-17 21:39:35,85,8.5
2024-12-17 21:39:36,122,12.2
2024-12-17 21:39:37,103,10.3
2024-12-17 21:39:38,145,14.5
2024-12-17 21:39:39,70,7.0
2024-12-17 21:39:40,78,7.8
2024-12-17 21:39:41,61,6.1
2024-12-17 21:39:42,158,15.8
2024-12-17 21:39:43,93,9.3
2024-12-17 21:39:44,143,14.3
2024-12-17 21:39:45,56,5.6
2024-12-17 21:39:46,87,8.7
2024-12-17 21:39:47,150,15.0
2024-12-17 21:39:48,145,14.5
2024-12-17 21:39:49,141,14.1
2024-12-17 21:39:50,50,5.0
2024-12-17 21:39:51,102,10.2
2024-12-17 21:39:52,80,8.0
2024-12-17 21:39:53,145,14.5
2024-12-17 21:39:54,57,5.7
2024-12-17 21:39:55,118,11.8
2024-12-17 21:39:56,145,14.5
2024-12-17 21:39:57,68,6.8
2024-12-17 21:39:58,126,12.6
2024-12-17 21:39:59,136,13.6
2024-12-17 21:40:00,118,11.8
2024-12-17 21:40:01,129,12.9
2024-12-17 21:40:02,58,5.8
2024-12-17 21:40:03,115,11.5
2024-12-17 21:40:04,145,14.5
2024-12-17 21:40:05,88,8.8
2024-12-17 21:40:06,90,9.0
2024-12-17 21:40:07,115,11.5
2024-12-17 21:40:08,107,10.7
2024-12-17 21:40:09,105,10.5
2024-12-17 21:40:10,129,12.9
2024-12-17 21:40:11,134,13.4
2024-12-17 21:40:12,158,15.8
2024-12-17 21:40:13,115,11.5
2024-12-17 21:40:14,127,12.7
2024-12-17 21:40:15,85,8.5
2024-12-17 21:40:16,102,10.2
2024-12-17 21:40:17,95,9.5
2024-12-17 21:40:18,67,6.7
2024-12-17 21:40:19,125,12.5
2024-12-17 21:40:20,92,9.2
2024-12-17 21:40:21,60,6.0
2024-12-17 21:40:22,66,6.6
2024-12-17 21:40:23,118,11.8
2024-12-17 21:40:24,148,14.8
2024-12-17 21:40:25,118,11.8
2024-12-17 21:40:26,87,8.7
2024-12-17 21:40:27,146,14.6
2024-12-17 21:40:28,112,11.2
2024-12-17 21:40:29,93,9.3
2024-12-17 21:40:30,142,14.2
2024-12-17 21:40:31,76,7.6
2024-12-17 21:40:32,71,7.1
2024-12-17 21:40:33,77,7.7
2024-12-17 21:40:34,91,9.1
2024-12-17 21:40:35,71,7.1
2024-12-17 21:40:36,151,15.1
2024-12-17 21:40:37,120,12.0
2024-12-17 21:40:38,114,11.4
2024-12-17 21:40:39,139,13.9
2024-12-17 21:40:40,100,10.0
2024-12-17 21:40:41,113,11.3
2024-12-17 21:40:42,121,12.1
2024-12-17 21:40:43,160,16.0
2024-12-17 21:40:44,140,14.0
2024-12-17 21:40:45,134,13.4
2024-12-17 21:40:46,139,13.9
2024-12-17 21:40:47,64,6.4
2024-12-17 21:40:48,83,8.3
2024-12-17 21:40:49,72,7.2
2024-12-17 21:40:50,130,13.0
2024-12-17 21:40:51,84,8.4
2024-12-17 21:40:52,77,7.7
2024-12-17 21:40:53,102,10.2
2024-12-17 21:40:54,56,5.6
2024-12-17 21:40:55,120,12.0
2024-12-17 21:40:56,71,7.1
2024-12-17 21:40:57,136,13.6
2024-12-17 21:40:58,149,14.9
2024-12-17 21:40:59,157,15.7
2024-12-17 21:41:00,106,10.6
2024-12-17 21:41:01,65,6.5
2024-12-17 21:41:02,79,7.9
2024-12-17 21:41:03,125,12.5
2024-12-17 21:41:04,135,13.5
2024-12-17 21:41:05,104,10.4
2024-12-17 21:41:06,84,8.4
2024-12-17 21:41:07,113,11.3
2024-12-17 21:41:08,118,11.8
2024-12-17 21:41:09,159,15.9
2024-12-17 21:41:10,81,8.1
2024-12-17 21:41:11,83,8.3
2024-12-17 21:41:12,149,14.9
2024-12-17 21:41:13,82,8.2
2024-12-17 21:41:14,73,7.3
2024-12-17 21:41:15,135,13.5
2024-12-17 21:41:16,142,14.2
2024-12-17 21:41:17,152,15.2
2024-12-17 21:41:18,60,6.0
2024-12-17 21:41:19,132,13.2
2024-12-17 21:41:20,115,11.5
2024-12-17 21:41:21,151,15.1
2024-12-17 21:41:22,158,15.8
2024-12-17 21:41:23,140,14.0
2024-12-17 21:41:24,153,15.3
2024-12-17 21:41:25,122,12.2
2024-12-17 21:41:26,154,15.4
2024-12-17 21:41:27,93,9.3
2024-12-17 21:41:28,67,6.7
2024-12-17 21:41:29,82,8.2
2024-12-17 21:41:30,142,14.2
2024-12-17 21:41:31,111,11.1
2024-12-17 21:41:32,64,6.4
2024-12-17 21:41:33,83,8.3
2024-12-17 21:41:34,116,11.6
2024-12-17 21:41:35,57,5.7
2024-12-17 21:41:36,58,5.8
2024-12-17 21:41:37,83,8.3
2024-12-17 21:41:38,146,14.6
2024-12-17 21:41:39,155,15.5
2024-12-17 21:41:40,132,13.2
2024-12-17 21:41:41,144,14.4
2024-12-17 21:41:42,150,15.0
2024-12-17 21:41:43,109,10.9
2024-12-17 21:41:44,118,11.8
2024-12-17 21:41:45,104,10.4
2024-12-17 21:41:46,138,13.8
2024-12-17 21:41:47,81,8.1
2024-12-17 21:41:48,107,10.7
2024-12-17 21:41:49,110,11.0
2024-12-17 21:41:50,72,7.2
2024-12-17 21:41:51,73,7.3
2024-12-17 21:41:52,64,6.4
2024-12-17 21:41:53,116,11.6
2024-12-17 21:41:54,113,11.3
2024-12-17 21:41:55,85,8.5
2024-12-17 21:41:56,89,8.9
2024-12-17 21:41:57,62,6.2
2024-12-17 21:41:58,85,8.5
2024-12-17 21:41:59,116,11.6
2024-12-17 21:42:00,145,14.5
2024-12-17 21:42:01,62,6.2
2024-12-17 21:42:02,142,14.2
2024-12-17 21:42:03,79,7.9
2024-12-17 21:42:04,72,7.2
2024-12-17 21:42:05,59,5.9
2024-12-17 21:42:06,75,7.5
2024-12-17 21:42:07,114,11.4
2024-12-17 21:42:08,64,6.4
2024-12-17 21:42:09,126,12.6
2024-12-17 21:42:10,100,10.0
2024-12-17 21:42:11,73,7.3
2024-12-17 21:42:12,154,15.4
2024-12-17 21:42:13,126,12.6
2024-12-17 21:42:14,85,8.5
2024-12-17 21:42:15,113,11.3
2024-12-17 21:42:16,63,6.3
2024-12-17 21:42:17,131,13.1
2024-12-17 21:42:18,146,14.6
2024-12-17 21:42:19,118,11.8
2024-12-17 21:42:20,107,10.7
2024-12-17 21:42:21,157,15.7
2024-12-17 21:42:22,61,6.1
2024-12-17 21:42:23,64,6.4
2024-12-17 21:42:24,147,14.7
2024-12-17 21:42:25,132,13.2
2024-12-17 21:42:26,132,13.2
2024-12-17 21:42:27,147,14.7
2024-12-17 21:42:28,60,6.0
2024-12-17 21:42:29,98,9.8
2024-12-17 21:42:30,100,10.0
2024-12-17 21:42:31,133,13.3
2024-12-17 21:42:32,156,15.6
2024-12-17 21:42:33,112,11.2
2024-12-17 21:42:34,148,14.8
2024-12-17 21:42:35,136,13.6
2024-12-17 21:42:36,129,12.9
2024-12-17 21:42:37,151,15.1
2024-12-17 21:42:38,156,15.6
2024-12-17 21:42:39,127,12.7
2024-12-17 21:42:40,141,14.1
2024-12-17 21:42:41,158,15.8
2024-12-17 21:42:42,139,13.9
2024-12-17 21:42:43,133,13.3
2024-12-17 21:42:44,82,8.2
2024-12-17 21:42:45,52,5.2
2024-12-17 21:42:46,114,11.4
2024-12-17 21:42:47,136,13.6
2024-12-17 21:42:48,116,11.6
2024-12-17 21:42:49,97,9.7
2024-12-17 21:42:50,60,6.0
2024-12-17 21:42:51,147,14.7
2024-12-17 21:42:52,137,13.7
2024-12-17 21:42:53,96,9.6
2024-12-17 21:42:54,103,10.3
2024-12-17 21:42:55,99,9.9
2024-12-17 21:42:56,92,9.2
2024-12-17 21:42:57,69,6.9
2024-12-17 21:42:58,152,15.2
2024-12-17 21:42:59,99,9.9
2024-12-17 21:43:00,80,8.0
2024-12-17 21:43:01,87,8.7
2024-12-17 21:43:02,89,8.9
2024-12-17 21:43:03,55,5.5
2024-12-17 21:43:04,52,5.2
2024-12-17 21:43:05,52,5.2
2024-12-17 21:43:06,71,7.1
2024-12-17 21:43:07,128,12.8
2024-12-17 21:43:08,79,7.9
2024-12-17 21:43:09,73,7.3
2024-12-17 21:43:10,67,6.7
2024-12-17 21:43:11,160,16.0
2024-12-17 21:43:12,135,13.5
2024-12-17 21:43:13,95,9.5
2024-12-17 21:43:14,147,14.7
2024-12-17 21:43:15,64,6.4
2024-12-17 21:43:16,61,6.1
2024-12-17 21:43:17,143,14.3
2024-12-17 21:43:18,112,11.2
2024-12-17 21:43:19,154,15.4
2024-12-17 21:43:20,147,14.7
2024-12-17 21:43:21,120,12.0
2024-12-17 21:43:22,129,12.9
2024-12-17 21:43:23,52,5.2
2024-12-17 21:43:24,76,7.6
2024-12-17 21:43:25,148,14.8
2024-12-17 21:43:26,116,11.6
2024-12-17 21:43:27,133,13.3
2024-12-17 21:43:28,118,11.8
2024-12-17 21:43:29,54,5.4
2024-12-17 21:43:30,131,13.1
2024-12-17 21:43:31,151,15.1
2024-12-17 21:43:32,119,11.9
2024-12-17 21:43:33,114,11.4
2024-12-17 21:43:34,112,11.2
2024-12-17 21:43:35,92,9.2
2024-12-17 21:43:36,63,6.3
2024-12-17 21:43:37,159,15.9
2024-12-17 21:43:38,99,9.9
2024-12-17 21:43:39,79,7.9
2024-12-17 21:43:40,67,6.7
2024-12-17 21:43:41,149,14.9
2024-12-17 21:43:42,85,8.5
2024-12-17 21:43:43,50,5.0
2024-12-17 21:43:44,113,11.3
2024-12-17 21:43:45,143,14.3
2024-12-17 21:43:46,114,11.4
2024-12-17 21:43:47,93,9.3
2024-12-17 21:43:48,140,14.0
2024-12-17 21:43:49,60,6.0
2024-12-17 21:43:50,74,7.4
2024-12-17 21:43:51,77,7.7
2024-12-17 21:43:52,110,11.0
2024-12-17 21:43:53,108,10.8
2024-12-17 21:43:54,80,8.0
2024-12-17 21:43:55,107,10.7
2024-12-17 21:43:56,61,6.1
2024-12-17 21:43:57,82,8.2
2024-12-17 21:43:58,103,10.3
2024-12-17 21:43:59,99,9.9
2024-12-17 21:44:00,144,14.4
2024-12-17 21:44:01,146,14.6
2024-12-17 21:44:02,61,6.1
2024-12-17 21:44:03,100,10.0
2024-12-17 21:44:04,90,9.0
2024-12-17 21:44:05,92,9.2
2024-12-17 21:44:06,64,6.4
2024-12-17 21:44:07,70,7.0
2024-12-17 21:44:08,67,6.7
2024-12-17 21:44:09,151,15.1
2024-12-17 21:44:10,135,13.5
2024-12-17 21:44:11,130,13.0
2024-12-17 21:44:12,110,11.0
2024-12-17 21:44:13,113,11.3
2024-12-17 21:44:14,81,8.1
2024-12-17 21:44:15,140,14.0
2024-12-17 21:44:16,121,12.1
2024-12-17 21:44:17,69,6.9
2024-12-17 21:44:18,74,7.4
2024-12-17 21:44:19,141,14.1
2024-12-17 21:44:20,98,9.8
2024-12-17 21:44:21,138,13.8
2024-12-17 21:44:22,144,14.4
2024-12-17 21:44:23,93,9.3
2024-12-17 21:44:24,93,9.3
2024-12-17 21:44:25,102,10.2
2024-12-17 21:44:26,58,5.8
2024-12-17 21:44:27,109,10.9
2024-12-17 21:44:28,130,13.0
2024-12-17 21:44:29,124,12.4
2024-12-17 21:44:30,121,12.1
2024-12-17 21:44:31,135,13.5
2024-12-17 21:44:32,52,5.2
2024-12-17 21:44:33,70,7.0
2024-12-17 21:44:34,150,15.0
2024-12-17 21:44:35,113,11.3
2024-12-17 21:44:36,138,13.8
2024-12-17 21:44:37,130,13.0
2024-12-17 21:44:38,125,12.5
2024-12-17 21:44:39,91,9.1
2024-12-17 21:44:40,95,9.5
2024-12-17 21:44:41,126,12.6
2024-12-17 21:44:42,65,6.5
2024-12-17 21:44:43,140,14.0
2024-12-17 21:44:44,113,11.3
2024-12-17 21:44:45,117,11.7
2024-12-17 21:44:46,72,7.2
2024-12-17 21:44:47,140,14.0
2024-12-17 21:44:48,95,9.5
2024-12-17 21:44:49,55,5.5
2024-12-17 21:44:50,147,14.7
2024-12-17 21:44:51,99,9.9
2024-12-17 21:44:52,86,8.6
2024-12-17 21:44:53,76,7.6
2024-12-17 21:44:54,114,11.4
2024-12-17 21:44:55,110,11.0
2024-12-17 21:44:56,122,12.2
2024-12-17 21:44:57,60,6.0
2024-12-17 21:44:58,146,14.6
2024-12-17 21:44:59,102,10.2
2024-12-17 21:45:00,106,10.6
2024-12-17 21:45:01,87,8.7
2024-12-17 21:45:02,145,14.5
2024-12-17 21:45:03,106,10.6
2024-12-17 21:45:04,52,5.2
2024-12-17 21:45:05,100,10.0
2024-12-17 21:45:06,129,12.9
2024-12-17 21:45:07,160,16.0
2024-12-17 21:45:08,110,11.0
2024-12-17 21:45:09,57,5.7
2024-12-17 21:45:10,83,8.3
2024-12-17 21:45:11,127,12.7
2024-12-17 21:45:12,124,12.4
2024-12-17 21:45:13,64,6.4
2024-12-17 21:45:14,96,9.6
2024-12-17 21:45:15,150,15.0
2024-12-17 21:45:16,129,12.9
2024-12-17 21:45:17,81,8.1
2024-12-17 21:45:18,92,9.2
2024-12-17 21:45:19,123,12.3
2024-12-17 21:45:20,135,13.5
2024-12-17 21:45:21,143,14.3
2024-12-17 21:45:22,59,5.9
2024-12-17 21:45:23,100,10.0
2024-12-17 21:45:24,112,11.2
2024-12-17 21:45:25,53,5.3
2024-12-17 21:45:26,133,13.3
2024-12-17 21:45:27,103,10.3
2024-12-17 21:45:28,143,14.3
2024-12-17 21:45:29,124,12.4
2024-12-17 21:45:30,146,14.6
2024-12-17 21:45:31,159,15.9
2024-12-17 21:45:32,69,6.9
2024-12-17 21:45:33,157,15.7
2024-12-17 21:45:34,112,11.2
2024-12-17 21:45:35,106,10.6
2024-12-17 21:45:36,157,15.7
2024-12-17 21:45:37,148,14.8
2024-12-17 21:45:38,114,11.4
2024-12-17 21:45:39,158,15.8
2024-12-17 21:45:40,116,11.6
2024-12-17 21:45:41,52,5.2
2024-12-17 21:45:42,81,8.1
2024-12-17 21:45:43,146,14.6
2024-12-17 21:45:44,79,7.9
2024-12-17 21:45:45,68,6.8
2024-12-17 21:45:46,62,6.2
2024-12-17 21:45:47,62,6.2
2024-12-17 21:45:48,79,7.9
2024-12-17 21:45:49,148,14.8
2024-12-17 21:45:50,104,10.4
2024-12-17 21:45:51,75,7.5
2024-12-17 21:45:52,87,8.7
2024-12-17 21:45:53,78,7.8
2024-12-17 21:45:54,65,6.5
2024-12-17 21:45:55,126,12.6
2024-12-17 21:45:56,151,15.1
2024-12-17 21:45:57,148,14.8
2024-12-17 21:45:58,116,11.6
2024-12-17 21:45:59,143,14.3
2024-12-17 21:46:00,145,14.5
2024-12-17 21:46:01,127,12.7
2024-12-17 21:46:02,106,10.6
2024-12-17 21:46:03,62,6.2
2024-12-17 21:46:04,145,14.5
2024-12-17 21:46:05,97,9.7
2024-12-17 21:46:06,54,5.4
2024-12-17 21:46:07,126,12.6
2024-12-17 21:46:08,139,13.9
2024-12-17 21:46:09,145,14.5
2024-12-17 21:46:10,57,5.7
2024-12-17 21:46:11,131,13.1
2024-12-17 21:46:12,121,12.1
2024-12-17 21:46:13,127,12.7
2024-12-17 21:46:14,68,6.8
2024-12-17 21:46:15,92,9.2
2024-12-17 21:46:16,61,6.1
2024-12-17 21:46:17,142,14.2
2024-12-17 21:46:18,129,12.9
2024-12-17 21:46:19,115,11.5
2024-12-17 21:46:20,82,8.2
2024-12-17 21:46:21,116,11.6
2024-12-17 21:46:22,98,9.8
2024-12-17 21:46:23,128,12.8
2024-12-17 21:46:24,55,5.5
2024-12-17 21:46:25,87,8.7
2024-12-17 21:46:26,103,10.3
2024-12-17 21:46:27,95,9.5
2024-12-17 21:46:28,60,6.0
2024-12-17 21:46:29,67,6.7
2024-12-17 21:46:30,138,13.8
2024-12-17 21:46:31,99,9.9
2024-12-17 21:46:32,105,10.5
2024-12-17 21:46:33,105,10.5
2024-12-17 21:46:34,141,14.1
2024-12-17 21:46:35,107,10.7
2024-12-17 21:46:36,158,15.8
2024-12-17 21:46:37,98,9.8
2024-12-17 21:46:38,141,14.1
2024-12-17 21:46:39,83,8.3
2024-12-17 21:46:40,98,9.8
2024-12-17 21:46:41,116,11.6
2024-12-17 21:46:42,79,7.9
2024-12-17 21:46:43,142,14.2
2024-12-17 21:46:44,62,6.2
2024-12-17 21:46:45,156,15.6
2024-12-17 21:46:46,110,11.0
2024-12-17 21:46:47,147,14.7
2024-12-17 21:46:48,112,11.2
2024-12-17 21:46:49,108,10.8
2024-12-17 21:46:50,156,15.6
2024-12-17 21:46:51,58,5.8
2024-12-17 21:46:52,132,13.2
2024-12-17 21:46:53,108,10.8
2024-12-17 21:46:54,116,11.6
2024-12-17 21:46:55,89,8.9
2024-12-17 21:46:56,60,6.0
2024-12-17 21:46:57,98,9.8
2024-12-17 21:46:58,145,14.5
2024-12-17 21:46:59,94,9.4
2024-12-17 21:47:00,122,12.2
2024-12-17 21:47:01,151,15.1
2024-12-17 21:47:02,76,7.6
2024-12-17 21:47:03,63,6.3
2024-12-17 21:47:04,71,7.1
2024-12-17 21:47:05,143,14.3
2024-12-17 21:47:06,109,10.9
2024-12-17 21:47:07,101,10.1
2024-12-17 21:47:08,140,14.0
2024-12-17 21:47:09,85,8.5
2024-12-17 21:47:10,122,12.2
2024-12-17 21:47:11,60,6.0
2024-12-17 21:47:12,131,13.1
2024-12-17 21:47:13,127,12.7
2024-12-17 21:47:14,139,13.9
2024-12-17 21:47:15,69,6.9
2024-12-17 21:47:16,127,12.7
2024-12-17 21:47:17,80,8.0
2024-12-17 21:47:18,100,10.0
2024-12-17 21:47:19,119,11.9
2024-12-17 21:47:20,159,15.9
2024-12-17 21:47:21,108,10.8
2024-12-17 21:47:22,91,9.1
2024-12-17 21:47:23,73,7.3
2024-12-17 21:47:24,68,6.8
2024-12-17 21:47:25,117,11.7
2024-12-17 21:47:26,66,6.6
2024-12-17 21:47:27,159,15.9
2024-12-17 21:47:28,92,9.2
2024-12-17 21:47:29,54,5.4
2024-12-17 21:47:30,140,14.0
2024-12-17 21:47:31,119,11.9
2024-12-17 21:47:32,111,11.1
2024-12-17 21:47:33,54,5.4
2024-12-17 21:47:34,78,7.8
2024-12-17 21:47:35,104,10.4
2024-12-17 21:47:36,141,14.1
2024-12-17 21:47:37,120,12.0
2024-12-17 21:47:38,57,5.7
2024-12-17 21:47:39,148,14.8
2024-12-17 21:47:40,82,8.2
2024-12-17 21:47:41,65,6.5
2024-12-17 21:47:42,143,14.3
2024-12-17 21:47:43,144,14.4
2024-12-17 21:47:44,61,6.1
2024-12-17 21:47:45,91,9.1
2024-12-17 21:47:46,61,6.1
2024-12-17 21:47:47,69,6.9
2024-12-17 21:47:48,145,14.5
2024-12-17 21:47:49,87,8.7
2024-12-17 21:47:50,90,9.0
2024-12-17 21:47:51,116,11.6
2024-12-17 21:47:52,67,6.7
2024-12-17 21:47:53,97,9.7
2024-12-17 21:47:54,61,6.1
2024-12-17 21:47:55,66,6.6
2024-12-17 21:47:56,156,15.6
2024-12-17 21:47:57,101,10.1
2024-12-17 21:47:58,72,7.2
2024-12-17 21:47:59,88,8.8
2024-12-17 21:48:00,83,8.3
2024-12-17 21:48:01,114,11.4
2024-12-17 21:48:02,57,5.7
2024-12-17 21:48:03,127,12.7
2024-12-17 21:48:04,152,15.2
2024-12-17 21:48:05,70,7.0
2024-12-17 21:48:06,74,7.4
2024-12-17 21:48:07,149,14.9
2024-12-17 21:48:08,123,12.3
2024-12-17 21:48:09,97,9.7
2024-12-17 21:48:10,51,5.1
2024-12-17 21:48:11,58,5.8
2024-12-17 21:48:12,83,8.3
2024-12-17 21:48:13,94,9.4
2024-12-17 21:48:14,98,9.8
2024-12-17 21:48:15,148,14.8
2024-12-17 21:48:16,89,8.9
2024-12-17 21:48:17,118,11.8
2024-12-17 21:48:18,56,5.6
2024-12-17 21:48:19,71,7.1
2024-12-17 21:48:20,67,6.7
2024-12-17 21:48:21,120,12.0
2024-12-17 21:48:22,154,15.4
2024-12-17 21:48:23,153,15.3
2024-12-17 21:48:24,146,14.6
2024-12-17 21:48:25,119,11.9
2024-12-17 21:48:26,130,13.0
2024-12-17 21:48:27,81,8.1
2024-12-17 21:48:28,120,12.0
2024-12-17 21:48:29,115,11.5
2024-12-17 21:48:30,155,15.5
2024-12-17 21:48:31,111,11.1
2024-12-17 21:48:32,62,6.2
2024-12-17 21:48:33,132,13.2
2024-12-17 21:48:34,65,6.5
2024-12-17 21:48:35,156,15.6
2024-12-17 21:48:36,84,8.4
2024-12-17 21:48:37,129,12.9
2024-12-17 21:48:38,100,10.0
2024-12-17 21:48:39,71,7.1
2024-12-17 21:48:40,72,7.2
2024-12-17 21:48:41,158,15.8
2024-12-17 21:48:42,66,6.6
2024-12-17 21:48:43,66,6.6
2024-12-17 21:48:44,109,10.9
2024-12-17 21:48:45,116,11.6
2024-12-17 21:48:46,156,15.6
2024-12-17 21:48:47,93,9.3
2024-12-17 21:48:48,130,13.0
2024-12-17 21:48:49,112,11.2
2024-12-17 21:48:50,155,15.5
2024-12-17 21:48:51,63,6.3
2024-12-17 21:48:52,83,8.3
2024-12-17 21:48:53,140,14.0
2024-12-17 21:48:54,145,14.5
2024-12-17 21:48:55,103,10.3
2024-12-17 21:48:56,68,6.8
2024-12-17 21:48:57,110,11.0
2024-12-17 21:48:58,81,8.1
2024-12-17 21:48:59,72,7.2
2024-12-17 21:49:00,157,15.7
2024-12-17 21:49:01,131,13.1
2024-12-17 21:49:02,118,11.8
2024-12-17 21:49:03,160,16.0
2024-12-17 21:49:04,138,13.8
2024-12-17 21:49:05,124,12.4
2024-12-17 21:49:06,147,14.7
2024-12-17 21:49:07,109,10.9
2024-12-17 21:49:08,74,7.4
2024-12-17 21:49:09,143,14.3
2024-12-17 21:49:10,88,8.8
2024-12-17 21:49:11,66,6.6
2024-12-17 21:49:12,57,5.7
2024-12-17 21:49:13,94,9.4
2024-12-17 21:49:14,142,14.2
2024-12-17 21:49:15,125,12.5
2024-12-17 21:49:16,160,16.0
2024-12-17 21:49:17,139,13.9
2024-12-17 21:49:18,114,11.4
2024-12-17 21:49:19,112,11.2
2024-12-17 21:49:20,94,9.4
2024-12-17 21:49:21,109,10.9
2024-12-17 21:49:22,153,15.3
2024-12-17 21:49:23,72,7.2
2024-12-17 21:49:24,129,12.9
2024-12-17 21:49:25,151,15.1
2024-12-17 21:49:26,101,10.1
2024-12-17 21:49:27,140,14.0
2024-12-17 21:49:28,156,15.6
2024-12-17 21:49:29,136,13.6
2024-12-17 21:49:30,112,11.2
2024-12-17 21:49:31,60,6.0
2024-12-17 21:49:32,98,9.8
2024-12-17 21:49:33,77,7.7
2024-12-17 21:49:34,137,13.7
2024-12-17 21:49:35,72,7.2
2024-12-17 21:49:36,52,5.2
2024-12-17 21:49:37,90,9.0
2024-12-17 21:49:38,160,16.0
2024-12-17 21:49:39,103,10.3
2024-12-17 21:49:40,113,11.3
2024-12-17 21:49:41,73,7.3
2024-12-17 21:49:42,95,9.5
2024-12-17 21:49:43,110,11.0
2024-12-17 21:49:44,150,15.0
2024-12-17 21:49:45,154,15.4
2024-12-17 21:49:46,117,11.7
2024-12-17 21:49:47,94,9.4
2024-12-17 21:49:48,58,5.8
2024-12-17 21:49:49,152,15.2
2024-12-17 21:49:50,110,11.0
2024-12-17 21:49:51,92,9.2
2024-12-17 21:49:52,110,11.0
2024-12-17 21:49:53,109,10.9
2024-12-17 21:49:54,115,11.5
2024-12-17 21:49:55,75,7.5
2024-12-17 21:49:56,154,15.4
2024-12-17 21:49:57,151,15.1
2024-12-17 21:49:58,119,11.9
2024-12-17 21:49:59,65,6.5
2024-12-17 21:50:00,88,8.8
2024-12-17 21:50:01,58,5.8
2024-12-17 21:50:02,148,14.8
2024-12-17 21:50:03,61,6.1
2024-12-17 21:50:04,55,5.5
2024-12-17 21:50:05,108,10.8
2024-12-17 21:50:06,127,12.7
2024-12-17 21:50:07,62,6.2
2024-12-17 21:50:08,153,15.3
2024-12-17 21:50:09,146,14.6
2024-12-17 21:50:10,88,8.8
2024-12-17 21:50:11,108,10.8
2024-12-17 21:50:12,75,7.5
2024-12-17 21:50:13,88,8.8
2024-12-17 21:50:14,135,13.5
2024-12-17 21:50:15,57,5.7
2024-12-17 21:50:16,61,6.1
2024-12-17 21:50:17,95,9.5
2024-12-17 21:50:18,105,10.5
2024-12-17 21:50:19,154,15.4
2024-12-17 21:50:20,140,14.0
2024-12-17 21:50:21,98,9.8
2024-12-17 21:50:22,135,13.5
2024-12-17 21:50:23,155,15.5
2024-12-17 21:50:24,137,13.7
2024-12-17 21:50:25,134,13.4
2024-12-17 21:50:26,74,7.4
2024-12-17 21:50:27,105,10.5
2024-12-17 21:50:28,94,9.4
2024-12-17 21:50:29,87,8.7
2024-12-17 21:50:30,79,7.9
2024-12-17 21:50:31,59,5.9
2024-12-17 21:50:32,88,8.8
2024-12-17 21:50:33,81,8.1
2024-12-17 21:50:34,77,7.7
2024-12-17 21:50:35,104,10.4
2024-12-17 21:50:36,71,7.1
2024-12-17 21:50:37,97,9.7
2024-12-17 21:50:38,138,13.8
2024-12-17 21:50:39,100,10.0
2024-12-17 21:50:40,55,5.5
2024-12-17 21:50:41,139,13.9
2024-12-17 21:50:42,142,14.2
2024-12-17 21:50:43,131,13.1
2024-12-17 21:50:44,140,14.0
2024-12-17 21:50:45,102,10.2
2024-12-17 21:50:46,107,10.7
2024-12-17 21:50:47,127,12.7
2024-12-17 21:50:48,90,9.0
2024-12-17 21:50:49,113,11.3
2024-12-17 21:50:50,88,8.8
2024-12-17 21:50:51,144,14.4
2024-12-17 21:50:52,125,12.5
2024-12-17 21:50:53,115,11.5
2024-12-17 21:50:54,119,11.9
2024-12-17 21:50:55,87,8.7
2024-12-17 21:50:56,105,10.5
2024-12-17 21:50:57,120,12.0
2024-12-17 21:50:58,84,8.4
2024-12-17 21:50:59,124,12.4
2024-12-17 21:51:00,58,5.8
2024-12-17 21:51:01,82,8.2
2024-12-17 21:51:02,113,11.3
2024-12-17 21:51:03,81,8.1
2024-12-17 21:51:04,128,12.8
2024-12-17 21:51:05,122,12.2
2024-12-17 21:51:06,130,13.0
2024-12-17 21:51:07,142,14.2
2024-12-17 21:51:08,133,13.3
2024-12-17 21:51:09,74,7.4
2024-12-17 21:51:10,136,13.6
2024-12-17 21:51:11,82,8.2
2024-12-17 21:51:12,137,13.7
2024-12-17 21:51:13,97,9.7
2024-12-17 21:51:14,137,13.7
2024-12-17 21:51:15,60,6.0
2024-12-17 21:51:16,60,6.0
2024-12-17 21:51:17,58,5.8
2024-12-17 21:51:18,90,9.0
2024-12-17 21:51:19,117,11.7
2024-12-17 21:51:20,141,14.1
2024-12-17 21:51:21,121,12.1
2024-12-17 21:51:22,99,9.9
2024-12-17 21:51:23,140,14.0
2024-12-17 21:51:24,147,14.7
2024-12-17 21:51:25,123,12.3
2024-12-17 21:51:26,96,9.6
2024-12-17 21:51:27,81,8.1
2024-12-17 21:51:28,100,10.0
2024-12-17 21:51:29,131,13.1
2024-12-17 21:51:30,131,13.1
2024-12-17 21:51:31,63,6.3
2024-12-17 21:51:32,71,7.1
2024-12-17 21:51:33,122,12.2
2024-12-17 21:51:34,57,5.7
2024-12-17 21:51:35,92,9.2
2024-12-17 21:51:36,125,12.5
2024-12-17 21:51:37,105,10.5
2024-12-17 21:51:38,128,12.8
2024-12-17 21:51:39,73,7.3
2024-12-17 21:51:40,72,7.2
2024-12-17 21:51:41,84,8.4
2024-12-17 21:51:42,94,9.4
2024-12-17 21:51:43,116,11.6
2024-12-17 21:51:44,130,13.0
2024-12-17 21:51:45,148,14.8
2024-12-17 21:51:46,158,15.8
2024-12-17 21:51:47,56,5.6
2024-12-17 21:51:48,53,5.3
2024-12-17 21:51:49,143,14.3
2024-12-17 21:51:50,136,13.6
2024-12-17 21:51:51,75,7.5
2024-12-17 21:51:52,129,12.9
2024-12-17 21:51:53,97,9.7
2024-12-17 21:51:54,60,6.0
2024-12-17 21:51:55,138,13.8
2024-12-17 21:51:56,144,14.4
2024-12-17 21:51:57,96,9.6
2024-12-17 21:51:58,141,14.1
2024-12-17 21:51:59,126,12.6
2024-12-17 21:52:00,64,6.4
2024-12-17 21:52:01,109,10.9
2024-12-17 21:52:02,104,10.4
2024-12-17 21:52:03,150,15.0
2024-12-17 21:52:04,101,10.1
2024-12-17 21:52:05,88,8.8
2024-12-17 21:52:06,83,8.3
2024-12-17 21:52:07,99,9.9
2024-12-17 21:52:08,81,8.1
2024-12-17 21:52:09,147,14.7
2024-12-17 21:52:10,64,6.4
2024-12-17 21:52:11,127,12.7
2024-12-17 21:52:12,146,14.6
2024-12-17 21:52:13,117,11.7
2024-12-17 21:52:14,103,10.3
2024-12-17 21:52:15,121,12.1
2024-12-17 21:52:16,98,9.8
2024-12-17 21:52:17,152,15.2
2024-12-17 21:52:18,119,11.9
2024-12-17 21:52:19,104,10.4
2024-12-17 21:52:20,89,8.9
2024-12-17 21:52:21,98,9.8
2024-12-17 21:52:22,122,12.2
2024-12-17 21:52:23,51,5.1
2024-12-17 21:52:24,133,13.3
2024-12-17 21:52:25,137,13.7
2024-12-17 21:52:26,144,14.4
2024-12-17 21:52:27,145,14.5
2024-12-17 21:52:28,146,14.6
2024-12-17 21:52:29,50,5.0
2024-12-17 21:52:30,74,7.4
2024-12-17 21:52:31,92,9.2
2024-12-17 21:52:32,60,6.0
2024-12-17 21:52:33,140,14.0
2024-12-17 21:52:34,112,11.2
2024-12-17 21:52:35,83,8.3
2024-12-17 21:52:36,51,5.1
2024-12-17 21:52:37,56,5.6
2024-12-17 21:52:38,81,8.1
2024-12-17 21:52:39,108,10.8
2024-12-17 21:52:40,116,11.6
2024-12-17 21:52:41,147,14.7
2024-12-17 21:52:42,54,5.4
2024-12-17 21:52:43,74,7.4
2024-12-17 21:52:44,145,14.5
2024-12-17 21:52:45,125,12.5
2024-12-17 21:52:46,57,5.7
2024-12-17 21:52:47,136,13.6
2024-12-17 21:52:48,121,12.1
2024-12-17 21:52:49,127,12.7
2024-12-17 21:52:50,129,12.9
2024-12-17 21:52:51,146,14.6
2024-12-17 21:52:52,159,15.9
2024-12-17 21:52:53,56,5.6
2024-12-17 21:52:54,96,9.6
2024-12-17 21:52:55,141,14.1
2024-12-17 21:52:56,59,5.9
2024-12-17 21:52:57,56,5.6
2024-12-17 21:52:58,77,7.7
2024-12-17 21:52:59,91,9.1
2024-12-17 21:53:00,51,5.1
2024-12-17 21:53:01,98,9.8
2024-12-17 21:53:02,69,6.9
2024-12-17 21:53:03,113,11.3
2024-12-17 21:53:04,128,12.8
2024-12-17 21:53:05,77,7.7
2024-12-17 21:53:06,112,11.2
2024-12-17 21:53:07,59,5.9
2024-12-17 21:53:08,118,11.8
2024-12-17 21:53:09,89,8.9
2024-12-17 21:53:10,67,6.7
2024-12-17 21:53:11,64,6.4
2024-12-17 21:53:12,134,13.4
2024-12-17 21:53:13,88,8.8
2024-12-17 21:53:14,127,12.7
2024-12-17 21:53:15,115,11.5
2024-12-17 21:53:16,123,12.3
2024-12-17 21:53:17,50,5.0
2024-12-17 21:53:18,66,6.6
2024-12-17 21:53:19,124,12.4
2024-12-17 21:53:20,112,11.2
2024-12-17 21:53:21,149,14.9
2024-12-17 21:53:22,103,10.3
2024-12-17 21:53:23,96,9.6
2024-12-17 21:53:24,154,15.4
2024-12-17 21:53:25,126,12.6
2024-12-17 21:53:26,69,6.9
2024-12-17 21:53:27,53,5.3
2024-12-17 21:53:28,139,13.9
2024-12-17 21:53:29,62,6.2
2024-12-17 21:53:30,155,15.5
2024-12-17 21:53:31,121,12.1
2024-12-17 21:53:32,137,13.7
2024-12-17 21:53:33,75,7.5
2024-12-17 21:53:34,68,6.8
2024-12-17 21:53:35,78,7.8
2024-12-17 21:53:36,114,11.4
2024-12-17 21:53:37,115,11.5
2024-12-17 21:53:38,99,9.9
2024-12-17 21:53:39,52,5.2
2024-12-17 21:53:40,62,6.2
2024-12-17 21:53:41,128,12.8
2024-12-17 21:53:42,83,8.3
2024-12-17 21:53:43,114,11.4
2024-12-17 21:53:44,142,14.2
2024-12-17 21:53:45,98,9.8
2024-12-17 21:53:46,62,6.2
2024-12-17 21:53:47,90,9.0
2024-12-17 21:53:48,78,7.8
2024-12-17 21:53:49,150,15.0
2024-12-17 21:53:50,55,5.5
2024-12-17 21:53:51,88,8.8
2024-12-17 21:53:52,151,15.1
2024-12-17 21:53:53,94,9.4
2024-12-17 21:53:54,145,14.5
2024-12-17 21:53:55,58,5.8
2024-12-17 21:53:56,95,9.5
2024-12-17 21:53:57,86,8.6
2024-12-17 21:53:58,92,9.2
2024-12-17 21:53:59,78,7.8
2024-12-17 21:54:00,135,13.5
2024-12-17 21:54:01,84,8.4
2024-12-17 21:54:02,145,14.5
2024-12-17 21:54:03,120,12.0
2024-12-17 21:54:04,119,11.9
2024-12-17 21:54:05,52,5.2
2024-12-17 21:54:06,55,5.5
2024-12-17 21:54:07,149,14.9
2024-12-17 21:54:08,73,7.3
2024-12-17 21:54:09,81,8.1
2024-12-17 21:54:10,53,5.3
2024-12-17 21:54:11,56,5.6
2024-12-17 21:54:12,157,15.7
2024-12-17 21:54:13,89,8.9
2024-12-17 21:54:14,139,13.9
2024-12-17 21:54:15,58,5.8
2024-12-17 21:54:16,136,13.6
2024-12-17 21:54:17,159,15.9
2024-12-17 21:54:18,141,14.1
2024-12-17 21:54:19,62,6.2
2024-12-17 21:54:20,69,6.9
2024-12-17 21:54:21,152,15.2
2024-12-17 21:54:22,144,14.4
2024-12-17 21:54:23,138,13.8
2024-12-17 21:54:24,88,8.8
2024-12-17 21:54:25,135,13.5
2024-12-17 21:54:26,82,8.2
2024-12-17 21:54:27,133,13.3
2024-12-17 21:54:28,76,7.6
2024-12-17 21:54:29,133,13.3
2024-12-17 21:54:30,141,14.1
2024-12-17 21:54:31,64,6.4
2024-12-17 21:54:32,58,5.8
2024-12-17 21:54:33,78,7.8
2024-12-17 21:54:34,84,8.4
2024-12-17 21:54:35,70,7.0
2024-12-17 21:54:36,99,9.9
2024-12-17 21:54:37,131,13.1
2024-12-17 21:54:38,128,12.8
2024-12-17 21:54:39,93,9.3
2024-12-17 21:54:40,129,12.9
2024-12-17 21:54:41,160,16.0
2024-12-17 21:54:42,70,7.0
2024-12-17 21:54:43,139,13.9
2024-12-17 21:54:44,59,5.9
2024-12-17 21:54:45,59,5.9
2024-12-17 21:54:46,110,11.0
2024-12-17 21:54:47,65,6.5
2024-12-17 21:54:48,53,5.3
2024-12-17 21:54:49,135,13.5
2024-12-17 21:54:50,57,5.7
2024-12-17 21:54:51,63,6.3
2024-12-17 21:54:52,129,12.9
2024-12-17 21:54:53,101,10.1
2024-12-17 21:54:54,51,5.1
2024-12-17 21:54:55,63,6.3
2024-12-17 21:54:56,136,13.6
2024-12-17 21:54:57,130,13.0
2024-12-17 21:54:58,118,11.8
2024-12-17 21:54:59,55,5.5
2024-12-17 21:55:00,157,15.7
2024-12-17 21:55:01,88,8.8
2024-12-17 21:55:02,91,9.1
2024-12-17 21:55:03,130,13.0
2024-12-17 21:55:04,157,15.7
2024-12-17 21:55:05,82,8.2
2024-12-17 21:55:06,138,13.8
2024-12-17 21:55:07,65,6.5
2024-12-17 21:55:08,98,9.8
2024-12-17 21:55:09,59,5.9
2024-12-17 21:55:10,109,10.9
2024-12-17 21:55:11,57,5.7
2024-12-17 21:55:12,145,14.5
2024-12-17 21:55:13,91,9.1
2024-12-17 21:55:14,56,5.6
2024-12-17 21:55:15,56,5.6
2024-12-17 21:55:16,116,11.6
2024-12-17 21:55:17,122,12.2
2024-12-17 21:55:18,62,6.2
2024-12-17 21:55:19,58,5.8
2024-12-17 21:55:20,116,11.6
2024-12-17 21:55:21,104,10.4
2024-12-17 21:55:22,141,14.1
2024-12-17 21:55:23,113,11.3
2024-12-17 21:55:24,75,7.5
2024-12-17 21:55:25,84,8.4
2024-12-17 21:55:26,115,11.5
2024-12-17 21:55:27,73,7.3
2024-12-17 21:55:28,93,9.3
2024-12-17 21:55:29,123,12.3
2024-12-17 21:55:30,155,15.5
2024-12-17 21:55:31,90,9.0
2024-12-17 21:55:32,158,15.8
2024-12-17 21:55:33,139,13.9
2024-12-17 21:55:34,71,7.1
2024-12-17 21:55:35,111,11.1
2024-12-17 21:55:36,140,14.0
2024-12-17 21:55:37,159,15.9
2024-12-17 21:55:38,87,8.7
2024-12-17 21:55:39,75,7.5
2024-12-17 21:55:40,156,15.6
2024-12-17 21:55:41,121,12.1
2024-12-17 21:55:42,100,10.0
2024-12-17 21:55:43,69,6.9
2024-12-17 21:55:44,57,5.7
2024-12-17 21:55:45,138,13.8
2024-12-17 21:55:46,81,8.1
2024-12-17 21:55:47,133,13.3
2024-12-17 21:55:48,87,8.7
2024-12-17 21:55:49,82,8.2
2024-12-17 21:55:50,146,14.6
2024-12-17 21:55:51,75,7.5
2024-12-17 21:55:52,67,6.7
2024-12-17 21:55:53,71,7.1
2024-12-17 21:55:54,73,7.3
2024-12-17 21:55:55,83,8.3
2024-12-17 21:55:56,112,11.2
2024-12-17 21:55:57,143,14.3
2024-12-17 21:55:58,66,6.6
2024-12-17 21:55:59,115,11.5
2024-12-17 21:56:00,139,13.9
2024-12-17 21:56:01,80,8.0
2024-12-17 21:56:02,128,12.8
2024-12-17 21:56:03,64,6.4
2024-12-17 21:56:04,157,15.7
2024-12-17 21:56:05,88,8.8
2024-12-17 21:56:06,76,7.6
2024-12-17 21:56:07,103,10.3
2024-12-17 21:56:08,74,7.4
2024-12-17 21:56:09,119,11.9
2024-12-17 21:56:10,71,7.1
2024-12-17 21:56:11,115,11.5
2024-12-17 21:56:12,119,11.9
2024-12-17 21:56:13,74,7.4
2024-12-17 21:56:14,93,9.3
2024-12-17 21:56:15,154,15.4
2024-12-17 21:56:16,122,12.2
2024-12-17 21:56:17,52,5.2
2024-12-17 21:56:18,125,12.5
2024-12-17 21:56:19,99,9.9
2024-12-17 21:56:20,71,7.1
2024-12-17 21:56:21,109,10.9
2024-12-17 21:56:22,134,13.4
2024-12-17 21:56:23,140,14.0
2024-12-17 21:56:24,130,13.0
2024-12-17 21:56:25,125,12.5
2024-12-17 21:56:26,63,6.3
2024-12-17 21:56:27,158,15.8
2024-12-17 21:56:28,138,13.8
2024-12-17 21:56:29,55,5.5
2024-12-17 21:56:30,160,16.0
2024-12-17 21:56:31,112,11.2
2024-12-17 21:56:32,141,14.1
2024-12-17 21:56:33,139,13.9
2024-12-17 21:56:34,119,11.9
2024-12-17 21:56:35,99,9.9
2024-12-17 21:56:36,86,8.6
2024-12-17 21:56:37,94,9.4
2024-12-17 21:56:38,58,5.8
2024-12-17 21:56:39,126,12.6
2024-12-17 21:56:40,60,6.0
2024-12-17 21:56:41,108,10.8
2024-12-17 21:56:42,53,5.3
2024-12-17 21:56:43,56,5.6
2024-12-17 21:56:44,105,10.5
2024-12-17 21:56:45,66,6.6
2024-12-17 21:56:46,120,12.0
2024-12-17 21:56:47,81,8.1
2024-12-17 21:56:48,64,6.4
2024-12-17 21:56:49,127,12.7
2024-12-17 21:56:50,111,11.1
2024-12-17 21:56:51,120,12.0
2024-12-17 21:56:52,149,14.9
2024-12-17 21:56:53,150,15.0
2024-12-17 21:56:54,87,8.7
2024-12-17 21:56:55,104,10.4
2024-12-17 21:56:56,121,12.1
2024-12-17 21:56:57,107,10.7
2024-12-17 21:56:58,74,7.4
2024-12-17 21:56:59,136,13.6
2024-12-17 21:57:00,107,10.7
2024-12-17 21:57:01,68,6.8
2024-12-17 21:57:02,130,13.0
2024-12-17 21:57:03,114,11.4
2024-12-17 21:57:04,153,15.3
2024-12-17 21:57:05,94,9.4
2024-12-17 21:57:06,132,13.2
2024-12-17 21:57:07,128,12.8
2024-12-17 21:57:08,73,7.3
2024-12-17 21:57:09,66,6.6
2024-12-17 21:57:10,52,5.2
2024-12-17 21:57:11,85,8.5
2024-12-17 21:57:12,153,15.3
2024-12-17 21:57:13,159,15.9
2024-12-17 21:57:14,160,16.0
2024-12-17 21:57:15,124,12.4
2024-12-17 21:57:16,105,10.5
2024-12-17 21:57:17,72,7.2
2024-12-17 21:57:18,150,15.0
2024-12-17 21:57:19,114,11.4
2024-12-17 21:57:20,75,7.5
2024-12-17 21:57:21,125,12.5
2024-12-17 21:57:22,152,15.2
2024-12-17 21:57:23,66,6.6
2024-12-17 21:57:24,90,9.0
2024-12-17 21:57:25,50,5.0
2024-12-17 21:57:26,66,6.6
2024-12-17 21:57:27,121,12.1
2024-12-17 21:57:28,66,6.6
2024-12-17 21:57:29,97,9.7
2024-12-17 21:57:30,134,13.4
2024-12-17 21:57:31,136,13.6
2024-12-17 21:57:32,113,11.3
2024-12-17 21:57:33,111,11.1
2024-12-17 21:57:34,118,11.8
2024-12-17 21:57:35,74,7.4
2024-12-17 21:57:36,137,13.7
2024-12-17 21:57:37,158,15.8
2024-12-17 21:57:38,146,14.6
2024-12-17 21:57:39,98,9.8
2024-12-17 21:57:40,124,12.4
2024-12-17 21:57:41,50,5.0
2024-12-17 21:57:42,138,13.8
2024-12-17 21:57:43,102,10.2
2024-12-17 21:57:44,157,15.7
2024-12-17 21:57:45,54,5.4
2024-12-17 21:57:46,90,9.0
2024-12-17 21:57:47,144,14.4
2024-12-17 21:57:48,94,9.4
2024-12-17 21:57:49,90,9.0
2024-12-17 21:57:50,131,13.1
2024-12-17 21:57:51,98,9.8
2024-12-17 21:57:52,143,14.3
2024-12-17 21:57:53,63,6.3
2024-12-17 21:57:54,148,14.8
2024-12-17 21:57:55,132,13.2
2024-12-17 21:57:56,155,15.5
2024-12-17 21:57:57,107,10.7
2024-12-17 21:57:58,69,6.9
2024-12-17 21:57:59,148,14.8
2024-12-17 21:58:00,80,8.0
2024-12-17 21:58:01,61,6.1
2024-12-17 21:58:02,101,10.1
2024-12-17 21:58:03,62,6.2
2024-12-17 21:58:04,100,10.0
2024-12-17 21:58:05,124,12.4
2024-12-17 21:58:06,82,8.2
2024-12-17 21:58:07,78,7.8
2024-12-17 21:58:08,157,15.7
2024-12-17 21:58:09,88,8.8
2024-12-17 21:58:10,88,8.8
2024-12-17 21:58:11,64,6.4
2024-12-17 21:58:12,110,11.0
2024-12-17 21:58:13,79,7.9
2024-12-17 21:58:14,79,7.9
2024-12-17 21:58:15,118,11.8
2024-12-17 21:58:16,141,14.1
2024-12-17 21:58:17,76,7.6
2024-12-17 21:58:18,88,8.8
2024-12-17 21:58:19,66,6.6
2024-12-17 21:58:20,141,14.1
2024-12-17 21:58:21,88,8.8
2024-12-17 21:58:22,116,11.6
2024-12-17 21:58:23,119,11.9
2024-12-17 21:58:24,105,10.5
2024-12-17 21:58:25,105,10.5
2024-12-17 21:58:26,80,8.0
2024-12-17 21:58:27,130,13.0
2024-12-17 21:58:28,58,5.8
2024-12-17 21:58:29,143,14.3
2024-12-17 21:58:30,115,11.5
2024-12-17 21:58:31,155,15.5
2024-12-17 21:58:32,143,14.3
2024-12-17 21:58:33,71,7.1
2024-12-17 21:58:34,90,9.0
2024-12-17 21:58:35,150,15.0
2024-12-17 21:58:36,84,8.4
2024-12-17 21:58:37,157,15.7
2024-12-17 21:58:38,95,9.5
2024-12-17 21:58:39,154,15.4
2024-12-17 21:58:40,124,12.4
2024-12-17 21:58:41,79,7.9
2024-12-17 21:58:42,106,10.6
2024-12-17 21:58:43,54,5.4
2024-12-17 21:58:44,130,13.0
2024-12-17 21:58:45,140,14.0
2024-12-17 21:58:46,127,12.7
2024-12-17 21:58:47,133,13.3
2024-12-17 21:58:48,131,13.1
2024-12-17 21:58:49,126,12.6
2024-12-17 21:58:50,144,14.4
2024-12-17 21:58:51,99,9.9
2024-12-17 21:58:52,77,7.7
2024-12-17 21:58:53,84,8.4
2024-12-17 21:58:54,107,10.7
2024-12-17 21:58:55,83,8.3
2024-12-17 21:58:56,82,8.2
2024-12-17 21:58:57,60,6.0
2024-12-17 21:58:58,158,15.8
2024-12-17 21:58:59,135,13.5
2024-12-17 21:59:00,159,15.9
2024-12-17 21:59:01,50,5.0
2024-12-17 21:59:02,106,10.6
2024-12-17 21:59:03,101,10.1
2024-12-17 21:59:04,132,13.2
2024-12-17 21:59:05,123,12.3
2024-12-17 21:59:06,154,15.4
2024-12-17 21:59:07,82,8.2
2024-12-17 21:59:08,135,13.5
2024-12-17 21:59:09,64,6.4
2024-12-17 21:59:10,117,11.7
2024-12-17 21:59:11,152,15.2
2024-12-17 21:59:12,86,8.6
2024-12-17 21:59:13,98,9.8
2024-12-17 21:59:14,91,9.1
2024-12-17 21:59:15,65,6.5
2024-12-17 21:59:16,92,9.2
2024-12-17 21:59:17,111,11.1
2024-12-17 21:59:18,117,11.7
2024-12-17 21:59:19,155,15.5
2024-12-17 21:59:20,138,13.8
2024-12-17 21:59:21,93,9.3
2024-12-17 21:59:22,72,7.2
2024-12-17 21:59:23,116,11.6
2024-12-17 21:59:24,147,14.7
2024-12-17 21:59:25,101,10.1
2024-12-17 21:59:26,135,13.5
2024-12-17 21:59:27,159,15.9
2024-12-17 21:59:28,65,6.5
2024-12-17 21:59:29,127,12.7
2024-12-17 21:59:30,91,9.1
2024-12-17 21:59:31,99,9.9
2024-12-17 21:59:32,61,6.1
2024-12-17 21:59:33,71,7.1
2024-12-17 21:59:34,131,13.1
2024-12-17 21:59:35,70,7.0
2024-12-17 21:59:36,125,12.5
2024-12-17 21:59:37,66,6.6
2024-12-17 21:59:38,144,14.4
2024-12-17 21:59:39,120,12.0
2024-12-17 21:59:40,58,5.8
2024-12-17 21:59:41,97,9.7
2024-12-17 21:59:42,88,8.8
2024-12-17 21:59:43,76,7.6
2024-12-17 21:59:44,124,12.4
2024-12-17 21:59:45,60,6.0
2024-12-17 21:59:46,76,7.6
2024-12-17 21:59:47,72,7.2
2024-12-17 21:59:48,72,7.2
2024-12-17 21:59:49,146,14.6
2024-12-17 21:59:50,125,12.5
2024-12-17 21:59:51,61,6.1
2024-12-17 21:59:52,106,10.6
2024-12-17 21:59:53,102,10.2
2024-12-17 21:59:54,142,14.2
2024-12-17 21:59:55,151,15.1
2024-12-17 21:59:56,83,8.3
2024-12-17 21:59:57,67,6.7
2024-12-17 21:59:58,87,8.7
2024-12-17 21:59:59,126,12.6
2024-12-17 22:00:00,73,7.3
2024-12-17 22:00:01,136,13.6
2024-12-17 22:00:02,55,5.5
2024-12-17 22:00:03,58,5.8
2024-12-17 22:00:04,155,15.5
2024-12-17 22:00:05,133,13.3
2024-12-17 22:00:06,144,14.4
2024-12-17 22:00:07,152,15.2
2024-12-17 22:00:08,92,9.2
2024-12-17 22:00:09,108,10.8
2024-12-17 22:00:10,135,13.5
2024-12-17 22:00:11,105,10.5
2024-12-17 22:00:12,89,8.9
2024-12-17 22:00:13,122,12.2
2024-12-17 22:00:14,136,13.6
2024-12-17 22:00:15,59,5.9
2024-12-17 22:00:16,107,10.7
2024-12-17 22:00:17,138,13.8
2024-12-17 22:00:18,81,8.1
2024-12-17 22:00:19,147,14.7
2024-12-17 22:00:20,130,13.0
2024-12-17 22:00:21,86,8.6
2024-12-17 22:00:22,136,13.6
2024-12-17 22:00:23,53,5.3
2024-12-17 22:00:24,87,8.7
2024-12-17 22:00:25,59,5.9
2024-12-17 22:00:26,95,9.5
2024-12-17 22:00:27,89,8.9
2024-12-17 22:00:28,152,15.2
2024-12-17 22:00:29,91,9.1
2024-12-17 22:00:30,102,10.2
2024-12-17 22:00:31,98,9.8
2024-12-17 22:00:32,53,5.3
2024-12-17 22:00:33,99,9.9
2024-12-17 22:00:34,111,11.1
2024-12-17 22:00:35,139,13.9
2024-12-17 22:00:36,141,14.1
2024-12-17 22:00:37,120,12.0
2024-12-17 22:00:38,127,12.7
2024-12-17 22:00:39,50,5.0
2024-12-17 22:00:40,153,15.3
2024-12-17 22:00:41,110,11.0
2024-12-17 22:00:42,110,11.0
2024-12-17 22:00:43,60,6.0
2024-12-17 22:00:44,83,8.3
2024-12-17 22:00:45,147,14.7
2024-12-17 22:00:46,119,11.9
2024-12-17 22:00:47,69,6.9
2024-12-17 22:00:48,66,6.6
2024-12-17 22:00:49,70,7.0
2024-12-17 22:00:50,105,10.5
2024-12-17 22:00:51,76,7.6
2024-12-17 22:00:52,130,13.0
2024-12-17 22:00:53,50,5.0
2024-12-17 22:00:54,93,9.3
2024-12-17 22:00:55,68,6.8
2024-12-17 22:00:56,88,8.8
2024-12-17 22:00:57,86,8.6
2024-12-17 22:00:58,78,7.8
2024-12-17 22:00:59,157,15.7
2024-12-17 22:01:00,114,11.4
2024-12-17 22:01:01,63,6.3
2024-12-17 22:01:02,66,6.6
2024-12-17 22:01:03,60,6.0
2024-12-17 22:01:04,84,8.4
2024-12-17 22:01:05,103,10.3
2024-12-17 22:01:06,65,6.5
2024-12-17 22:01:07,88,8.8
2024-12-17 22:01:08,56,5.6
2024-12-17 22:01:09,115,11.5
2024-12-17 22:01:10,72,7.2
2024-12-17 22:01:11,114,11.4
2024-12-17 22:01:12,58,5.8
2024-12-17 22:01:13,53,5.3
2024-12-17 22:01:14,51,5.1
2024-12-17 22:01:15,57,5.7
2024-12-17 22:01:16,71,7.1
2024-12-17 22:01:17,62,6.2
2024-12-17 22:01:18,131,13.1
2024-12-17 22:01:19,116,11.6
2024-12-17 22:01:20,103,10.3
2024-12-17 22:01:21,52,5.2
2024-12-17 22:01:22,55,5.5
2024-12-17 22:01:23,106,10.6
2024-12-17 22:01:24,53,5.3
2024-12-17 22:01:25,130,13.0
2024-12-17 22:01:26,111,11.1
2024-12-17 22:01:27,112,11.2
2024-12-17 22:01:28,64,6.4
2024-12-17 22:01:29,105,10.5
2024-12-17 22:01:30,155,15.5
2024-12-17 22:01:31,61,6.1
2024-12-17 22:01:32,87,8.7
2024-12-17 22:01:33,75,7.5
2024-12-17 22:01:34,125,12.5
2024-12-17 22:01:35,101,10.1
2024-12-17 22:01:36,138,13.8
2024-12-17 22:01:37,87,8.7
2024-12-17 22:01:38,132,13.2
2024-12-17 22:01:39,106,10.6
2024-12-17 22:01:40,63,6.3
2024-12-17 22:01:41,134,13.4
2024-12-17 22:01:42,64,6.4
2024-12-17 22:01:43,119,11.9
2024-12-17 22:01:44,105,10.5
2024-12-17 22:01:45,109,10.9
2024-12-17 22:01:46,85,8.5
2024-12-17 22:01:47,135,13.5
2024-12-17 22:01:48,146,14.6
2024-12-17 22:01:49,144,14.4
2024-12-17 22:01:50,86,8.6
2024-12-17 22:01:51,148,14.8
2024-12-17 22:01:52,101,10.1
2024-12-17 22:01:53,142,14.2
2024-12-17 22:01:54,149,14.9
2024-12-17 22:01:55,128,12.8
2024-12-17 22:01:56,137,13.7
2024-12-17 22:01:57,60,6.0
2024-12-17 22:01:58,147,14.7
2024-12-17 22:01:59,126,12.6
2024-12-17 22:02:00,112,11.2
2024-12-17 22:02:01,116,11.6
2024-12-17 22:02:02,79,7.9
2024-12-17 22:02:03,109,10.9
2024-12-17 22:02:04,53,5.3
2024-12-17 22:02:05,144,14.4
2024-12-17 22:02:06,127,12.7
2024-12-17 22:02:07,153,15.3
2024-12-17 22:02:08,154,15.4
2024-12-17 22:02:09,124,12.4
2024-12-17 22:02:10,65,6.5
2024-12-17 22:02:11,54,5.4
2024-12-17 22:02:12,70,7.0
2024-12-17 22:02:13,80,8.0
2024-12-17 22:02:14,59,5.9
2024-12-17 22:02:15,124,12.4
2024-12-17 22:02:16,55,5.5
2024-12-17 22:02:17,104,10.4
2024-12-17 22:02:18,62,6.2
2024-12-17 22:02:19,143,14.3
2024-12-17 22:02:20,112,11.2
2024-12-17 22:02:21,77,7.7
2024-12-17 22:02:22,107,10.7
2024-12-17 22:02:23,159,15.9
2024-12-17 22:02:24,135,13.5
2024-12-17 22:02:25,64,6.4
2024-12-17 22:02:26,88,8.8
2024-12-17 22:02:27,156,15.6
2024-12-17 22:02:28,92,9.2
2024-12-17 22:02:29,68,6.8
2024-12-17 22:02:30,155,15.5
2024-12-17 22:02:31,115,11.5
2024-12-17 22:02:32,64,6.4
2024-12-17 22:02:33,69,6.9
2024-12-17 22:02:34,118,11.8
2024-12-17 22:02:35,95,9.5
2024-12-17 22:02:36,101,10.1
2024-12-17 22:02:37,79,7.9
2024-12-17 22:02:38,81,8.1
2024-12-17 22:02:39,52,5.2
2024-12-17 22:02:40,111,11.1
2024-12-17 22:02:41,147,14.7
2024-12-17 22:02:42,56,5.6
2024-12-17 22:02:43,149,14.9
2024-12-17 22:02:44,93,9.3
2024-12-17 22:02:45,113,11.3
2024-12-17 22:02:46,103,10.3
2024-12-17 22:02:47,141,14.1
2024-12-17 22:02:48,114,11.4
2024-12-17 22:02:49,102,10.2
2024-12-17 22:02:50,66,6.6
2024-12-17 22:02:51,116,11.6
2024-12-17 22:02:52,130,13.0
2024-12-17 22:02:53,73,7.3
2024-12-17 22:02:54,78,7.8
2024-12-17 22:02:55,85,8.5
2024-12-17 22:02:56,131,13.1
2024-12-17 22:02:57,61,6.1
2024-12-17 22:02:58,110,11.0
2024-12-17 22:02:59,154,15.4
2024-12-17 22:03:00,122,12.2
2024-12-17 22:03:01,117,11.7
2024-12-17 22:03:02,158,15.8
2024-12-17 22:03:03,118,11.8
2024-12-17 22:03:04,53,5.3
2024-12-17 22:03:05,113,11.3
2024-12-17 22:03:06,76,7.6
2024-12-17 22:03:07,67,6.7
2024-12-17 22:03:08,144,14.4
2024-12-17 22:03:09,149,14.9
2024-12-17 22:03:10,112,11.2
2024-12-17 22:03:11,59,5.9
2024-12-17 22:03:12,118,11.8
2024-12-17 22:03:13,86,8.6
2024-12-17 22:03:14,134,13.4
2024-12-17 22:03:15,144,14.4
2024-12-17 22:03:16,83,8.3
2024-12-17 22:03:17,62,6.2
2024-12-17 22:03:18,89,8.9
2024-12-17 22:03:19,75,7.5
2024-12-17 22:03:20,64,6.4
2024-12-17 22:03:21,76,7.6
2024-12-17 22:03:22,65,6.5
2024-12-17 22:03:23,94,9.4
2024-12-17 22:03:24,145,14.5
2024-12-17 22:03:25,113,11.3
2024-12-17 22:03:26,53,5.3
2024-12-17 22:03:27,135,13.5
2024-12-17 22:03:28,134,13.4
2024-12-17 22:03:29,110,11.0
2024-12-17 22:03:30,82,8.2
2024-12-17 22:03:31,130,13.0
2024-12-17 22:03:32,110,11.0
2024-12-17 22:03:33,106,10.6
2024-12-17 22:03:34,117,11.7
2024-12-17 22:03:35,132,13.2
2024-12-17 22:03:36,134,13.4
2024-12-17 22:03:37,110,11.0
2024-12-17 22:03:38,111,11.1
2024-12-17 22:03:39,77,7.7
2024-12-17 22:03:40,152,15.2
2024-12-17 22:03:41,112,11.2
2024-12-17 22:03:42,113,11.3
2024-12-17 22:03:43,151,15.1
2024-12-17 22:03:44,56,5.6
2024-12-17 22:03:45,129,12.9
2024-12-17 22:03:46,90,9.0
2024-12-17 22:03:47,114,11.4
2024-12-17 22:03:48,57,5.7
2024-12-17 22:03:49,133,13.3
2024-12-17 22:03:50,103,10.3
2024-12-17 22:03:51,136,13.6
2024-12-17 22:03:52,158,15.8
2024-12-17 22:03:53,117,11.7
2024-12-17 22:03:54,152,15.2
2024-12-17 22:03:55,79,7.9
2024-12-17 22:03:56,123,12.3
2024-12-17 22:03:57,140,14.0
2024-12-17 22:03:58,150,15.0
2024-12-17 22:03:59,135,13.5
2024-12-17 22:04:00,130,13.0
2024-12-17 22:04:01,51,5.1
2024-12-17 22:04:02,151,15.1
2024-12-17 22:04:03,76,7.6
2024-12-17 22:04:04,96,9.6
2024-12-17 22:04:05,90,9.0
2024-12-17 22:04:06,73,7.3
2024-12-17 22:04:07,59,5.9
2024-12-17 22:04:08,159,15.9
2024-12-17 22:04:09,119,11.9
2024-12-17 22:04:10,56,5.6
2024-12-17 22:04:11,64,6.4
2024-12-17 22:04:12,122,12.2
2024-12-17 22:04:13,160,16.0
2024-12-17 22:04:14,81,8.1
2024-12-17 22:04:15,114,11.4
2024-12-17 22:04:16,86,8.6
2024-12-17 22:04:17,94,9.4
2024-12-17 22:04:18,112,11.2
2024-12-17 22:04:19,123,12.3
2024-12-17 22:04:20,136,13.6
2024-12-17 22:04:21,66,6.6
2024-12-17 22:04:22,157,15.7
2024-12-17 22:04:23,141,14.1
2024-12-17 22:04:24,124,12.4
2024-12-17 22:04:25,97,9.7
2024-12-17 22:04:26,142,14.2
2024-12-17 22:04:27,115,11.5
2024-12-17 22:04:28,100,10.0
2024-12-17 22:04:29,105,10.5
2024-12-17 22:04:30,135,13.5
2024-12-17 22:04:31,128,12.8
2024-12-17 22:04:32,61,6.1
2024-12-17 22:04:33,59,5.9
2024-12-17 22:04:34,61,6.1
2024-12-17 22:04:35,92,9.2
2024-12-17 22:04:36,68,6.8
2024-12-17 22:04:37,102,10.2
2024-12-17 22:04:38,62,6.2
2024-12-17 22:04:39,143,14.3
2024-12-17 22:04:40,85,8.5
2024-12-17 22:04:41,123,12.3
2024-12-17 22:04:42,160,16.0
2024-12-17 22:04:43,151,15.1
2024-12-17 22:04:44,68,6.8
2024-12-17 22:04:45,52,5.2
2024-12-17 22:04:46,59,5.9
2024-12-17 22:04:47,104,10.4
2024-12-17 22:04:48,94,9.4
2024-12-17 22:04:49,154,15.4
2024-12-17 22:04:50,86,8.6
2024-12-17 22:04:51,78,7.8
2024-12-17 22:04:52,136,13.6
2024-12-17 22:04:53,102,10.2
2024-12-17 22:04:54,72,7.2
2024-12-17 22:04:55,152,15.2
2024-12-17 22:04:56,140,14.0
2024-12-17 22:04:57,96,9.6
2024-12-17 22:04:58,62,6.2
2024-12-17 22:04:59,101,10.1
2024-12-17 22:05:00,87,8.7
2024-12-17 22:05:01,84,8.4
2024-12-17 22:05:02,116,11.6
2024-12-17 22:05:03,57,5.7
2024-12-17 22:05:04,137,13.7
2024-12-17 22:05:05,101,10.1
2024-12-17 22:05:06,95,9.5
2024-12-17 22:05:07,131,13.1
2024-12-17 22:05:08,150,15.0
2024-12-17 22:05:09,86,8.6
2024-12-17 22:05:10,142,14.2
2024-12-17 22:05:11,74,7.4
2024-12-17 22:05:12,115,11.5
2024-12-17 22:05:13,71,7.1
2024-12-17 22:05:14,126,12.6
2024-12-17 22:05:15,135,13.5
2024-12-17 22:05:16,58,5.8
2024-12-17 22:05:17,127,12.7
2024-12-17 22:05:18,149,14.9
2024-12-17 22:05:19,72,7.2
2024-12-17 22:05:20,121,12.1
2024-12-17 22:05:21,141,14.1
2024-12-17 22:05:22,75,7.5
2024-12-17 22:05:23,76,7.6
2024-12-17 22:05:24,112,11.2
2024-12-17 22:05:25,56,5.6
2024-12-17 22:05:26,80,8.0
2024-12-17 22:05:27,82,8.2
2024-12-17 22:05:28,144,14.4
2024-12-17 22:05:29,154,15.4
2024-12-17 22:05:30,139,13.9
2024-12-17 22:05:31,97,9.7
2024-12-17 22:05:32,64,6.4
2024-12-17 22:05:33,148,14.8
2024-12-17 22:05:34,123,12.3
2024-12-17 22:05:35,154,15.4
2024-12-17 22:05:36,149,14.9
2024-12-17 22:05:37,64,6.4
2024-12-17 22:05:38,123,12.3
2024-12-17 22:05:39,153,15.3
2024-12-17 22:05:40,152,15.2
2024-12-17 22:05:41,110,11.0
2024-12-17 22:05:42,93,9.3
2024-12-17 22:05:43,154,15.4
2024-12-17 22:05:44,157,15.7
2024-12-17 22:05:45,146,14.6
2024-12-17 22:05:46,147,14.7
2024-12-17 22:05:47,104,10.4
2024-12-17 22:05:48,97,9.7
2024-12-17 22:05:49,117,11.7
2024-12-17 22:05:50,63,6.3
2024-12-17 22:05:51,76,7.6
2024-12-17 22:05:52,54,5.4
2024-12-17 22:05:53,127,12.7
2024-12-17 22:05:54,62,6.2
2024-12-17 22:05:55,111,11.1
2024-12-17 22:05:56,152,15.2
2024-12-17 22:05:57,89,8.9
2024-12-17 22:05:58,158,15.8
2024-12-17 22:05:59,136,13.6
2024-12-17 22:06:00,121,12.1
2024-12-17 22:06:01,81,8.1
2024-12-17 22:06:02,132,13.2
2024-12-17 22:06:03,122,12.2
2024-12-17 22:06:04,51,5.1
2024-12-17 22:06:05,65,6.5
2024-12-17 22:06:06,131,13.1
2024-12-17 22:06:07,103,10.3
2024-12-17 22:06:08,81,8.1
2024-12-17 22:06:09,100,10.0
2024-12-17 22:06:10,112,11.2
2024-12-17 22:06:11,108,10.8
2024-12-17 22:06:12,98,9.8
2024-12-17 22:06:13,86,8.6
2024-12-17 22:06:14,152,15.2
2024-12-17 22:06:15,81,8.1
2024-12-17 22:06:16,140,14.0
2024-12-17 22:06:17,155,15.5
2024-12-17 22:06:18,156,15.6
2024-12-17 22:06:19,54,5.4
2024-12-17 22:06:20,107,10.7
2024-12-17 22:06:21,80,8.0
2024-12-17 22:06:22,59,5.9
2024-12-17 22:06:23,86,8.6
2024-12-17 22:06:24,160,16.0
2024-12-17 22:06:25,64,6.4
2024-12-17 22:06:26,140,14.0
2024-12-17 22:06:27,134,13.4
2024-12-17 22:06:28,58,5.8
2024-12-17 22:06:29,112,11.2
2024-12-17 22:06:30,75,7.5
2024-12-17 22:06:31,126,12.6
2024-12-17 22:06:32,66,6.6
2024-12-17 22:06:33,54,5.4
2024-12-17 22:06:34,71,7.1
2024-12-17 22:06:35,134,13.4
2024-12-17 22:06:36,144,14.4
2024-12-17 22:06:37,97,9.7
2024-12-17 22:06:38,139,13.9
2024-12-17 22:06:39,50,5.0
2024-12-17 22:06:40,103,10.3
2024-12-17 22:06:41,157,15.7
2024-12-17 22:06:42,103,10.3
2024-12-17 22:06:43,111,11.1
2024-12-17 22:06:44,82,8.2
2024-12-17 22:06:45,75,7.5
2024-12-17 22:06:46,113,11.3
2024-12-17 22:06:47,118,11.8
2024-12-17 22:06:48,111,11.1
2024-12-17 22:06:49,64,6.4
2024-12-17 22:06:50,78,7.8
2024-12-17 22:06:51,64,6.4
2024-12-17 22:06:52,62,6.2
2024-12-17 22:06:53,130,13.0
2024-12-17 22:06:54,122,12.2
2024-12-17 22:06:55,106,10.6
2024-12-17 22:06:56,115,11.5
2024-12-17 22:06:57,150,15.0
2024-12-17 22:06:58,146,14.6
2024-12-17 22:06:59,56,5.6
2024-12-17 22:07:00,103,10.3
2024-12-17 22:07:01,115,11.5
2024-12-17 22:07:02,135,13.5
2024-12-17 22:07:03,69,6.9
2024-12-17 22:07:04,117,11.7
2024-12-17 22:07:05,85,8.5
2024-12-17 22:07:06,109,10.9
2024-12-17 22:07:07,66,6.6
2024-12-17 22:07:08,155,15.5
2024-12-17 22:07:09,102,10.2
2024-12-17 22:07:10,139,13.9
2024-12-17 22:07:11,82,8.2
2024-12-17 22:07:12,96,9.6
2024-12-17 22:07:13,123,12.3
2024-12-17 22:07:14,65,6.5
2024-12-17 22:07:15,158,15.8
2024-12-17 22:07:16,78,7.8
2024-12-17 22:07:17,151,15.1
2024-12-17 22:07:18,119,11.9
2024-12-17 22:07:19,118,11.8
2024-12-17 22:07:20,78,7.8
2024-12-17 22:07:21,89,8.9
2024-12-17 22:07:22,88,8.8
2024-12-17 22:07:23,55,5.5
2024-12-17 22:07:24,80,8.0
2024-12-17 22:07:25,108,10.8
2024-12-17 22:07:26,72,7.2
2024-12-17 22:07:27,107,10.7
2024-12-17 22:07:28,124,12.4
2024-12-17 22:07:29,150,15.0
2024-12-17 22:07:30,67,6.7
2024-12-17 22:07:31,126,12.6
2024-12-17 22:07:32,71,7.1
2024-12-17 22:07:33,129,12.9
2024-12-17 22:07:34,109,10.9
2024-12-17 22:07:35,138,13.8
2024-12-17 22:07:36,61,6.1
2024-12-17 22:07:37,125,12.5
2024-12-17 22:07:38,68,6.8
2024-12-17 22:07:39,60,6.0
2024-12-17 22:07:40,90,9.0
2024-12-17 22:07:41,154,15.4
2024-12-17 22:07:42,57,5.7
2024-12-17 22:07:43,156,15.6
2024-12-17 22:07:44,77,7.7
2024-12-17 22:07:45,76,7.6
2024-12-17 22:07:46,58,5.8
2024-12-17 22:07:47,120,12.0
2024-12-17 22:07:48,158,15.8
2024-12-17 22:07:49,95,9.5
2024-12-17 22:07:50,134,13.4
2024-12-17 22:07:51,78,7.8
2024-12-17 22:07:52,55,5.5
2024-12-17 22:07:53,108,10.8
2024-12-17 22:07:54,129,12.9
2024-12-17 22:07:55,60,6.0
2024-12-17 22:07:56,52,5.2
2024-12-17 22:07:57,139,13.9
2024-12-17 22:07:58,68,6.8
2024-12-17 22:07:59,95,9.5
2024-12-17 22:08:00,158,15.8
2024-12-17 22:08:01,79,7.9
2024-12-17 22:08:02,66,6.6
2024-12-17 22:08:03,71,7.1
2024-12-17 22:08:04,137,13.7
2024-12-17 22:08:05,152,15.2
2024-12-17 22:08:06,100,10.0
2024-12-17 22:08:07,80,8.0
2024-12-17 22:08:08,87,8.7
2024-12-17 22:08:09,97,9.7
2024-12-17 22:08:10,110,11.0
2024-12-17 22:08:11,56,5.6
2024-12-17 22:08:12,160,16.0
2024-12-17 22:08:13,56,5.6
2024-12-17 22:08:14,50,5.0
2024-12-17 22:08:15,79,7.9
2024-12-17 22:08:16,158,15.8
2024-12-17 22:08:17,147,14.7
2024-12-17 22:08:18,102,10.2
2024-12-17 22:08:19,51,5.1
2024-12-17 22:08:20,67,6.7
2024-12-17 22:08:21,159,15.9
2024-12-17 22:08:22,107,10.7
2024-12-17 22:08:23,54,5.4
2024-12-17 22:08:24,95,9.5
2024-12-17 22:08:25,74,7.4
2024-12-17 22:08:26,51,5.1
2024-12-17 22:08:27,129,12.9
2024-12-17 22:08:28,128,12.8
2024-12-17 22:08:29,62,6.2
2024-12-17 22:08:30,97,9.7
2024-12-17 22:08:31,103,10.3
2024-12-17 22:08:32,152,15.2
2024-12-17 22:08:33,137,13.7
2024-12-17 22:08:34,98,9.8
2024-12-17 22:08:35,85,8.5
2024-12-17 22:08:36,95,9.5
2024-12-17 22:08:37,155,15.5
2024-12-17 22:08:38,109,10.9
2024-12-17 22:08:39,122,12.2
2024-12-17 22:08:40,118,11.8
2024-12-17 22:08:41,145,14.5
2024-12-17 22:08:42,122,12.2
2024-12-17 22:08:43,51,5.1
2024-12-17 22:08:44,109,10.9
2024-12-17 22:08:45,111,11.1
2024-12-17 22:08:46,114,11.4
2024-12-17 22:08:47,131,13.1
2024-12-17 22:08:48,115,11.5
2024-12-17 22:08:49,105,10.5
2024-12-17 22:08:50,136,13.6
2024-12-17 22:08:51,99,9.9
2024-12-17 22:08:52,151,15.1
2024-12-17 22:08:53,151,15.1
2024-12-17 22:08:54,66,6.6
2024-12-17 22:08:55,153,15.3
2024-12-17 22:08:56,102,10.2
2024-12-17 22:08:57,159,15.9
2024-12-17 22:08:58,88,8.8
2024-12-17 22:08:59,50,5.0
2024-12-17 22:09:00,142,14.2
2024-12-17 22:09:01,138,13.8
2024-12-17 22:09:02,114,11.4
2024-12-17 22:09:03,75,7.5
2024-12-17 22:09:04,144,14.4
2024-12-17 22:09:05,119,11.9
2024-12-17 22:09:06,53,5.3
2024-12-17 22:09:07,130,13.0
2024-12-17 22:09:08,132,13.2
2024-12-17 22:09:09,148,14.8
2024-12-17 22:09:10,148,14.8
2024-12-17 22:09:11,150,15.0
2024-12-17 22:09:12,123,12.3
2024-12-17 22:09:13,95,9.5
2024-12-17 22:09:14,99,9.9
2024-12-17 22:09:15,109,10.9
2024-12-17 22:09:16,131,13.1
2024-12-17 22:09:17,74,7.4
2024-12-17 22:09:18,59,5.9
2024-12-17 22:09:19,86,8.6
2024-12-17 22:09:20,59,5.9
2024-12-17 22:09:21,150,15.0
2024-12-17 22:09:22,74,7.4
2024-12-17 22:09:23,111,11.1
2024-12-17 22:09:24,160,16.0
2024-12-17 22:09:25,102,10.2
2024-12-17 22:09:26,88,8.8
2024-12-17 22:09:27,78,7.8
2024-12-17 22:09:28,89,8.9
2024-12-17 22:09:29,76,7.6
2024-12-17 22:09:30,159,15.9
2024-12-17 22:09:31,137,13.7
2024-12-17 22:09:32,136,13.6
2024-12-17 22:09:33,142,14.2
2024-12-17 22:09:34,86,8.6
2024-12-17 22:09:35,56,5.6
2024-12-17 22:09:36,149,14.9
2024-12-17 22:09:37,130,13.0
2024-12-17 22:09:38,127,12.7
2024-12-17 22:09:39,127,12.7
2024-12-17 22:09:40,63,6.3
2024-12-17 22:09:41,93,9.3
2024-12-17 22:09:42,158,15.8
2024-12-17 22:09:43,95,9.5
2024-12-17 22:09:44,73,7.3
2024-12-17 22:09:45,115,11.5
2024-12-17 22:09:46,108,10.8
2024-12-17 22:09:47,111,11.1
2024-12-17 22:09:48,135,13.5
2024-12-17 22:09:49,73,7.3
2024-12-17 22:09:50,52,5.2
2024-12-17 22:09:51,84,8.4
2024-12-17 22:09:52,158,15.8
2024-12-17 22:09:53,120,12.0
2024-12-17 22:09:54,159,15.9
2024-12-17 22:09:55,74,7.4
2024-12-17 22:09:56,101,10.1
2024-12-17 22:09:57,55,5.5
2024-12-17 22:09:58,66,6.6
2024-12-17 22:09:59,130,13.0
2024-12-17 22:10:00,108,10.8
2024-12-17 22:10:01,135,13.5
2024-12-17 22:10:02,97,9.7
2024-12-17 22:10:03,137,13.7
2024-12-17 22:10:04,90,9.0
2024-12-17 22:10:05,115,11.5
2024-12-17 22:10:06,123,12.3
2024-12-17 22:10:07,98,9.8
2024-12-17 22:10:08,99,9.9
2024-12-17 22:10:09,154,15.4
2024-12-17 22:10:10,122,12.2
2024-12-17 22:10:11,105,10.5
2024-12-17 22:10:12,58,5.8
2024-12-17 22:10:13,70,7.0
2024-12-17 22:10:14,58,5.8
2024-12-17 22:10:15,134,13.4
2024-12-17 22:10:16,121,12.1
2024-12-17 22:10:17,74,7.4
2024-12-17 22:10:18,69,6.9
2024-12-17 22:10:19,63,6.3
2024-12-17 22:10:20,108,10.8
2024-12-17 22:10:21,114,11.4
2024-12-17 22:10:22,72,7.2
2024-12-17 22:10:23,102,10.2
2024-12-17 22:10:24,101,10.1
2024-12-17 22:10:25,76,7.6
2024-12-17 22:10:26,105,10.5
2024-12-17 22:10:27,66,6.6
2024-12-17 22:10:28,84,8.4
2024-12-17 22:10:29,51,5.1
2024-12-17 22:10:30,157,15.7
2024-12-17 22:10:31,55,5.5
2024-12-17 22:10:32,73,7.3
2024-12-17 22:10:33,109,10.9
2024-12-17 22:10:34,111,11.1
2024-12-17 22:10:35,75,7.5
2024-12-17 22:10:36,157,15.7
2024-12-17 22:10:37,52,5.2
2024-12-17 22:10:38,65,6.5
2024-12-17 22:10:39,65,6.5
2024-12-17 22:10:40,130,13.0
2024-12-17 22:10:41,157,15.7
2024-12-17 22:10:42,123,12.3
2024-12-17 22:10:43,56,5.6
2024-12-17 22:10:44,127,12.7
2024-12-17 22:10:45,56,5.6
2024-12-17 22:10:46,155,15.5
2024-12-17 22:10:47,148,14.8
2024-12-17 22:10:48,108,10.8
2024-12-17 22:10:49,52,5.2
2024-12-17 22:10:50,109,10.9
2024-12-17 22:10:51,120,12.0
2024-12-17 22:10:52,91,9.1
2024-12-17 22:10:53,122,12.2
2024-12-17 22:10:54,70,7.0
2024-12-17 22:10:55,133,13.3
2024-12-17 22:10:56,123,12.3
2024-12-17 22:10:57,151,15.1
2024-12-17 22:10:58,142,14.2
2024-12-17 22:10:59,95,9.5
2024-12-17 22:11:00,81,8.1
2024-12-17 22:11:01,139,13.9
2024-12-17 22:11:02,120,12.0
2024-12-17 22:11:03,73,7.3
2024-12-17 22:11:04,103,10.3
2024-12-17 22:11:05,51,5.1
2024-12-17 22:11:06,88,8.8
2024-12-17 22:11:07,142,14.2
2024-12-17 22:11:08,153,15.3
2024-12-17 22:11:09,156,15.6
2024-12-17 22:11:10,91,9.1
2024-12-17 22:11:11,88,8.8
2024-12-17 22:11:12,54,5.4
2024-12-17 22:11:13,160,16.0
2024-12-17 22:11:14,54,5.4
2024-12-17 22:11:15,144,14.4
2024-12-17 22:11:16,110,11.0
2024-12-17 22:11:17,145,14.5
2024-12-17 22:11:18,81,8.1
2024-12-17 22:11:19,52,5.2
2024-12-17 22:11:20,100,10.0
2024-12-17 22:11:21,51,5.1
2024-12-17 22:11:22,116,11.6
2024-12-17 22:11:23,144,14.4
2024-12-17 22:11:24,91,9.1
2024-12-17 22:11:25,93,9.3
2024-12-17 22:11:26,60,6.0
2024-12-17 22:11:27,159,15.9
2024-12-17 22:11:28,136,13.6
2024-12-17 22:11:29,145,14.5
2024-12-17 22:11:30,147,14.7
2024-12-17 22:11:31,145,14.5
2024-12-17 22:11:32,62,6.2
2024-12-17 22:11:33,57,5.7
2024-12-17 22:11:34,71,7.1
2024-12-17 22:11:35,135,13.5
2024-12-17 22:11:36,58,5.8
2024-12-17 22:11:37,55,5.5
2024-12-17 22:11:38,78,7.8
2024-12-17 22:11:39,120,12.0
2024-12-17 22:11:40,120,12.0
2024-12-17 22:11:41,65,6.5
2024-12-17 22:11:42,152,15.2
2024-12-17 22:11:43,75,7.5
2024-12-17 22:11:44,149,14.9
2024-12-17 22:11:45,75,7.5
2024-12-17 22:11:46,140,14.0
2024-12-17 22:11:47,83,8.3
2024-12-17 22:11:48,85,8.5
2024-12-17 22:11:49,128,12.8
2024-12-17 22:11:50,118,11.8
2024-12-17 22:11:51,65,6.5
2024-12-17 22:11:52,79,7.9
2024-12-17 22:11:53,56,5.6
2024-12-17 22:11:54,160,16.0
2024-12-17 22:11:55,117,11.7
2024-12-17 22:11:56,68,6.8
2024-12-17 22:11:57,122,12.2
2024-12-17 22:11:58,136,13.6
2024-12-17 22:11:59,92,9.2
2024-12-17 22:12:00,109,10.9
2024-12-17 22:12:01,154,15.4
2024-12-17 22:12:02,100,10.0
2024-12-17 22:12:03,90,9.0
2024-12-17 22:12:04,156,15.6
2024-12-17 22:12:05,81,8.1
2024-12-17 22:12:06,138,13.8
2024-12-17 22:12:07,116,11.6
2024-12-17 22:12:08,131,13.1
2024-12-17 22:12:09,125,12.5
2024-12-17 22:12:10,71,7.1
2024-12-17 22:12:11,133,13.3
2024-12-17 22:12:12,104,10.4
2024-12-17 22:12:13,113,11.3
2024-12-17 22:12:14,144,14.4
2024-12-17 22:12:15,50,5.0
2024-12-17 22:12:16,84,8.4
2024-12-17 22:12:17,127,12.7
2024-12-17 22:12:18,95,9.5
2024-12-17 22:12:19,65,6.5
2024-12-17 22:12:20,130,13.0
2024-12-17 22:12:21,69,6.9
2024-12-17 22:12:22,64,6.4
2024-12-17 22:12:23,115,11.5
2024-12-17 22:12:24,107,10.7
2024-12-17 22:12:25,145,14.5
2024-12-17 22:12:26,155,15.5
2024-12-17 22:12:27,138,13.8
2024-12-17 22:12:28,55,5.5
2024-12-17 22:12:29,153,15.3
2024-12-17 22:12:30,134,13.4
2024-12-17 22:12:31,86,8.6
2024-12-17 22:12:32,121,12.1
2024-12-17 22:12:33,119,11.9
2024-12-17 22:12:34,99,9.9
2024-12-17 22:12:35,137,13.7
2024-12-17 22:12:36,160,16.0
2024-12-17 22:12:37,105,10.5
2024-12-17 22:12:38,62,6.2
2024-12-17 22:12:39,121,12.1
2024-12-17 22:12:40,67,6.7
2024-12-17 22:12:41,150,15.0
2024-12-17 22:12:42,115,11.5
2024-12-17 22:12:43,87,8.7
2024-12-17 22:12:44,86,8.6
2024-12-17 22:12:45,60,6.0
2024-12-17 22:12:46,59,5.9
2024-12-17 22:12:47,73,7.3
2024-12-17 22:12:48,153,15.3
2024-12-17 22:12:49,81,8.1
2024-12-17 22:12:50,142,14.2
2024-12-17 22:12:51,77,7.7
2024-12-17 22:12:52,117,11.7
2024-12-17 22:12:53,155,15.5
2024-12-17 22:12:54,160,16.0
2024-12-17 22:12:55,92,9.2
2024-12-17 22:12:56,140,14.0
2024-12-17 22:12:57,141,14.1
2024-12-17 22:12:58,148,14.8
2024-12-17 22:12:59,93,9.3
2024-12-17 22:13:00,142,14.2
2024-12-17 22:13:01,79,7.9
2024-12-17 22:13:02,54,5.4
2024-12-17 22:13:03,85,8.5
2024-12-17 22:13:04,131,13.1
2024-12-17 22:13:05,146,14.6
2024-12-17 22:13:06,137,13.7
2024-12-17 22:13:07,50,5.0
2024-12-17 22:13:08,133,13.3
2024-12-17 22:13:09,132,13.2
2024-12-17 22:13:10,72,7.2
2024-12-17 22:13:11,90,9.0
2024-12-17 22:13:12,155,15.5
2024-12-17 22:13:13,88,8.8
2024-12-17 22:13:14,69,6.9
2024-12-17 22:13:15,109,10.9
2024-12-17 22:13:16,107,10.7
2024-12-17 22:13:17,71,7.1
2024-12-17 22:13:18,101,10.1
2024-12-17 22:13:19,73,7.3
2024-12-17 22:13:20,88,8.8
2024-12-17 22:13:21,52,5.2
2024-12-17 22:13:22,129,12.9
2024-12-17 22:13:23,128,12.8
2024-12-17 22:13:24,87,8.7
2024-12-17 22:13:25,103,10.3
2024-12-17 22:13:26,80,8.0
2024-12-17 22:13:27,108,10.8
2024-12-17 22:13:28,60,6.0
2024-12-17 22:13:29,56,5.6
2024-12-17 22:13:30,65,6.5
2024-12-17 22:13:31,108,10.8
2024-12-17 22:13:32,84,8.4
2024-12-17 22:13:33,160,16.0
2024-12-17 22:13:34,133,13.3
2024-12-17 22:13:35,114,11.4
2024-12-17 22:13:36,55,5.5
2024-12-17 22:13:37,103,10.3
2024-12-17 22:13:38,147,14.7
2024-12-17 22:13:39,86,8.6
2024-12-17 22:13:40,71,7.1
2024-12-17 22:13:41,137,13.7
2024-12-17 22:13:42,151,15.1
2024-12-17 22:13:43,120,12.0
2024-12-17 22:13:44,89,8.9
2024-12-17 22:13:45,52,5.2
2024-12-17 22:13:46,93,9.3
2024-12-17 22:13:47,62,6.2
2024-12-17 22:13:48,67,6.7
2024-12-17 22:13:49,70,7.0
2024-12-17 22:13:50,90,9.0
2024-12-17 22:13:51,52,5.2
2024-12-17 22:13:52,120,12.0
2024-12-17 22:13:53,94,9.4
2024-12-17 22:13:54,158,15.8
2024-12-17 22:13:55,108,10.8
2024-12-17 22:13:56,120,12.0
2024-12-17 22:13:57,133,13.3
2024-12-17 22:13:58,50,5.0
2024-12-17 22:13:59,154,15.4
2024-12-17 22:14:00,104,10.4
2024-12-17 22:14:01,106,10.6
2024-12-17 22:14:02,141,14.1
2024-12-17 22:14:03,144,14.4
2024-12-17 22:14:04,112,11.2
2024-12-17 22:14:05,105,10.5
2024-12-17 22:14:06,92,9.2
2024-12-17 22:14:07,100,10.0
2024-12-17 22:14:08,144,14.4
2024-12-17 22:14:09,77,7.7
2024-12-17 22:14:10,127,12.7
2024-12-17 22:14:11,120,12.0
2024-12-17 22:14:12,54,5.4
2024-12-17 22:14:13,70,7.0
2024-12-17 22:14:14,58,5.8
2024-12-17 22:14:15,103,10.3
2024-12-17 22:14:16,121,12.1
2024-12-17 22:14:17,116,11.6
2024-12-17 22:14:18,52,5.2
2024-12-17 22:14:19,122,12.2
2024-12-17 22:14:20,135,13.5
2024-12-17 22:14:21,117,11.7
2024-12-17 22:14:22,130,13.0
2024-12-17 22:14:23,154,15.4
2024-12-17 22:14:24,140,14.0
2024-12-17 22:14:25,100,10.0
2024-12-17 22:14:26,81,8.1
2024-12-17 22:14:27,126,12.6
2024-12-17 22:14:28,90,9.0
2024-12-17 22:14:29,133,13.3
2024-12-17 22:14:30,135,13.5
2024-12-17 22:14:31,62,6.2
2024-12-17 22:14:32,146,14.6
2024-12-17 22:14:33,141,14.1
2024-12-17 22:14:34,160,16.0
2024-12-17 22:14:35,136,13.6
2024-12-17 22:14:36,154,15.4
2024-12-17 22:14:37,136,13.6
2024-12-17 22:14:38,135,13.5
2024-12-17 22:14:39,158,15.8
2024-12-17 22:14:40,131,13.1
2024-12-17 22:14:41,127,12.7
2024-12-17 22:14:42,57,5.7
2024-12-17 22:14:43,137,13.7
2024-12-17 22:14:44,62,6.2
2024-12-17 22:14:45,57,5.7
2024-12-17 22:14:46,116,11.6
2024-12-17 22:14:47,109,10.9
2024-12-17 22:14:48,77,7.7
2024-12-17 22:14:49,134,13.4
2024-12-17 22:14:50,70,7.0
2024-12-17 22:14:51,156,15.6
2024-12-17 22:14:52,83,8.3
2024-12-17 22:14:53,153,15.3
2024-12-17 22:14:54,77,7.7
2024-12-17 22:14:55,101,10.1
2024-12-17 22:14:56,62,6.2
2024-12-17 22:14:57,80,8.0
2024-12-17 22:14:58,139,13.9
2024-12-17 22:14:59,95,9.5
2024-12-17 22:15:00,108,10.8
2024-12-17 22:15:01,116,11.6
2024-12-17 22:15:02,125,12.5
2024-12-17 22:15:03,160,16.0
2024-12-17 22:15:04,97,9.7
2024-12-17 22:15:05,99,9.9
2024-12-17 22:15:06,84,8.4
2024-12-17 22:15:07,133,13.3
2024-12-17 22:15:08,100,10.0
2024-12-17 22:15:09,146,14.6
2024-12-17 22:15:10,70,7.0
2024-12-17 22:15:11,146,14.6
2024-12-17 22:15:12,96,9.6
2024-12-17 22:15:13,119,11.9
2024-12-17 22:15:14,52,5.2
2024-12-17 22:15:15,90,9.0
2024-12-17 22:15:16,106,10.6
2024-12-17 22:15:17,119,11.9
2024-12-17 22:15:18,56,5.6
2024-12-17 22:15:19,122,12.2
2024-12-17 22:15:20,145,14.5
2024-12-17 22:15:21,93,9.3
2024-12-17 22:15:22,141,14.1
2024-12-17 22:15:23,131,13.1
2024-12-17 22:15:24,125,12.5
2024-12-17 22:15:25,101,10.1
2024-12-17 22:15:26,94,9.4
2024-12-17 22:15:27,104,10.4
2024-12-17 22:15:28,114,11.4
2024-12-17 22:15:29,54,5.4
2024-12-17 22:15:30,144,14.4
2024-12-17 22:15:31,75,7.5
2024-12-17 22:15:32,151,15.1
2024-12-17 22:15:33,153,15.3
2024-12-17 22:15:34,97,9.7
2024-12-17 22:15:35,135,13.5
2024-12-17 22:15:36,105,10.5
2024-12-17 22:15:37,113,11.3
2024-12-17 22:15:38,117,11.7
2024-12-17 22:15:39,73,7.3
2024-12-17 22:15:40,87,8.7
2024-12-17 22:15:41,115,11.5
2024-12-17 22:15:42,140,14.0
2024-12-17 22:15:43,159,15.9
2024-12-17 22:15:44,142,14.2
2024-12-17 22:15:45,104,10.4
2024-12-17 22:15:46,67,6.7
2024-12-17 22:15:47,55,5.5
2024-12-17 22:15:48,124,12.4
2024-12-17 22:15:49,82,8.2
2024-12-17 22:15:50,68,6.8
2024-12-17 22:15:51,108,10.8
2024-12-17 22:15:52,92,9.2
2024-12-17 22:15:53,129,12.9
2024-12-17 22:15:54,96,9.6
2024-12-17 22:15:55,159,15.9
2024-12-17 22:15:56,115,11.5
2024-12-17 22:15:57,107,10.7
2024-12-17 22:15:58,107,10.7
2024-12-17 22:15:59,79,7.9
2024-12-17 22:16:00,78,7.8
2024-12-17 22:16:01,75,7.5
2024-12-17 22:16:02,63,6.3
2024-12-17 22:16:03,135,13.5
2024-12-17 22:16:04,135,13.5
2024-12-17 22:16:05,63,6.3
2024-12-17 22:16:06,60,6.0
2024-12-17 22:16:07,129,12.9
2024-12-17 22:16:08,133,13.3
2024-12-17 22:16:09,55,5.5
2024-12-17 22:16:10,58,5.8
2024-12-17 22:16:11,64,6.4
2024-12-17 22:16:12,108,10.8
2024-12-17 22:16:13,100,10.0
2024-12-17 22:16:14,121,12.1
2024-12-17 22:16:15,55,5.5
2024-12-17 22:16:16,79,7.9
2024-12-17 22:16:17,101,10.1
2024-12-17 22:16:18,111,11.1
2024-12-17 22:16:19,143,14.3
2024-12-17 22:16:20,59,5.9
2024-12-17 22:16:21,96,9.6
2024-12-17 22:16:22,85,8.5
2024-12-17 22:16:23,115,11.5
2024-12-17 22:16:24,144,14.4
2024-12-17 22:16:25,111,11.1
2024-12-17 22:16:26,141,14.1
2024-12-17 22:16:27,114,11.4
2024-12-17 22:16:28,129,12.9
2024-12-17 22:16:29,105,10.5
2024-12-17 22:16:30,104,10.4
2024-12-17 22:16:31,118,11.8
2024-12-17 22:16:32,124,12.4
2024-12-17 22:16:33,91,9.1
2024-12-17 22:16:34,94,9.4
2024-12-17 22:16:35,54,5.4
2024-12-17 22:16:36,117,11.7
2024-12-17 22:16:37,55,5.5
2024-12-17 22:16:38,84,8.4
2024-12-17 22:16:39,90,9.0
2024-12-17 22:16:40,50,5.0
2024-12-17 22:16:41,91,9.1
2024-12-17 22:16:42,146,14.6
2024-12-17 22:16:43,76,7.6
2024-12-17 22:16:44,108,10.8
2024-12-17 22:16:45,160,16.0
2024-12-17 22:16:46,139,13.9
2024-12-17 22:16:47,91,9.1
2024-12-17 22:16:48,155,15.5
2024-12-17 22:16:49,64,6.4
2024-12-17 22:16:50,73,7.3
2024-12-17 22:16:51,126,12.6
2024-12-17 22:16:52,98,9.8
2024-12-17 22:16:53,68,6.8
2024-12-17 22:16:54,84,8.4
2024-12-17 22:16:55,152,15.2
2024-12-17 22:16:56,57,5.7
2024-12-17 22:16:57,117,11.7
2024-12-17 22:16:58,116,11.6
2024-12-17 22:16:59,157,15.7
2024-12-17 22:17:00,73,7.3
2024-12-17 22:17:01,77,7.7
2024-12-17 22:17:02,141,14.1
2024-12-17 22:17:03,80,8.0
2024-12-17 22:17:04,97,9.7
2024-12-17 22:17:05,59,5.9
2024-12-17 22:17:06,115,11.5
2024-12-17 22:17:07,113,11.3
2024-12-17 22:17:08,51,5.1
2024-12-17 22:17:09,89,8.9
2024-12-17 22:17:10,157,15.7
2024-12-17 22:17:11,68,6.8
2024-12-17 22:17:12,137,13.7
2024-12-17 22:17:13,79,7.9
2024-12-17 22:17:14,92,9.2
2024-12-17 22:17:15,114,11.4
2024-12-17 22:17:16,89,8.9
2024-12-17 22:17:17,67,6.7
2024-12-17 22:17:18,50,5.0
2024-12-17 22:17:19,91,9.1
2024-12-17 22:17:20,154,15.4
2024-12-17 22:17:21,62,6.2
2024-12-17 22:17:22,124,12.4
2024-12-17 22:17:23,68,6.8
2024-12-17 22:17:24,135,13.5
2024-12-17 22:17:25,158,15.8
2024-12-17 22:17:26,153,15.3
2024-12-17 22:17:27,60,6.0
2024-12-17 22:17:28,62,6.2
2024-12-17 22:17:29,101,10.1
2024-12-17 22:17:30,62,6.2
2024-12-17 22:17:31,103,10.3
2024-12-17 22:17:32,65,6.5
2024-12-17 22:17:33,92,9.2
2024-12-17 22:17:34,74,7.4
2024-12-17 22:17:35,152,15.2
2024-12-17 22:17:36,154,15.4
2024-12-17 22:17:37,104,10.4
2024-12-17 22:17:38,100,10.0
2024-12-17 22:17:39,121,12.1
2024-12-17 22:17:40,137,13.7
2024-12-17 22:17:41,109,10.9
2024-12-17 22:17:42,96,9.6
2024-12-17 22:17:43,57,5.7
2024-12-17 22:17:44,93,9.3
2024-12-17 22:17:45,136,13.6
2024-12-17 22:17:46,68,6.8
2024-12-17 22:17:47,66,6.6
2024-12-17 22:17:48,150,15.0
2024-12-17 22:17:49,130,13.0
2024-12-17 22:17:50,132,13.2
2024-12-17 22:17:51,96,9.6
2024-12-17 22:17:52,153,15.3
2024-12-17 22:17:53,128,12.8
2024-12-17 22:17:54,61,6.1
2024-12-17 22:17:55,109,10.9
2024-12-17 22:17:56,128,12.8
2024-12-17 22:17:57,134,13.4
2024-12-17 22:17:58,135,13.5
2024-12-17 22:17:59,91,9.1
2024-12-17 22:18:00,63,6.3
2024-12-17 22:18:01,160,16.0
2024-12-17 22:18:02,69,6.9
2024-12-17 22:18:03,131,13.1
2024-12-17 22:18:04,159,15.9
2024-12-17 22:18:05,124,12.4
2024-12-17 22:18:06,65,6.5
2024-12-17 22:18:07,126,12.6
2024-12-17 22:18:08,82,8.2
2024-12-17 22:18:09,133,13.3
2024-12-17 22:18:10,79,7.9
2024-12-17 22:18:11,129,12.9
2024-12-17 22:18:12,147,14.7
2024-12-17 22:18:13,77,7.7
2024-12-17 22:18:14,51,5.1
2024-12-17 22:18:15,110,11.0
2024-12-17 22:18:16,158,15.8
2024-12-17 22:18:17,91,9.1
2024-12-17 22:18:18,143,14.3
2024-12-17 22:18:19,81,8.1
2024-12-17 22:18:20,152,15.2
2024-12-17 22:18:21,149,14.9
2024-12-17 22:18:22,56,5.6
2024-12-17 22:18:23,157,15.7
2024-12-17 22:18:24,70,7.0
2024-12-17 22:18:25,56,5.6
2024-12-17 22:18:26,145,14.5
2024-12-17 22:18:27,156,15.6
2024-12-17 22:18:28,57,5.7
2024-12-17 22:18:29,137,13.7
2024-12-17 22:18:30,107,10.7
2024-12-17 22:18:31,117,11.7
2024-12-17 22:18:32,91,9.1
2024-12-17 22:18:33,134,13.4
2024-12-17 22:18:34,91,9.1
2024-12-17 22:18:35,147,14.7
2024-12-17 22:18:36,53,5.3
2024-12-17 22:18:37,89,8.9
2024-12-17 22:18:38,151,15.1
2024-12-17 22:18:39,146,14.6
2024-12-17 22:18:40,124,12.4
2024-12-17 22:18:41,109,10.9
2024-12-17 22:18:42,133,13.3
2024-12-17 22:18:43,98,9.8
2024-12-17 22:18:44,147,14.7
2024-12-17 22:18:45,80,8.0
2024-12-17 22:18:46,82,8.2
2024-12-17 22:18:47,149,14.9
2024-12-17 22:18:48,100,10.0
2024-12-17 22:18:49,86,8.6
2024-12-17 22:18:50,81,8.1
2024-12-17 22:18:51,109,10.9
2024-12-17 22:18:52,139,13.9
2024-12-17 22:18:53,156,15.6
2024-12-17 22:18:54,122,12.2
2024-12-17 22:18:55,116,11.6
2024-12-17 22:18:56,87,8.7
2024-12-17 22:18:57,62,6.2
2024-12-17 22:18:58,80,8.0
2024-12-17 22:18:59,153,15.3
2024-12-17 22:19:00,121,12.1
2024-12-17 22:19:01,155,15.5
2024-12-17 22:19:02,131,13.1
2024-12-17 22:19:03,61,6.1
2024-12-17 22:19:04,91,9.1
2024-12-17 22:19:05,97,9.7
2024-12-17 22:19:06,110,11.0
2024-12-17 22:19:07,91,9.1
2024-12-17 22:19:08,112,11.2
2024-12-17 22:19:09,66,6.6
2024-12-17 22:19:10,106,10.6
2024-12-17 22:19:11,89,8.9
2024-12-17 22:19:12,118,11.8
2024-12-17 22:19:13,76,7.6
2024-12-17 22:19:14,65,6.5
2024-12-17 22:19:15,129,12.9
2024-12-17 22:19:16,115,11.5
2024-12-17 22:19:17,66,6.6
2024-12-17 22:19:18,137,13.7
2024-12-17 22:19:19,89,8.9
2024-12-17 22:19:20,92,9.2
2024-12-17 22:19:21,66,6.6
2024-12-17 22:19:22,100,10.0
2024-12-17 22:19:23,160,16.0
2024-12-17 22:19:24,131,13.1
2024-12-17 22:19:25,83,8.3
2024-12-17 22:19:26,132,13.2
2024-12-17 22:19:27,110,11.0
2024-12-17 22:19:28,51,5.1
2024-12-17 22:19:29,160,16.0
2024-12-17 22:19:30,149,14.9
2024-12-17 22:19:31,50,5.0
2024-12-17 22:19:32,103,10.3
2024-12-17 22:19:33,76,7.6
2024-12-17 22:19:34,114,11.4
2024-12-17 22:19:35,74,7.4
2024-12-17 22:19:36,105,10.5
2024-12-17 22:19:37,127,12.7
2024-12-17 22:19:38,111,11.1
2024-12-17 22:19:39,85,8.5
2024-12-17 22:19:40,57,5.7
2024-12-17 22:19:41,132,13.2
2024-12-17 22:19:42,116,11.6
2024-12-17 22:19:43,113,11.3
2024-12-17 22:19:44,138,13.8
2024-12-17 22:19:45,84,8.4
2024-12-17 22:19:46,134,13.4
2024-12-17 22:19:47,90,9.0
2024-12-17 22:19:48,128,12.8
2024-12-17 22:19:49,139,13.9
2024-12-17 22:19:50,129,12.9
2024-12-17 22:19:51,113,11.3
2024-12-17 22:19:52,52,5.2
2024-12-17 22:19:53,61,6.1
2024-12-17 22:19:54,97,9.7
2024-12-17 22:19:55,56,5.6
2024-12-17 22:19:56,90,9.0
2024-12-17 22:19:57,80,8.0
2024-12-17 22:19:58,73,7.3
2024-12-17 22:19:59,112,11.2
2024-12-17 22:20:00,131,13.1
2024-12-17 22:20:01,124,12.4
2024-12-17 22:20:02,52,5.2
2024-12-17 22:20:03,127,12.7
2024-12-17 22:20:04,138,13.8
2024-12-17 22:20:05,86,8.6
2024-12-17 22:20:06,80,8.0
2024-12-17 22:20:07,152,15.2
2024-12-17 22:20:08,101,10.1
2024-12-17 22:20:09,96,9.6
2024-12-17 22:20:10,108,10.8
2024-12-17 22:20:11,78,7.8
2024-12-17 22:20:12,101,10.1
2024-12-17 22:20:13,150,15.0
2024-12-17 22:20:14,95,9.5
2024-12-17 22:20:15,117,11.7
2024-12-17 22:20:16,125,12.5
2024-12-17 22:20:17,99,9.9
2024-12-17 22:20:18,73,7.3
2024-12-17 22:20:19,51,5.1
2024-12-17 22:20:20,75,7.5
2024-12-17 22:20:21,134,13.4
2024-12-17 22:20:22,89,8.9
2024-12-17 22:20:23,136,13.6
2024-12-17 22:20:24,80,8.0
2024-12-17 22:20:25,105,10.5
2024-12-17 22:20:26,155,15.5
2024-12-17 22:20:27,53,5.3
2024-12-17 22:20:28,91,9.1
2024-12-17 22:20:29,106,10.6
2024-12-17 22:20:30,157,15.7
2024-12-17 22:20:31,63,6.3
2024-12-17 22:20:32,155,15.5
2024-12-17 22:20:33,61,6.1
2024-12-17 22:20:34,69,6.9
2024-12-17 22:20:35,117,11.7
2024-12-17 22:20:36,124,12.4
2024-12-17 22:20:37,52,5.2
2024-12-17 22:20:38,156,15.6
2024-12-17 22:20:39,109,10.9
2024-12-17 22:20:40,110,11.0
2024-12-17 22:20:41,133,13.3
2024-12-17 22:20:42,114,11.4
2024-12-17 22:20:43,128,12.8
2024-12-17 22:20:44,139,13.9
2024-12-17 22:20:45,88,8.8
2024-12-17 22:20:46,137,13.7
2024-12-17 22:20:47,109,10.9
2024-12-17 22:20:48,65,6.5
2024-12-17 22:20:49,138,13.8
2024-12-17 22:20:50,101,10.1
2024-12-17 22:20:51,147,14.7
2024-12-17 22:20:52,158,15.8
2024-12-17 22:20:53,131,13.1
2024-12-17 22:20:54,50,5.0
2024-12-17 22:20:55,123,12.3
2024-12-17 22:20:56,158,15.8
2024-12-17 22:20:57,114,11.4
2024-12-17 22:20:58,51,5.1
2024-12-17 22:20:59,101,10.1
2024-12-17 22:21:00,106,10.6
2024-12-17 22:21:01,80,8.0
2024-12-17 22:21:02,159,15.9
2024-12-17 22:21:03,129,12.9
2024-12-17 22:21:04,135,13.5
2024-12-17 22:21:05,143,14.3
2024-12-17 22:21:06,134,13.4
2024-12-17 22:21:07,144,14.4
2024-12-17 22:21:08,102,10.2
2024-12-17 22:21:09,116,11.6
2024-12-17 22:21:10,64,6.4
2024-12-17 22:21:11,101,10.1
2024-12-17 22:21:12,144,14.4
2024-12-17 22:21:13,96,9.6
2024-12-17 22:21:14,92,9.2
2024-12-17 22:21:15,63,6.3
2024-12-17 22:21:16,157,15.7
2024-12-17 22:21:17,148,14.8
2024-12-17 22:21:18,90,9.0
2024-12-17 22:21:19,84,8.4
2024-12-17 22:21:20,128,12.8
2024-12-17 22:21:21,100,10.0
2024-12-17 22:21:22,126,12.6
2024-12-17 22:21:23,73,7.3
2024-12-17 22:21:24,152,15.2
2024-12-17 22:21:25,66,6.6
2024-12-17 22:21:26,129,12.9
2024-12-17 22:21:27,65,6.5
2024-12-17 22:21:28,96,9.6
2024-12-17 22:21:29,96,9.6
2024-12-17 22:21:30,128,12.8
2024-12-17 22:21:31,112,11.2
2024-12-17 22:21:32,62,6.2
2024-12-17 22:21:33,54,5.4
2024-12-17 22:21:34,145,14.5
2024-12-17 22:21:35,130,13.0
2024-12-17 22:21:36,59,5.9
2024-12-17 22:21:37,146,14.6
2024-12-17 22:21:38,93,9.3
2024-12-17 22:21:39,103,10.3
2024-12-17 22:21:40,57,5.7
2024-12-17 22:21:41,51,5.1
2024-12-17 22:21:42,139,13.9
2024-12-17 22:21:43,52,5.2
2024-12-17 22:21:44,132,13.2
2024-12-17 22:21:45,77,7.7
2024-12-17 22:21:46,96,9.6
2024-12-17 22:21:47,59,5.9
2024-12-17 22:21:48,135,13.5
2024-12-17 22:21:49,67,6.7
2024-12-17 22:21:50,143,14.3
2024-12-17 22:21:51,102,10.2
2024-12-17 22:21:52,93,9.3
2024-12-17 22:21:53,133,13.3
2024-12-17 22:21:54,120,12.0
2024-12-17 22:21:55,93,9.3
2024-12-17 22:21:56,83,8.3
2024-12-17 22:21:57,64,6.4
2024-12-17 22:21:58,80,8.0
2024-12-17 22:21:59,126,12.6
2024-12-17 22:22:00,130,13.0
2024-12-17 22:22:01,159,15.9
2024-12-17 22:22:02,149,14.9
2024-12-17 22:22:03,95,9.5
2024-12-17 22:22:04,134,13.4
2024-12-17 22:22:05,88,8.8
2024-12-17 22:22:06,123,12.3
2024-12-17 22:22:07,76,7.6
2024-12-17 22:22:08,81,8.1
2024-12-17 22:22:09,76,7.6
2024-12-17 22:22:10,76,7.6
2024-12-17 22:22:11,67,6.7
2024-12-17 22:22:12,102,10.2
2024-12-17 22:22:13,87,8.7
2024-12-17 22:22:14,87,8.7
2024-12-17 22:22:15,54,5.4
2024-12-17 22:22:16,106,10.6
2024-12-17 22:22:17,64,6.4
2024-12-17 22:22:18,114,11.4
2024-12-17 22:22:19,135,13.5
2024-12-17 22:22:20,136,13.6
2024-12-17 22:22:21,139,13.9
2024-12-17 22:22:22,148,14.8
2024-12-17 22:22:23,76,7.6
2024-12-17 22:22:24,78,7.8
2024-12-17 22:22:25,137,13.7
2024-12-17 22:22:26,138,13.8
2024-12-17 22:22:27,102,10.2
2024-12-17 22:22:28,62,6.2
2024-12-17 22:22:29,144,14.4
2024-12-17 22:22:30,96,9.6
2024-12-17 22:22:31,157,15.7
2024-12-17 22:22:32,54,5.4
2024-12-17 22:22:33,73,7.3
2024-12-17 22:22:34,66,6.6
2024-12-17 22:22:35,113,11.3
2024-12-17 22:22:36,108,10.8
2024-12-17 22:22:37,54,5.4
2024-12-17 22:22:38,106,10.6
2024-12-17 22:22:39,61,6.1
2024-12-17 22:22:40,147,14.7
2024-12-17 22:22:41,55,5.5
2024-12-17 22:22:42,127,12.7
2024-12-17 22:22:43,129,12.9
2024-12-17 22:22:44,56,5.6
2024-12-17 22:22:45,159,15.9
2024-12-17 22:22:46,109,10.9
2024-12-17 22:22:47,105,10.5
2024-12-17 22:22:48,60,6.0
2024-12-17 22:22:49,68,6.8
2024-12-17 22:22:50,57,5.7
2024-12-17 22:22:51,138,13.8
2024-12-17 22:22:52,151,15.1
2024-12-17 22:22:53,136,13.6
2024-12-17 22:22:54,103,10.3
2024-12-17 22:22:55,131,13.1
2024-12-17 22:22:56,120,12.0
2024-12-17 22:22:57,156,15.6
2024-12-17 22:22:58,130,13.0
2024-12-17 22:22:59,97,9.7
2024-12-17 22:23:00,73,7.3
2024-12-17 22:23:01,152,15.2
2024-12-17 22:23:02,79,7.9
2024-12-17 22:23:03,149,14.9
2024-12-17 22:23:04,99,9.9
2024-12-17 22:23:05,116,11.6
2024-12-17 22:23:06,130,13.0
2024-12-17 22:23:07,138,13.8
2024-12-17 22:23:08,70,7.0
2024-12-17 22:23:09,115,11.5
2024-12-17 22:23:10,111,11.1
2024-12-17 22:23:11,137,13.7
2024-12-17 22:23:12,157,15.7
2024-12-17 22:23:13,105,10.5
2024-12-17 22:23:14,72,7.2
2024-12-17 22:23:15,69,6.9
2024-12-17 22:23:16,95,9.5
2024-12-17 22:23:17,118,11.8
2024-12-17 22:23:18,89,8.9
2024-12-17 22:23:19,54,5.4
2024-12-17 22:23:20,91,9.1
2024-12-17 22:23:21,99,9.9
2024-12-17 22:23:22,82,8.2
2024-12-17 22:23:23,94,9.4
2024-12-17 22:23:24,60,6.0
2024-12-17 22:23:25,86,8.6
2024-12-17 22:23:26,157,15.7
2024-12-17 22:23:27,153,15.3
2024-12-17 22:23:28,97,9.7
2024-12-17 22:23:29,54,5.4
2024-12-17 22:23:30,57,5.7
2024-12-17 22:23:31,84,8.4
2024-12-17 22:23:32,99,9.9
2024-12-17 22:23:33,55,5.5
2024-12-17 22:23:34,111,11.1
2024-12-17 22:23:35,147,14.7
2024-12-17 22:23:36,139,13.9
2024-12-17 22:23:37,125,12.5
2024-12-17 22:23:38,141,14.1
2024-12-17 22:23:39,159,15.9
2024-12-17 22:23:40,95,9.5
2024-12-17 22:23:41,111,11.1
2024-12-17 22:23:42,72,7.2
2024-12-17 22:23:43,98,9.8
2024-12-17 22:23:44,123,12.3
2024-12-17 22:23:45,124,12.4
2024-12-17 22:23:46,52,5.2
2024-12-17 22:23:47,85,8.5
2024-12-17 22:23:48,119,11.9
2024-12-17 22:23:49,72,7.2
2024-12-17 22:23:50,81,8.1
2024-12-17 22:23:51,66,6.6
2024-12-17 22:23:52,110,11.0
2024-12-17 22:23:53,94,9.4
2024-12-17 22:23:54,86,8.6
2024-12-17 22:23:55,118,11.8
2024-12-17 22:23:56,120,12.0
2024-12-17 22:23:57,127,12.7
2024-12-17 22:23:58,85,8.5
2024-12-17 22:23:59,63,6.3
2024-12-17 22:24:00,144,14.4
2024-12-17 22:24:01,76,7.6
2024-12-17 22:24:02,94,9.4
2024-12-17 22:24:03,128,12.8
2024-12-17 22:24:04,53,5.3
2024-12-17 22:24:05,58,5.8
2024-12-17 22:24:06,67,6.7
2024-12-17 22:24:07,63,6.3
2024-12-17 22:24:08,74,7.4
2024-12-17 22:24:09,141,14.1
2024-12-17 22:24:10,77,7.7
2024-12-17 22:24:11,125,12.5
2024-12-17 22:24:12,111,11.1
2024-12-17 22:24:13,55,5.5
2024-12-17 22:24:14,130,13.0
2024-12-17 22:24:15,148,14.8
2024-12-17 22:24:16,90,9.0
2024-12-17 22:24:17,77,7.7
2024-12-17 22:24:18,133,13.3
2024-12-17 22:24:19,84,8.4
2024-12-17 22:24:20,53,5.3
2024-12-17 22:24:21,57,5.7
2024-12-17 22:24:22,56,5.6
2024-12-17 22:24:23,92,9.2
2024-12-17 22:24:24,51,5.1
2024-12-17 22:24:25,103,10.3
2024-12-17 22:24:26,60,6.0
2024-12-17 22:24:27,129,12.9
2024-12-17 22:24:28,130,13.0
2024-12-17 22:24:29,126,12.6
2024-12-17 22:24:30,154,15.4
2024-12-17 22:24:31,104,10.4
2024-12-17 22:24:32,151,15.1
2024-12-17 22:24:33,144,14.4
2024-12-17 22:24:34,145,14.5
2024-12-17 22:24:35,131,13.1
2024-12-17 22:24:36,59,5.9
2024-12-17 22:24:37,137,13.7
2024-12-17 22:24:38,107,10.7
2024-12-17 22:24:39,127,12.7
2024-12-17 22:24:40,122,12.2
2024-12-17 22:24:41,109,10.9
2024-12-17 22:24:42,123,12.3
2024-12-17 22:24:43,60,6.0
2024-12-17 22:24:44,160,16.0
2024-12-17 22:24:45,143,14.3
2024-12-17 22:24:46,81,8.1
2024-12-17 22:24:47,148,14.8
2024-12-17 22:24:48,50,5.0
2024-12-17 22:24:49,83,8.3
2024-12-17 22:24:50,72,7.2
2024-12-17 22:24:51,73,7.3
2024-12-17 22:24:52,88,8.8
2024-12-17 22:24:53,133,13.3
2024-12-17 22:24:54,102,10.2
2024-12-17 22:24:55,99,9.9
2024-12-17 22:24:56,64,6.4
2024-12-17 22:24:57,146,14.6
2024-12-17 22:24:58,61,6.1
2024-12-17 22:24:59,67,6.7
2024-12-17 22:25:00,122,12.2
2024-12-17 22:25:01,156,15.6
2024-12-17 22:25:02,102,10.2
2024-12-17 22:25:03,118,11.8
2024-12-17 22:25:04,82,8.2
2024-12-17 22:25:05,129,12.9
2024-12-17 22:25:06,83,8.3
2024-12-17 22:25:07,81,8.1
2024-12-17 22:25:08,127,12.7
2024-12-17 22:25:09,86,8.6
2024-12-17 22:25:10,96,9.6
2024-12-17 22:25:11,69,6.9
2024-12-17 22:25:12,99,9.9
2024-12-17 22:25:13,91,9.1
2024-12-17 22:25:14,91,9.1
2024-12-17 22:25:15,94,9.4
2024-12-17 22:25:16,102,10.2
2024-12-17 22:25:17,67,6.7
2024-12-17 22:25:18,135,13.5
2024-12-17 22:25:19,108,10.8
2024-12-17 22:25:20,138,13.8
2024-12-17 22:25:21,99,9.9
2024-12-17 22:25:22,146,14.6
2024-12-17 22:25:23,66,6.6
2024-12-17 22:25:24,73,7.3
2024-12-17 22:25:25,67,6.7
2024-12-17 22:25:26,129,12.9
2024-12-17 22:25:27,130,13.0
2024-12-17 22:25:28,150,15.0
2024-12-17 22:25:29,111,11.1
2024-12-17 22:25:30,80,8.0
2024-12-17 22:25:31,126,12.6
2024-12-17 22:25:32,50,5.0
2024-12-17 22:25:33,53,5.3
2024-12-17 22:25:34,147,14.7
2024-12-17 22:25:35,100,10.0
2024-12-17 22:25:36,113,11.3
2024-12-17 22:25:37,84,8.4
2024-12-17 22:25:38,77,7.7
2024-12-17 22:25:39,90,9.0
2024-12-17 22:25:40,85,8.5
2024-12-17 22:25:41,154,15.4
2024-12-17 22:25:42,149,14.9
2024-12-17 22:25:43,92,9.2
2024-12-17 22:25:44,71,7.1
2024-12-17 22:25:45,67,6.7
2024-12-17 22:25:46,72,7.2
2024-12-17 22:25:47,146,14.6
2024-12-17 22:25:48,91,9.1
2024-12-17 22:25:49,62,6.2
2024-12-17 22:25:50,127,12.7
2024-12-17 22:25:51,67,6.7
2024-12-17 22:25:52,113,11.3
2024-12-17 22:25:53,124,12.4
2024-12-17 22:25:54,152,15.2
2024-12-17 22:25:55,59,5.9
2024-12-17 22:25:56,127,12.7
2024-12-17 22:25:57,55,5.5
2024-12-17 22:25:58,67,6.7
2024-12-17 22:25:59,138,13.8
2024-12-17 22:26:00,141,14.1
2024-12-17 22:26:01,95,9.5
2024-12-17 22:26:02,69,6.9
2024-12-17 22:26:03,62,6.2
2024-12-17 22:26:04,99,9.9
2024-12-17 22:26:05,72,7.2
2024-12-17 22:26:06,97,9.7
2024-12-17 22:26:07,116,11.6
2024-12-17 22:26:08,155,15.5
2024-12-17 22:26:09,124,12.4
2024-12-17 22:26:10,93,9.3
2024-12-17 22:26:11,145,14.5
2024-12-17 22:26:12,152,15.2
2024-12-17 22:26:13,107,10.7
2024-12-17 22:26:14,123,12.3
2024-12-17 22:26:15,50,5.0
2024-12-17 22:26:16,95,9.5
2024-12-17 22:26:17,149,14.9
2024-12-17 22:26:18,70,7.0
2024-12-17 22:26:19,56,5.6
2024-12-17 22:26:20,153,15.3
2024-12-17 22:26:21,123,12.3
2024-12-17 22:26:22,116,11.6
2024-12-17 22:26:23,137,13.7
2024-12-17 22:26:24,58,5.8
2024-12-17 22:26:25,156,15.6
2024-12-17 22:26:26,155,15.5
2024-12-17 22:26:27,111,11.1
2024-12-17 22:26:28,140,14.0
2024-12-17 22:26:29,96,9.6
2024-12-17 22:26:30,102,10.2
2024-12-17 22:26:31,52,5.2
2024-12-17 22:26:32,117,11.7
2024-12-17 22:26:33,102,10.2
2024-12-17 22:26:34,114,11.4
2024-12-17 22:26:35,118,11.8
2024-12-17 22:26:36,110,11.0
2024-12-17 22:26:37,77,7.7
2024-12-17 22:26:38,137,13.7
2024-12-17 22:26:39,90,9.0
2024-12-17 22:26:40,98,9.8
2024-12-17 22:26:41,58,5.8
2024-12-17 22:26:42,148,14.8
2024-12-17 22:26:43,84,8.4
2024-12-17 22:26:44,71,7.1
2024-12-17 22:26:45,116,11.6
2024-12-17 22:26:46,106,10.6
2024-12-17 22:26:47,124,12.4
2024-12-17 22:26:48,53,5.3
2024-12-17 22:26:49,103,10.3
2024-12-17 22:26:50,132,13.2
2024-12-17 22:26:51,65,6.5
2024-12-17 22:26:52,129,12.9
2024-12-17 22:26:53,153,15.3
2024-12-17 22:26:54,142,14.2
2024-12-17 22:26:55,128,12.8
2024-12-17 22:26:56,87,8.7
2024-12-17 22:26:57,86,8.6
2024-12-17 22:26:58,65,6.5
2024-12-17 22:26:59,90,9.0
2024-12-17 22:27:00,82,8.2
2024-12-17 22:27:01,101,10.1
2024-12-17 22:27:02,58,5.8
2024-12-17 22:27:03,139,13.9
2024-12-17 22:27:04,152,15.2
2024-12-17 22:27:05,157,15.7
2024-12-17 22:27:06,51,5.1
2024-12-17 22:27:07,100,10.0
2024-12-17 22:27:08,134,13.4
2024-12-17 22:27:09,144,14.4
2024-12-17 22:27:10,119,11.9
2024-12-17 22:27:11,158,15.8
2024-12-17 22:27:12,135,13.5
2024-12-17 22:27:13,128,12.8
2024-12-17 22:27:14,75,7.5
2024-12-17 22:27:15,63,6.3
2024-12-17 22:27:16,62,6.2
2024-12-17 22:27:17,79,7.9
2024-12-17 22:27:18,147,14.7
2024-12-17 22:27:19,113,11.3
2024-12-17 22:27:20,63,6.3
2024-12-17 22:27:21,104,10.4
2024-12-17 22:27:22,154,15.4
2024-12-17 22:27:23,80,8.0
2024-12-17 22:27:24,132,13.2
2024-12-17 22:27:25,121,12.1
2024-12-17 22:27:26,118,11.8
2024-12-17 22:27:27,99,9.9
2024-12-17 22:27:28,159,15.9
2024-12-17 22:27:29,150,15.0
2024-12-17 22:27:30,127,12.7
2024-12-17 22:27:31,68,6.8
2024-12-17 22:27:32,76,7.6
2024-12-17 22:27:33,145,14.5
2024-12-17 22:27:34,92,9.2
2024-12-17 22:27:35,113,11.3
2024-12-17 22:27:36,151,15.1
2024-12-17 22:27:37,67,6.7
2024-12-17 22:27:38,80,8.0
2024-12-17 22:27:39,141,14.1
2024-12-17 22:27:40,131,13.1
2024-12-17 22:27:41,125,12.5
2024-12-17 22:27:42,154,15.4
2024-12-17 22:27:43,85,8.5
2024-12-17 22:27:44,75,7.5
2024-12-17 22:27:45,64,6.4
2024-12-17 22:27:46,108,10.8
2024-12-17 22:27:47,115,11.5
2024-12-17 22:27:48,146,14.6
2024-12-17 22:27:49,119,11.9
2024-12-17 22:27:50,148,14.8
2024-12-17 22:27:51,142,14.2
2024-12-17 22:27:52,154,15.4
2024-12-17 22:27:53,158,15.8
2024-12-17 22:27:54,101,10.1
2024-12-17 22:27:55,61,6.1
2024-12-17 22:27:56,143,14.3
2024-12-17 22:27:57,67,6.7
2024-12-17 22:27:58,136,13.6
2024-12-17 22:27:59,117,11.7
2024-12-17 22:28:00,154,15.4
2024-12-17 22:28:01,58,5.8
2024-12-17 22:28:02,112,11.2
2024-12-17 22:28:03,90,9.0
2024-12-17 22:28:04,66,6.6
2024-12-17 22:28:05,109,10.9
2024-12-17 22:28:06,127,12.7
2024-12-17 22:28:07,131,13.1
2024-12-17 22:28:08,69,6.9
2024-12-17 22:28:09,95,9.5
2024-12-17 22:28:10,106,10.6
2024-12-17 22:28:11,122,12.2
2024-12-17 22:28:12,160,16.0
2024-12-17 22:28:13,144,14.4
2024-12-17 22:28:14,148,14.8
2024-12-17 22:28:15,55,5.5
2024-12-17 22:28:16,143,14.3
2024-12-17 22:28:17,129,12.9
2024-12-17 22:28:18,58,5.8
2024-12-17 22:28:19,76,7.6
2024-12-17 22:28:20,125,12.5
2024-12-17 22:28:21,56,5.6
2024-12-17 22:28:22,130,13.0
2024-12-17 22:28:23,135,13.5
2024-12-17 22:28:24,92,9.2
2024-12-17 22:28:25,67,6.7
2024-12-17 22:28:26,110,11.0
2024-12-17 22:28:27,130,13.0
2024-12-17 22:28:28,160,16.0
2024-12-17 22:28:29,80,8.0
2024-12-17 22:28:30,96,9.6
2024-12-17 22:28:31,131,13.1
2024-12-17 22:28:32,99,9.9
2024-12-17 22:28:33,101,10.1
2024-12-17 22:28:34,56,5.6
2024-12-17 22:28:35,109,10.9
2024-12-17 22:28:36,114,11.4
2024-12-17 22:28:37,60,6.0
2024-12-17 22:28:38,154,15.4
2024-12-17 22:28:39,152,15.2
2024-12-17 22:28:40,61,6.1
2024-12-17 22:28:41,67,6.7
2024-12-17 22:28:42,113,11.3
2024-12-17 22:28:43,109,10.9
2024-12-17 22:28:44,77,7.7
2024-12-17 22:28:45,84,8.4
2024-12-17 22:28:46,77,7.7
2024-12-17 22:28:47,112,11.2
2024-12-17 22:28:48,92,9.2
2024-12-17 22:28:49,118,11.8
2024-12-17 22:28:50,118,11.8
2024-12-17 22:28:51,147,14.7
2024-12-17 22:28:52,116,11.6
2024-12-17 22:28:53,76,7.6
2024-12-17 22:28:54,140,14.0
2024-12-17 22:28:55,58,5.8
2024-12-17 22:28:56,53,5.3
2024-12-17 22:28:57,116,11.6
2024-12-17 22:28:58,152,15.2
2024-12-17 22:28:59,150,15.0
2024-12-17 22:29:00,90,9.0
2024-12-17 22:29:01,132,13.2
2024-12-17 22:29:02,93,9.3
2024-12-17 22:29:03,96,9.6
2024-12-17 22:29:04,105,10.5
2024-12-17 22:29:05,133,13.3
2024-12-17 22:29:06,84,8.4
2024-12-17 22:29:07,153,15.3
2024-12-17 22:29:08,148,14.8
2024-12-17 22:29:09,143,14.3
2024-12-17 22:29:10,50,5.0
2024-12-17 22:29:11,81,8.1
2024-12-17 22:29:12,92,9.2
2024-12-17 22:29:13,106,10.6
2024-12-17 22:29:14,98,9.8
2024-12-17 22:29:15,145,14.5
2024-12-17 22:29:16,67,6.7
2024-12-17 22:29:17,108,10.8
2024-12-17 22:29:18,68,6.8
2024-12-17 22:29:19,93,9.3
2024-12-17 22:29:20,69,6.9
2024-12-17 22:29:21,149,14.9
2024-12-17 22:29:22,53,5.3
2024-12-17 22:29:23,72,7.2
2024-12-17 22:29:24,109,10.9
2024-12-17 22:29:25,80,8.0
2024-12-17 22:29:26,130,13.0
2024-12-17 22:29:27,88,8.8
2024-12-17 22:29:28,79,7.9
2024-12-17 22:29:29,140,14.0
2024-12-17 22:29:30,159,15.9
2024-12-17 22:29:31,104,10.4
2024-12-17 22:29:32,76,7.6
2024-12-17 22:29:33,114,11.4
2024-12-17 22:29:34,51,5.1
2024-12-17 22:29:35,98,9.8
2024-12-17 22:29:36,160,16.0
2024-12-17 22:29:37,104,10.4
2024-12-17 22:29:38,145,14.5
2024-12-17 22:29:39,67,6.7
2024-12-17 22:29:40,74,7.4
2024-12-17 22:29:41,57,5.7
2024-12-17 22:29:42,151,15.1
2024-12-17 22:29:43,125,12.5
2024-12-17 22:29:44,128,12.8
2024-12-17 22:29:45,50,5.0
2024-12-17 22:29:46,141,14.1
2024-12-17 22:29:47,58,5.8
2024-12-17 22:29:48,141,14.1
2024-12-17 22:29:49,86,8.6
2024-12-17 22:29:50,84,8.4
2024-12-17 22:29:51,160,16.0
2024-12-17 22:29:52,70,7.0
2024-12-17 22:29:53,85,8.5
2024-12-17 22:29:54,124,12.4
2024-12-17 22:29:55,151,15.1
2024-12-17 22:29:56,103,10.3
2024-12-17 22:29:57,58,5.8
2024-12-17 22:29:58,129,12.9
2024-12-17 22:29:59,96,9.6
2024-12-17 22:30:00,65,6.5
2024-12-17 22:30:01,94,9.4
2024-12-17 22:30:02,159,15.9
2024-12-17 22:30:03,125,12.5
2024-12-17 22:30:04,57,5.7
2024-12-17 22:30:05,97,9.7
2024-12-17 22:30:06,118,11.8
2024-12-17 22:30:07,104,10.4
2024-12-17 22:30:08,136,13.6
2024-12-17 22:30:09,89,8.9
2024-12-17 22:30:10,99,9.9
2024-12-17 22:30:11,83,8.3
2024-12-17 22:30:12,117,11.7
2024-12-17 22:30:13,63,6.3
2024-12-17 22:30:14,81,8.1
2024-12-17 22:30:15,61,6.1
2024-12-17 22:30:16,98,9.8
2024-12-17 22:30:17,52,5.2
2024-12-17 22:30:18,99,9.9
2024-12-17 22:30:19,125,12.5
2024-12-17 22:30:20,94,9.4
2024-12-17 22:30:21,142,14.2
2024-12-17 22:30:22,88,8.8
2024-12-17 22:30:23,100,10.0
2024-12-17 22:30:24,83,8.3
2024-12-17 22:30:25,67,6.7
2024-12-17 22:30:26,50,5.0
2024-12-17 22:30:27,122,12.2
2024-12-17 22:30:28,54,5.4
2024-12-17 22:30:29,158,15.8
2024-12-17 22:30:30,92,9.2
2024-12-17 22:30:31,140,14.0
2024-12-17 22:30:32,145,14.5
2024-12-17 22:30:33,62,6.2
2024-12-17 22:30:34,106,10.6
2024-12-17 22:30:35,149,14.9
2024-12-17 22:30:36,81,8.1
2024-12-17 22:30:37,146,14.6
2024-12-17 22:30:38,97,9.7
2024-12-17 22:30:39,68,6.8
2024-12-17 22:30:40,143,14.3
2024-12-17 22:30:41,148,14.8
2024-12-17 22:30:42,55,5.5
2024-12-17 22:30:43,134,13.4
2024-12-17 22:30:44,140,14.0
2024-12-17 22:30:45,88,8.8
2024-12-17 22:30:46,56,5.6
2024-12-17 22:30:47,101,10.1
2024-12-17 22:30:48,116,11.6
2024-12-17 22:30:49,74,7.4
2024-12-17 22:30:50,145,14.5
2024-12-17 22:30:51,94,9.4
2024-12-17 22:30:52,83,8.3
2024-12-17 22:30:53,94,9.4
2024-12-17 22:30:54,118,11.8
2024-12-17 22:30:55,128,12.8
2024-12-17 22:30:56,103,10.3
2024-12-17 22:30:57,91,9.1
2024-12-17 22:30:58,54,5.4
2024-12-17 22:30:59,64,6.4
2024-12-17 22:31:00,149,14.9
2024-12-17 22:31:01,114,11.4
2024-12-17 22:31:02,128,12.8
2024-12-17 22:31:03,90,9.0
2024-12-17 22:31:04,135,13.5
2024-12-17 22:31:05,147,14.7
2024-12-17 22:31:06,106,10.6
2024-12-17 22:31:07,132,13.2
2024-12-17 22:31:08,85,8.5
2024-12-17 22:31:09,100,10.0
2024-12-17 22:31:10,119,11.9
2024-12-17 22:31:11,74,7.4
2024-12-17 22:31:12,131,13.1
2024-12-17 22:31:13,130,13.0
2024-12-17 22:31:14,139,13.9
2024-12-17 22:31:15,142,14.2
2024-12-17 22:31:16,92,9.2
2024-12-17 22:31:17,102,10.2
2024-12-17 22:31:18,158,15.8
2024-12-17 22:31:19,106,10.6
2024-12-17 22:31:20,148,14.8
2024-12-17 22:31:21,138,13.8
2024-12-17 22:31:22,93,9.3
2024-12-17 22:31:23,50,5.0
2024-12-17 22:31:24,111,11.1
2024-12-17 22:31:25,115,11.5
2024-12-17 22:31:26,80,8.0
2024-12-17 22:31:27,126,12.6
2024-12-17 22:31:28,78,7.8
2024-12-17 22:31:29,63,6.3
2024-12-17 22:31:30,85,8.5
2024-12-17 22:31:31,160,16.0
2024-12-17 22:31:32,84,8.4
2024-12-17 22:31:33,50,5.0
2024-12-17 22:31:34,73,7.3
2024-12-17 22:31:35,133,13.3
2024-12-17 22:31:36,88,8.8
2024-12-17 22:31:37,76,7.6
2024-12-17 22:31:38,128,12.8
2024-12-17 22:31:39,74,7.4
2024-12-17 22:31:40,71,7.1
2024-12-17 22:31:41,95,9.5
2024-12-17 22:31:42,98,9.8
2024-12-17 22:31:43,87,8.7
2024-12-17 22:31:44,74,7.4
2024-12-17 22:31:45,87,8.7
2024-12-17 22:31:46,99,9.9
2024-12-17 22:31:47,152,15.2
2024-12-17 22:31:48,133,13.3
2024-12-17 22:31:49,78,7.8
2024-12-17 22:31:50,145,14.5
2024-12-17 22:31:51,85,8.5
2024-12-17 22:31:52,78,7.8
2024-12-17 22:31:53,145,14.5
2024-12-17 22:31:54,125,12.5
2024-12-17 22:31:55,139,13.9
2024-12-17 22:31:56,63,6.3
2024-12-17 22:31:57,52,5.2
2024-12-17 22:31:58,142,14.2
2024-12-17 22:31:59,73,7.3
2024-12-17 22:32:00,91,9.1
2024-12-17 22:32:01,55,5.5
2024-12-17 22:32:02,66,6.6
2024-12-17 22:32:03,104,10.4
2024-12-17 22:32:04,138,13.8
2024-12-17 22:32:05,56,5.6
2024-12-17 22:32:06,83,8.3
2024-12-17 22:32:07,114,11.4
2024-12-17 22:32:08,94,9.4
2024-12-17 22:32:09,80,8.0
2024-12-17 22:32:10,75,7.5
2024-12-17 22:32:11,128,12.8
2024-12-17 22:32:12,99,9.9
2024-12-17 22:32:13,70,7.0
2024-12-17 22:32:14,53,5.3
2024-12-17 22:32:15,154,15.4
2024-12-17 22:32:16,124,12.4
2024-12-17 22:32:17,52,5.2
2024-12-17 22:32:18,127,12.7
2024-12-17 22:32:19,74,7.4
2024-12-17 22:32:20,52,5.2
2024-12-17 22:32:21,135,13.5
2024-12-17 22:32:22,139,13.9
2024-12-17 22:32:23,62,6.2
2024-12-17 22:32:24,140,14.0
2024-12-17 22:32:25,51,5.1
2024-12-17 22:32:26,141,14.1
2024-12-17 22:32:27,100,10.0
2024-12-17 22:32:28,99,9.9
2024-12-17 22:32:29,60,6.0
2024-12-17 22:32:30,158,15.8
2024-12-17 22:32:31,81,8.1
2024-12-17 22:32:32,113,11.3
2024-12-17 22:32:33,111,11.1
2024-12-17 22:32:34,124,12.4
2024-12-17 22:32:35,144,14.4
2024-12-17 22:32:36,153,15.3
2024-12-17 22:32:37,62,6.2
2024-12-17 22:32:38,97,9.7
2024-12-17 22:32:39,62,6.2
2024-12-17 22:32:40,132,13.2
2024-12-17 22:32:41,72,7.2
2024-12-17 22:32:42,104,10.4
2024-12-17 22:32:43,134,13.4
2024-12-17 22:32:44,116,11.6
2024-12-17 22:32:45,112,11.2
2024-12-17 22:32:46,133,13.3
2024-12-17 22:32:47,89,8.9
2024-12-17 22:32:48,100,10.0
2024-12-17 22:32:49,80,8.0
2024-12-17 22:32:50,116,11.6
2024-12-17 22:32:51,50,5.0
2024-12-17 22:32:52,107,10.7
2024-12-17 22:32:53,143,14.3
2024-12-17 22:32:54,59,5.9
2024-12-17 22:32:55,130,13.0
2024-12-17 22:32:56,90,9.0
2024-12-17 22:32:57,124,12.4
2024-12-17 22:32:58,133,13.3
2024-12-17 22:32:59,72,7.2
2024-12-17 22:33:00,119,11.9
2024-12-17 22:33:01,81,8.1
2024-12-17 22:33:02,122,12.2
2024-12-17 22:33:03,124,12.4
2024-12-17 22:33:04,78,7.8
2024-12-17 22:33:05,142,14.2
2024-12-17 22:33:06,152,15.2
2024-12-17 22:33:07,86,8.6
2024-12-17 22:33:08,125,12.5
2024-12-17 22:33:09,128,12.8
2024-12-17 22:33:10,93,9.3
2024-12-17 22:33:11,160,16.0
2024-12-17 22:33:12,136,13.6
2024-12-17 22:33:13,103,10.3
2024-12-17 22:33:14,113,11.3
2024-12-17 22:33:15,142,14.2
2024-12-17 22:33:16,55,5.5
2024-12-17 22:33:17,127,12.7
2024-12-17 22:33:18,131,13.1
2024-12-17 22:33:19,71,7.1
2024-12-17 22:33:20,105,10.5
2024-12-17 22:33:21,55,5.5
2024-12-17 22:33:22,149,14.9
2024-12-17 22:33:23,108,10.8
2024-12-17 22:33:24,125,12.5
2024-12-17 22:33:25,123,12.3
2024-12-17 22:33:26,70,7.0
2024-12-17 22:33:27,159,15.9
2024-12-17 22:33:28,149,14.9
2024-12-17 22:33:29,93,9.3
2024-12-17 22:33:30,113,11.3
2024-12-17 22:33:31,93,9.3
2024-12-17 22:33:32,107,10.7
2024-12-17 22:33:33,138,13.8
2024-12-17 22:33:34,61,6.1
2024-12-17 22:33:35,78,7.8
2024-12-17 22:33:36,89,8.9
2024-12-17 22:33:37,82,8.2
2024-12-17 22:33:38,54,5.4
2024-12-17 22:33:39,79,7.9
2024-12-17 22:33:40,137,13.7
2024-12-17 22:33:41,135,13.5
2024-12-17 22:33:42,56,5.6
2024-12-17 22:33:43,54,5.4
2024-12-17 22:33:44,150,15.0
2024-12-17 22:33:45,81,8.1
2024-12-17 22:33:46,84,8.4
2024-12-17 22:33:47,130,13.0
2024-12-17 22:33:48,128,12.8
2024-12-17 22:33:49,81,8.1
2024-12-17 22:33:50,129,12.9
2024-12-17 22:33:51,84,8.4
2024-12-17 22:33:52,158,15.8
2024-12-17 22:33:53,154,15.4
2024-12-17 22:33:54,51,5.1
2024-12-17 22:33:55,50,5.0
2024-12-17 22:33:56,143,14.3
2024-12-17 22:33:57,136,13.6
2024-12-17 22:33:58,104,10.4
2024-12-17 22:33:59,77,7.7
2024-12-17 22:34:00,147,14.7
2024-12-17 22:34:01,147,14.7
2024-12-17 22:34:02,115,11.5
2024-12-17 22:34:03,114,11.4
2024-12-17 22:34:04,156,15.6
2024-12-17 22:34:05,70,7.0
2024-12-17 22:34:06,137,13.7
2024-12-17 22:34:07,140,14.0
2024-12-17 22:34:08,150,15.0
2024-12-17 22:34:09,153,15.3
2024-12-17 22:34:10,60,6.0
2024-12-17 22:34:11,73,7.3
2024-12-17 22:34:12,73,7.3
2024-12-17 22:34:13,119,11.9
2024-12-17 22:34:14,93,9.3
2024-12-17 22:34:15,95,9.5
2024-12-17 22:34:16,129,12.9
2024-12-17 22:34:17,104,10.4
2024-12-17 22:34:18,133,13.3
2024-12-17 22:34:19,68,6.8
2024-12-17 22:34:20,72,7.2
2024-12-17 22:34:21,127,12.7
2024-12-17 22:34:22,57,5.7
2024-12-17 22:34:23,108,10.8
2024-12-17 22:34:24,151,15.1
2024-12-17 22:34:25,127,12.7
2024-12-17 22:34:26,58,5.8
2024-12-17 22:34:27,62,6.2
2024-12-17 22:34:28,149,14.9
2024-12-17 22:34:29,148,14.8
2024-12-17 22:34:30,122,12.2
2024-12-17 22:34:31,158,15.8
2024-12-17 22:34:32,143,14.3
2024-12-17 22:34:33,118,11.8
2024-12-17 22:34:34,69,6.9
2024-12-17 22:34:35,158,15.8
2024-12-17 22:34:36,91,9.1
2024-12-17 22:34:37,83,8.3
2024-12-17 22:34:38,155,15.5
2024-12-17 22:34:39,93,9.3
2024-12-17 22:34:40,57,5.7
2024-12-17 22:34:41,67,6.7
2024-12-17 22:34:42,104,10.4
2024-12-17 22:34:43,78,7.8
2024-12-17 22:34:44,144,14.4
2024-12-17 22:34:45,69,6.9
2024-12-17 22:34:46,133,13.3
2024-12-17 22:34:47,135,13.5
2024-12-17 22:34:48,146,14.6
2024-12-17 22:34:49,68,6.8
2024-12-17 22:34:50,153,15.3
2024-12-17 22:34:51,142,14.2
2024-12-17 22:34:52,129,12.9
2024-12-17 22:34:53,109,10.9
2024-12-17 22:34:54,99,9.9
2024-12-17 22:34:55,120,12.0
2024-12-17 22:34:56,152,15.2
2024-12-17 22:34:57,157,15.7
2024-12-17 22:34:58,139,13.9
2024-12-17 22:34:59,100,10.0
2024-12-17 22:35:00,144,14.4
2024-12-17 22:35:01,117,11.7
2024-12-17 22:35:02,58,5.8
2024-12-17 22:35:03,93,9.3
2024-12-17 22:35:04,105,10.5
2024-12-17 22:35:05,51,5.1
2024-12-17 22:35:06,113,11.3
2024-12-17 22:35:07,106,10.6
2024-12-17 22:35:08,121,12.1
2024-12-17 22:35:09,112,11.2
2024-12-17 22:35:10,144,14.4
2024-12-17 22:35:11,51,5.1
2024-12-17 22:35:12,155,15.5
2024-12-17 22:35:13,95,9.5
2024-12-17 22:35:14,112,11.2
2024-12-17 22:35:15,88,8.8
2024-12-17 22:35:16,65,6.5
2024-12-17 22:35:17,130,13.0
2024-12-17 22:35:18,116,11.6
2024-12-17 22:35:19,133,13.3
2024-12-17 22:35:20,122,12.2
2024-12-17 22:35:21,87,8.7
2024-12-17 22:35:22,127,12.7
2024-12-17 22:35:23,119,11.9
2024-12-17 22:35:24,140,14.0
2024-12-17 22:35:25,81,8.1
2024-12-17 22:35:26,69,6.9
2024-12-17 22:35:27,79,7.9
2024-12-17 22:35:28,159,15.9
2024-12-17 22:35:29,54,5.4
2024-12-17 22:35:30,97,9.7
2024-12-17 22:35:31,132,13.2
2024-12-17 22:35:32,86,8.6
2024-12-17 22:35:33,113,11.3
2024-12-17 22:35:34,85,8.5
2024-12-17 22:35:35,94,9.4
2024-12-17 22:35:36,67,6.7
2024-12-17 22:35:37,97,9.7
2024-12-17 22:35:38,132,13.2
2024-12-17 22:35:39,105,10.5
2024-12-17 22:35:40,89,8.9
2024-12-17 22:35:41,58,5.8
2024-12-17 22:35:42,90,9.0
2024-12-17 22:35:43,69,6.9
2024-12-17 22:35:44,137,13.7
2024-12-17 22:35:45,113,11.3
2024-12-17 22:35:46,112,11.2
2024-12-17 22:35:47,121,12.1
2024-12-17 22:35:48,69,6.9
2024-12-17 22:35:49,114,11.4
2024-12-17 22:35:50,94,9.4
2024-12-17 22:35:51,105,10.5
2024-12-17 22:35:52,125,12.5
2024-12-17 22:35:53,114,11.4
2024-12-17 22:35:54,109,10.9
2024-12-17 22:35:55,155,15.5
2024-12-17 22:35:56,127,12.7
2024-12-17 22:35:57,149,14.9
2024-12-17 22:35:58,142,14.2
2024-12-17 22:35:59,93,9.3
2024-12-17 22:36:00,90,9.0
2024-12-17 22:36:01,84,8.4
2024-12-17 22:36:02,157,15.7
2024-12-17 22:36:03,108,10.8
2024-12-17 22:36:04,59,5.9
2024-12-17 22:36:05,106,10.6
2024-12-17 22:36:06,91,9.1
2024-12-17 22:36:07,58,5.8
2024-12-17 22:36:08,130,13.0
2024-12-17 22:36:09,121,12.1
2024-12-17 22:36:10,72,7.2
2024-12-17 22:36:11,150,15.0
2024-12-17 22:36:12,62,6.2
2024-12-17 22:36:13,137,13.7
2024-12-17 22:36:14,61,6.1
2024-12-17 22:36:15,79,7.9
2024-12-17 22:36:16,99,9.9
2024-12-17 22:36:17,154,15.4
2024-12-17 22:36:18,76,7.6
2024-12-17 22:36:19,153,15.3
2024-12-17 22:36:20,147,14.7
2024-12-17 22:36:21,141,14.1
2024-12-17 22:36:22,102,10.2
2024-12-17 22:36:23,64,6.4
2024-12-17 22:36:24,110,11.0
2024-12-17 22:36:25,101,10.1
2024-12-17 22:36:26,76,7.6
2024-12-17 22:36:27,153,15.3
2024-12-17 22:36:28,72,7.2
2024-12-17 22:36:29,88,8.8
2024-12-17 22:36:30,135,13.5
2024-12-17 22:36:31,113,11.3
2024-12-17 22:36:32,88,8.8
2024-12-17 22:36:33,155,15.5
2024-12-17 22:36:34,60,6.0
2024-12-17 22:36:35,68,6.8
2024-12-17 22:36:36,52,5.2
2024-12-17 22:36:37,78,7.8
2024-12-17 22:36:38,83,8.3
2024-12-17 22:36:39,136,13.6
2024-12-17 22:36:40,60,6.0
2024-12-17 22:36:41,121,12.1
2024-12-17 22:36:42,73,7.3
2024-12-17 22:36:43,119,11.9
2024-12-17 22:36:44,123,12.3
2024-12-17 22:36:45,69,6.9
2024-12-17 22:36:46,66,6.6
2024-12-17 22:36:47,59,5.9
2024-12-17 22:36:48,83,8.3
2024-12-17 22:36:49,119,11.9
2024-12-17 22:36:50,111,11.1
2024-12-17 22:36:51,102,10.2
2024-12-17 22:36:52,54,5.4
2024-12-17 22:36:53,55,5.5
2024-12-17 22:36:54,89,8.9
2024-12-17 22:36:55,51,5.1
2024-12-17 22:36:56,133,13.3
2024-12-17 22:36:57,60,6.0
2024-12-17 22:36:58,113,11.3
2024-12-17 22:36:59,70,7.0
2024-12-17 22:37:00,141,14.1
2024-12-17 22:37:01,156,15.6
2024-12-17 22:37:02,87,8.7
2024-12-17 22:37:03,69,6.9
2024-12-17 22:37:04,88,8.8
2024-12-17 22:37:05,75,7.5
2024-12-17 22:37:06,54,5.4
2024-12-17 22:37:07,92,9.2
2024-12-17 22:37:08,150,15.0
2024-12-17 22:37:09,72,7.2
2024-12-17 22:37:10,120,12.0
2024-12-17 22:37:11,71,7.1
2024-12-17 22:37:12,100,10.0
2024-12-17 22:37:13,124,12.4
2024-12-17 22:37:14,111,11.1
2024-12-17 22:37:15,148,14.8
2024-12-17 22:37:16,121,12.1
2024-12-17 22:37:17,102,10.2
2024-12-17 22:37:18,108,10.8
2024-12-17 22:37:19,62,6.2
2024-12-17 22:37:20,128,12.8
2024-12-17 22:37:21,91,9.1
2024-12-17 22:37:22,62,6.2
2024-12-17 22:37:23,112,11.2
2024-12-17 22:37:24,101,10.1
2024-12-17 22:37:25,53,5.3
2024-12-17 22:37:26,159,15.9
2024-12-17 22:37:27,96,9.6
2024-12-17 22:37:28,151,15.1
2024-12-17 22:37:29,67,6.7
2024-12-17 22:37:30,75,7.5
2024-12-17 22:37:31,65,6.5
2024-12-17 22:37:32,105,10.5
2024-12-17 22:37:33,114,11.4
2024-12-17 22:37:34,114,11.4
2024-12-17 22:37:35,121,12.1
2024-12-17 22:37:36,73,7.3
2024-12-17 22:37:37,52,5.2
2024-12-17 22:37:38,52,5.2
2024-12-17 22:37:39,51,5.1
2024-12-17 22:37:40,88,8.8
2024-12-17 22:37:41,127,12.7
2024-12-17 22:37:42,84,8.4
2024-12-17 22:37:43,129,12.9
2024-12-17 22:37:44,158,15.8
2024-12-17 22:37:45,132,13.2
2024-12-17 22:37:46,146,14.6
2024-12-17 22:37:47,109,10.9
2024-12-17 22:37:48,154,15.4
2024-12-17 22:37:49,102,10.2
2024-12-17 22:37:50,115,11.5
2024-12-17 22:37:51,135,13.5
2024-12-17 22:37:52,82,8.2
2024-12-17 22:37:53,119,11.9
2024-12-17 22:37:54,150,15.0
2024-12-17 22:37:55,132,13.2
2024-12-17 22:37:56,140,14.0
2024-12-17 22:37:57,57,5.7
2024-12-17 22:37:58,94,9.4
2024-12-17 22:37:59,74,7.4
2024-12-17 22:38:00,154,15.4
2024-12-17 22:38:01,135,13.5
2024-12-17 22:38:02,157,15.7
2024-12-17 22:38:03,154,15.4
2024-12-17 22:38:04,131,13.1
2024-12-17 22:38:05,66,6.6
2024-12-17 22:38:06,92,9.2
2024-12-17 22:38:07,105,10.5
2024-12-17 22:38:08,79,7.9
2024-12-17 22:38:09,144,14.4
2024-12-17 22:38:10,141,14.1
2024-12-17 22:38:11,135,13.5
2024-12-17 22:38:12,130,13.0
2024-12-17 22:38:13,100,10.0
2024-12-17 22:38:14,127,12.7
2024-12-17 22:38:15,65,6.5
2024-12-17 22:38:16,109,10.9
2024-12-17 22:38:17,58,5.8
2024-12-17 22:38:18,144,14.4
2024-12-17 22:38:19,93,9.3
2024-12-17 22:38:20,93,9.3
2024-12-17 22:38:21,57,5.7
2024-12-17 22:38:22,106,10.6
2024-12-17 22:38:23,158,15.8
2024-12-17 22:38:24,97,9.7
2024-12-17 22:38:25,81,8.1
2024-12-17 22:38:26,157,15.7
2024-12-17 22:38:27,158,15.8
2024-12-17 22:38:28,105,10.5
2024-12-17 22:38:29,63,6.3
2024-12-17 22:38:30,72,7.2
2024-12-17 22:38:31,106,10.6
2024-12-17 22:38:32,141,14.1
2024-12-17 22:38:33,85,8.5
2024-12-17 22:38:34,127,12.7
2024-12-17 22:38:35,72,7.2
2024-12-17 22:38:36,129,12.9
2024-12-17 22:38:37,99,9.9
2024-12-17 22:38:38,73,7.3
2024-12-17 22:38:39,115,11.5
2024-12-17 22:38:40,124,12.4
2024-12-17 22:38:41,85,8.5
2024-12-17 22:38:42,86,8.6
2024-12-17 22:38:43,50,5.0
2024-12-17 22:38:44,92,9.2
2024-12-17 22:38:45,81,8.1
2024-12-17 22:38:46,92,9.2
2024-12-17 22:38:47,99,9.9
2024-12-17 22:38:48,74,7.4
2024-12-17 22:38:49,100,10.0
2024-12-17 22:38:50,71,7.1
2024-12-17 22:38:51,144,14.4
2024-12-17 22:38:52,149,14.9
2024-12-17 22:38:53,149,14.9
2024-12-17 22:38:54,61,6.1
2024-12-17 22:38:55,61,6.1
2024-12-17 22:38:56,156,15.6
2024-12-17 22:38:57,117,11.7
2024-12-17 22:38:58,86,8.6
2024-12-17 22:38:59,106,10.6
2024-12-17 22:39:00,96,9.6
2024-12-17 22:39:01,136,13.6
2024-12-17 22:39:02,114,11.4
2024-12-17 22:39:03,127,12.7
2024-12-17 22:39:04,115,11.5
2024-12-17 22:39:05,102,10.2
2024-12-17 22:39:06,90,9.0
2024-12-17 22:39:07,60,6.0
2024-12-17 22:39:08,110,11.0
2024-12-17 22:39:09,139,13.9
2024-12-17 22:39:10,59,5.9
2024-12-17 22:39:11,78,7.8
2024-12-17 22:39:12,99,9.9
2024-12-17 22:39:13,96,9.6
2024-12-17 22:39:14,62,6.2
2024-12-17 22:39:15,112,11.2
2024-12-17 22:39:16,124,12.4
2024-12-17 22:39:17,66,6.6
2024-12-17 22:39:18,142,14.2
2024-12-17 22:39:19,116,11.6
2024-12-17 22:39:20,145,14.5
2024-12-17 22:39:21,158,15.8
2024-12-17 22:39:22,106,10.6
2024-12-17 22:39:23,83,8.3
2024-12-17 22:39:24,93,9.3
2024-12-17 22:39:25,92,9.2
2024-12-17 22:39:26,129,12.9
2024-12-17 22:39:27,54,5.4
2024-12-17 22:39:28,133,13.3
2024-12-17 22:39:29,96,9.6
2024-12-17 22:39:30,152,15.2
2024-12-17 22:39:31,110,11.0
2024-12-17 22:39:32,136,13.6
2024-12-17 22:39:33,50,5.0
2024-12-17 22:39:34,60,6.0
2024-12-17 22:39:35,80,8.0
2024-12-17 22:39:36,84,8.4
2024-12-17 22:39:37,74,7.4
2024-12-17 22:39:38,122,12.2
2024-12-17 22:39:39,93,9.3
2024-12-17 22:39:40,98,9.8
2024-12-17 22:39:41,54,5.4
2024-12-17 22:39:42,125,12.5
2024-12-17 22:39:43,56,5.6
2024-12-17 22:39:44,50,5.0
2024-12-17 22:39:45,76,7.6
2024-12-17 22:39:46,94,9.4
2024-12-17 22:39:47,119,11.9
2024-12-17 22:39:48,112,11.2
2024-12-17 22:39:49,86,8.6
2024-12-17 22:39:50,80,8.0
2024-12-17 22:39:51,103,10.3
2024-12-17 22:39:52,152,15.2
2024-12-17 22:39:53,60,6.0
2024-12-17 22:39:54,120,12.0
2024-12-17 22:39:55,52,5.2
2024-12-17 22:39:56,79,7.9
2024-12-17 22:39:57,152,15.2
2024-12-17 22:39:58,125,12.5
2024-12-17 22:39:59,77,7.7
2024-12-17 22:40:00,68,6.8
2024-12-17 22:40:01,68,6.8
2024-12-17 22:40:02,82,8.2
2024-12-17 22:40:03,155,15.5
2024-12-17 22:40:04,115,11.5
2024-12-17 22:40:05,62,6.2
2024-12-17 22:40:06,99,9.9
2024-12-17 22:40:07,160,16.0
2024-12-17 22:40:08,118,11.8
2024-12-17 22:40:09,101,10.1
2024-12-17 22:40:10,59,5.9
2024-12-17 22:40:11,61,6.1
2024-12-17 22:40:12,102,10.2
2024-12-17 22:40:13,51,5.1
2024-12-17 22:40:14,113,11.3
2024-12-17 22:40:15,134,13.4
2024-12-17 22:40:16,141,14.1
2024-12-17 22:40:17,128,12.8
2024-12-17 22:40:18,122,12.2
2024-12-17 22:40:19,159,15.9
2024-12-17 22:40:20,69,6.9
2024-12-17 22:40:21,78,7.8
2024-12-17 22:40:22,112,11.2
2024-12-17 22:40:23,99,9.9
2024-12-17 22:40:24,131,13.1
2024-12-17 22:40:25,120,12.0
2024-12-17 22:40:26,75,7.5
2024-12-17 22:40:27,52,5.2
2024-12-17 22:40:28,61,6.1
2024-12-17 22:40:29,75,7.5
2024-12-17 22:40:30,71,7.1
2024-12-17 22:40:31,82,8.2
2024-12-17 22:40:32,75,7.5
2024-12-17 22:40:33,50,5.0
2024-12-17 22:40:34,70,7.0
2024-12-17 22:40:35,73,7.3
2024-12-17 22:40:36,56,5.6
2024-12-17 22:40:37,54,5.4
2024-12-17 22:40:38,144,14.4
2024-12-17 22:40:39,100,10.0
2024-12-17 22:40:40,101,10.1
2024-12-17 22:40:41,111,11.1
2024-12-17 22:40:42,131,13.1
2024-12-17 22:40:43,117,11.7
2024-12-17 22:40:44,71,7.1
2024-12-17 22:40:45,81,8.1
2024-12-17 22:40:46,115,11.5
2024-12-17 22:40:47,108,10.8
2024-12-17 22:40:48,100,10.0
2024-12-17 22:40:49,92,9.2
2024-12-17 22:40:50,151,15.1
2024-12-17 22:40:51,85,8.5
2024-12-17 22:40:52,64,6.4
2024-12-17 22:40:53,50,5.0
2024-12-17 22:40:54,70,7.0
2024-12-17 22:40:55,124,12.4
2024-12-17 22:40:56,140,14.0
2024-12-17 22:40:57,150,15.0
2024-12-17 22:40:58,118,11.8
2024-12-17 22:40:59,153,15.3
2024-12-17 22:41:00,152,15.2
2024-12-17 22:41:01,81,8.1
2024-12-17 22:41:02,67,6.7
2024-12-17 22:41:03,157,15.7
2024-12-17 22:41:04,85,8.5
2024-12-17 22:41:05,93,9.3
2024-12-17 22:41:06,121,12.1
2024-12-17 22:41:07,103,10.3
2024-12-17 22:41:08,85,8.5
2024-12-17 22:41:09,146,14.6
2024-12-17 22:41:10,90,9.0
2024-12-17 22:41:11,153,15.3
2024-12-17 22:41:12,147,14.7
2024-12-17 22:41:13,120,12.0
2024-12-17 22:41:14,65,6.5
2024-12-17 22:41:15,150,15.0
2024-12-17 22:41:16,80,8.0
2024-12-17 22:41:17,51,5.1
2024-12-17 22:41:18,84,8.4
2024-12-17 22:41:19,109,10.9
2024-12-17 22:41:20,145,14.5
2024-12-17 22:41:21,144,14.4
2024-12-17 22:41:22,144,14.4
2024-12-17 22:41:23,143,14.3
2024-12-17 22:41:24,56,5.6
2024-12-17 22:41:25,139,13.9
2024-12-17 22:41:26,101,10.1
2024-12-17 22:41:27,92,9.2
2024-12-17 22:41:28,115,11.5
2024-12-17 22:41:29,93,9.3
2024-12-17 22:41:30,68,6.8
2024-12-17 22:41:31,147,14.7
2024-12-17 22:41:32,100,10.0
2024-12-17 22:41:33,158,15.8
2024-12-17 22:41:34,155,15.5
2024-12-17 22:41:35,120,12.0
2024-12-17 22:41:36,50,5.0
2024-12-17 22:41:37,85,8.5
2024-12-17 22:41:38,158,15.8
2024-12-17 22:41:39,154,15.4
2024-12-17 22:41:40,70,7.0
2024-12-17 22:41:41,58,5.8
2024-12-17 22:41:42,131,13.1
2024-12-17 22:41:43,136,13.6
2024-12-17 22:41:44,100,10.0
2024-12-17 22:41:45,68,6.8
2024-12-17 22:41:46,92,9.2
2024-12-17 22:41:47,129,12.9
2024-12-17 22:41:48,127,12.7
2024-12-17 22:41:49,134,13.4
2024-12-17 22:41:50,105,10.5
2024-12-17 22:41:51,147,14.7
2024-12-17 22:41:52,130,13.0
2024-12-17 22:41:53,115,11.5
2024-12-17 22:41:54,155,15.5
2024-12-17 22:41:55,138,13.8
2024-12-17 22:41:56,157,15.7
2024-12-17 22:41:57,151,15.1
2024-12-17 22:41:58,158,15.8
2024-12-17 22:41:59,100,10.0
2024-12-17 22:42:00,121,12.1
2024-12-17 22:42:01,134,13.4
2024-12-17 22:42:02,74,7.4
2024-12-17 22:42:03,72,7.2
2024-12-17 22:42:04,64,6.4
2024-12-17 22:42:05,119,11.9
2024-12-17 22:42:06,117,11.7
2024-12-17 22:42:07,52,5.2
2024-12-17 22:42:08,55,5.5
2024-12-17 22:42:09,91,9.1
2024-12-17 22:42:10,119,11.9
2024-12-17 22:42:11,95,9.5
2024-12-17 22:42:12,140,14.0
2024-12-17 22:42:13,61,6.1
2024-12-17 22:42:14,137,13.7
2024-12-17 22:42:15,123,12.3
2024-12-17 22:42:16,155,15.5
2024-12-17 22:42:17,71,7.1
2024-12-17 22:42:18,122,12.2
2024-12-17 22:42:19,135,13.5
2024-12-17 22:42:20,88,8.8
2024-12-17 22:42:21,93,9.3
2024-12-17 22:42:22,153,15.3
2024-12-17 22:42:23,116,11.6
2024-12-17 22:42:24,126,12.6
2024-12-17 22:42:25,60,6.0
2024-12-17 22:42:26,142,14.2
2024-12-17 22:42:27,128,12.8
2024-12-17 22:42:28,100,10.0
2024-12-17 22:42:29,80,8.0
2024-12-17 22:42:30,64,6.4
2024-12-17 22:42:31,158,15.8
2024-12-17 22:42:32,142,14.2
2024-12-17 22:42:33,51,5.1
2024-12-17 22:42:34,123,12.3
2024-12-17 22:42:35,128,12.8
2024-12-17 22:42:36,94,9.4
2024-12-17 22:42:37,75,7.5
2024-12-17 22:42:38,144,14.4
2024-12-17 22:42:39,101,10.1
2024-12-17 22:42:40,101,10.1
2024-12-17 22:42:41,154,15.4
2024-12-17 22:42:42,113,11.3
2024-12-17 22:42:43,120,12.0
2024-12-17 22:42:44,146,14.6
2024-12-17 22:42:45,111,11.1
2024-12-17 22:42:46,74,7.4
2024-12-17 22:42:47,103,10.3
2024-12-17 22:42:48,56,5.6
2024-12-17 22:42:49,125,12.5
2024-12-17 22:42:50,139,13.9
2024-12-17 22:42:51,52,5.2
2024-12-17 22:42:52,142,14.2
2024-12-17 22:42:53,57,5.7
2024-12-17 22:42:54,86,8.6
2024-12-17 22:42:55,151,15.1
2024-12-17 22:42:56,93,9.3
2024-12-17 22:42:57,53,5.3
2024-12-17 22:42:58,151,15.1
2024-12-17 22:42:59,100,10.0
2024-12-17 22:43:00,120,12.0
2024-12-17 22:43:01,136,13.6
2024-12-17 22:43:02,82,8.2
2024-12-17 22:43:03,135,13.5
2024-12-17 22:43:04,124,12.4
2024-12-17 22:43:05,88,8.8
2024-12-17 22:43:06,61,6.1
2024-12-17 22:43:07,115,11.5
2024-12-17 22:43:08,157,15.7
2024-12-17 22:43:09,135,13.5
2024-12-17 22:43:10,77,7.7
2024-12-17 22:43:11,85,8.5
2024-12-17 22:43:12,102,10.2
2024-12-17 22:43:13,143,14.3
2024-12-17 22:43:14,124,12.4
2024-12-17 22:43:15,114,11.4
2024-12-17 22:43:16,103,10.3
2024-12-17 22:43:17,99,9.9
2024-12-17 22:43:18,62,6.2
2024-12-17 22:43:19,137,13.7
2024-12-17 22:43:20,114,11.4
2024-12-17 22:43:21,55,5.5
2024-12-17 22:43:22,67,6.7
2024-12-17 22:43:23,92,9.2
2024-12-17 22:43:24,62,6.2
2024-12-17 22:43:25,121,12.1
2024-12-17 22:43:26,72,7.2
2024-12-17 22:43:27,106,10.6
2024-12-17 22:43:28,135,13.5
2024-12-17 22:43:29,116,11.6
2024-12-17 22:43:30,157,15.7
2024-12-17 22:43:31,62,6.2
2024-12-17 22:43:32,59,5.9
2024-12-17 22:43:33,128,12.8
2024-12-17 22:43:34,119,11.9
2024-12-17 22:43:35,110,11.0
2024-12-17 22:43:36,144,14.4
2024-12-17 22:43:37,84,8.4
2024-12-17 22:43:38,118,11.8
2024-12-17 22:43:39,68,6.8
2024-12-17 22:43:40,133,13.3
2024-12-17 22:43:41,55,5.5
2024-12-17 22:43:42,68,6.8
2024-12-17 22:43:43,70,7.0
2024-12-17 22:43:44,108,10.8
2024-12-17 22:43:45,58,5.8
2024-12-17 22:43:46,138,13.8
2024-12-17 22:43:47,102,10.2
2024-12-17 22:43:48,91,9.1
2024-12-17 22:43:49,67,6.7
2024-12-17 22:43:50,94,9.4
2024-12-17 22:43:51,120,12.0
2024-12-17 22:43:52,136,13.6
2024-12-17 22:43:53,82,8.2
2024-12-17 22:43:54,70,7.0
2024-12-17 22:43:55,79,7.9
2024-12-17 22:43:56,159,15.9
2024-12-17 22:43:57,77,7.7
2024-12-17 22:43:58,111,11.1
2024-12-17 22:43:59,82,8.2
2024-12-17 22:44:00,120,12.0
2024-12-17 22:44:01,141,14.1
2024-12-17 22:44:02,102,10.2
2024-12-17 22:44:03,103,10.3
2024-12-17 22:44:04,115,11.5
2024-12-17 22:44:05,95,9.5
2024-12-17 22:44:06,105,10.5
2024-12-17 22:44:07,50,5.0
2024-12-17 22:44:08,113,11.3
2024-12-17 22:44:09,74,7.4
2024-12-17 22:44:10,73,7.3
2024-12-17 22:44:11,120,12.0
2024-12-17 22:44:12,154,15.4
2024-12-17 22:44:13,156,15.6
2024-12-17 22:44:14,108,10.8
2024-12-17 22:44:15,80,8.0
2024-12-17 22:44:16,136,13.6
2024-12-17 22:44:17,110,11.0
2024-12-17 22:44:18,158,15.8
2024-12-17 22:44:19,116,11.6
2024-12-17 22:44:20,142,14.2
2024-12-17 22:44:21,159,15.9
2024-12-17 22:44:22,70,7.0
2024-12-17 22:44:23,64,6.4
2024-12-17 22:44:24,71,7.1
2024-12-17 22:44:25,137,13.7
2024-12-17 22:44:26,54,5.4
2024-12-17 22:44:27,119,11.9
2024-12-17 22:44:28,160,16.0
2024-12-17 22:44:29,62,6.2
2024-12-17 22:44:30,89,8.9
2024-12-17 22:44:31,52,5.2
2024-12-17 22:44:32,138,13.8
2024-12-17 22:44:33,79,7.9
2024-12-17 22:44:34,71,7.1
2024-12-17 22:44:35,73,7.3
2024-12-17 22:44:36,62,6.2
2024-12-17 22:44:37,159,15.9
2024-12-17 22:44:38,152,15.2
2024-12-17 22:44:39,112,11.2
2024-12-17 22:44:40,158,15.8
2024-12-17 22:44:41,50,5.0
2024-12-17 22:44:42,113,11.3
2024-12-17 22:44:43,148,14.8
2024-12-17 22:44:44,88,8.8
2024-12-17 22:44:45,120,12.0
2024-12-17 22:44:46,128,12.8
2024-12-17 22:44:47,125,12.5
2024-12-17 22:44:48,84,8.4
2024-12-17 22:44:49,115,11.5
2024-12-17 22:44:50,118,11.8
2024-12-17 22:44:51,79,7.9
2024-12-17 22:44:52,133,13.3
2024-12-17 22:44:53,98,9.8
2024-12-17 22:44:54,114,11.4
2024-12-17 22:44:55,77,7.7
2024-12-17 22:44:56,50,5.0
2024-12-17 22:44:57,55,5.5
2024-12-17 22:44:58,104,10.4
2024-12-17 22:44:59,130,13.0
2024-12-17 22:45:00,115,11.5
2024-12-17 22:45:01,60,6.0
2024-12-17 22:45:02,74,7.4
2024-12-17 22:45:03,80,8.0
2024-12-17 22:45:04,133,13.3
2024-12-17 22:45:05,146,14.6
2024-12-17 22:45:06,55,5.5
2024-12-17 22:45:07,62,6.2
2024-12-17 22:45:08,157,15.7
2024-12-17 22:45:09,114,11.4
2024-12-17 22:45:10,63,6.3
2024-12-17 22:45:11,136,13.6
2024-12-17 22:45:12,133,13.3
2024-12-17 22:45:13,126,12.6
2024-12-17 22:45:14,72,7.2
2024-12-17 22:45:15,144,14.4
2024-12-17 22:45:16,129,12.9
2024-12-17 22:45:17,102,10.2
2024-12-17 22:45:18,153,15.3
2024-12-17 22:45:19,53,5.3
2024-12-17 22:45:20,151,15.1
2024-12-17 22:45:21,119,11.9
2024-12-17 22:45:22,158,15.8
2024-12-17 22:45:23,155,15.5
2024-12-17 22:45:24,97,9.7
2024-12-17 22:45:25,114,11.4
2024-12-17 22:45:26,106,10.6
2024-12-17 22:45:27,96,9.6
2024-12-17 22:45:28,56,5.6
2024-12-17 22:45:29,76,7.6
2024-12-17 22:45:30,135,13.5
2024-12-17 22:45:31,90,9.0
2024-12-17 22:45:32,135,13.5
2024-12-17 22:45:33,145,14.5
2024-12-17 22:45:34,133,13.3
2024-12-17 22:45:35,60,6.0
2024-12-17 22:45:36,75,7.5
2024-12-17 22:45:37,82,8.2
2024-12-17 22:45:38,89,8.9
2024-12-17 22:45:39,81,8.1
2024-12-17 22:45:40,91,9.1
2024-12-17 22:45:41,72,7.2
2024-12-17 22:45:42,141,14.1
2024-12-17 22:45:43,82,8.2
2024-12-17 22:45:44,135,13.5
2024-12-17 22:45:45,72,7.2
2024-12-17 22:45:46,52,5.2
2024-12-17 22:45:47,78,7.8
2024-12-17 22:45:48,124,12.4
2024-12-17 22:45:49,101,10.1
2024-12-17 22:45:50,126,12.6
2024-12-17 22:45:51,137,13.7
2024-12-17 22:45:52,140,14.0
2024-12-17 22:45:53,88,8.8
2024-12-17 22:45:54,79,7.9
2024-12-17 22:45:55,70,7.0
2024-12-17 22:45:56,125,12.5
2024-12-17 22:45:57,144,14.4
2024-12-17 22:45:58,104,10.4
2024-12-17 22:45:59,108,10.8
2024-12-17 22:46:00,80,8.0
2024-12-17 22:46:01,87,8.7
2024-12-17 22:46:02,133,13.3
2024-12-17 22:46:03,130,13.0
2024-12-17 22:46:04,96,9.6
2024-12-17 22:46:05,113,11.3
2024-12-17 22:46:06,50,5.0
2024-12-17 22:46:07,74,7.4
2024-12-17 22:46:08,53,5.3
2024-12-17 22:46:09,112,11.2
2024-12-17 22:46:10,84,8.4
2024-12-17 22:46:11,150,15.0
2024-12-17 22:46:12,50,5.0
2024-12-17 22:46:13,132,13.2
2024-12-17 22:46:14,103,10.3
2024-12-17 22:46:15,152,15.2
2024-12-17 22:46:16,62,6.2
2024-12-17 22:46:17,51,5.1
2024-12-17 22:46:18,69,6.9
2024-12-17 22:46:19,157,15.7
2024-12-17 22:46:20,107,10.7
2024-12-17 22:46:21,82,8.2
2024-12-17 22:46:22,86,8.6
2024-12-17 22:46:23,95,9.5
2024-12-17 22:46:24,67,6.7
2024-12-17 22:46:25,79,7.9
2024-12-17 22:46:26,130,13.0
2024-12-17 22:46:27,79,7.9
2024-12-17 22:46:28,135,13.5
2024-12-17 22:46:29,136,13.6
2024-12-17 22:46:30,143,14.3
2024-12-17 22:46:31,83,8.3
2024-12-17 22:46:32,148,14.8
2024-12-17 22:46:33,100,10.0
2024-12-17 22:46:34,138,13.8
2024-12-17 22:46:35,142,14.2
2024-12-17 22:46:36,62,6.2
2024-12-17 22:46:37,77,7.7
2024-12-17 22:46:38,83,8.3
2024-12-17 22:46:39,123,12.3
2024-12-17 22:46:40,100,10.0
2024-12-17 22:46:41,127,12.7
2024-12-17 22:46:42,110,11.0
2024-12-17 22:46:43,121,12.1
2024-12-17 22:46:44,67,6.7
2024-12-17 22:46:45,68,6.8
2024-12-17 22:46:46,149,14.9
2024-12-17 22:46:47,140,14.0
2024-12-17 22:46:48,97,9.7
2024-12-17 22:46:49,76,7.6
2024-12-17 22:46:50,159,15.9
2024-12-17 22:46:51,112,11.2
2024-12-17 22:46:52,70,7.0
2024-12-17 22:46:53,144,14.4
2024-12-17 22:46:54,109,10.9
2024-12-17 22:46:55,67,6.7
2024-12-17 22:46:56,147,14.7
2024-12-17 22:46:57,129,12.9
2024-12-17 22:46:58,123,12.3
2024-12-17 22:46:59,137,13.7
2024-12-17 22:47:00,109,10.9
2024-12-17 22:47:01,121,12.1
2024-12-17 22:47:02,65,6.5
2024-12-17 22:47:03,98,9.8
2024-12-17 22:47:04,106,10.6
2024-12-17 22:47:05,127,12.7
2024-12-17 22:47:06,156,15.6
2024-12-17 22:47:07,135,13.5
2024-12-17 22:47:08,147,14.7
2024-12-17 22:47:09,58,5.8
2024-12-17 22:47:10,138,13.8
2024-12-17 22:47:11,59,5.9
2024-12-17 22:47:12,89,8.9
2024-12-17 22:47:13,66,6.6
2024-12-17 22:47:14,143,14.3
2024-12-17 22:47:15,115,11.5
2024-12-17 22:47:16,147,14.7
2024-12-17 22:47:17,96,9.6
2024-12-17 22:47:18,136,13.6
2024-12-17 22:47:19,148,14.8
2024-12-17 22:47:20,141,14.1
2024-12-17 22:47:21,131,13.1
2024-12-17 22:47:22,86,8.6
2024-12-17 22:47:23,132,13.2
2024-12-17 22:47:24,99,9.9
2024-12-17 22:47:25,92,9.2
2024-12-17 22:47:26,158,15.8
2024-12-17 22:47:27,94,9.4
2024-12-17 22:47:28,79,7.9
2024-12-17 22:47:29,103,10.3
2024-12-17 22:47:30,53,5.3
2024-12-17 22:47:31,153,15.3
2024-12-17 22:47:32,127,12.7
2024-12-17 22:47:33,140,14.0
2024-12-17 22:47:34,112,11.2
2024-12-17 22:47:35,80,8.0
2024-12-17 22:47:36,61,6.1
2024-12-17 22:47:37,68,6.8
2024-12-17 22:47:38,100,10.0
2024-12-17 22:47:39,90,9.0
2024-12-17 22:47:40,155,15.5
2024-12-17 22:47:41,99,9.9
2024-12-17 22:47:42,136,13.6
2024-12-17 22:47:43,153,15.3
2024-12-17 22:47:44,131,13.1
2024-12-17 22:47:45,80,8.0
2024-12-17 22:47:46,113,11.3
2024-12-17 22:47:47,52,5.2
2024-12-17 22:47:48,96,9.6
2024-12-17 22:47:49,133,13.3
2024-12-17 22:47:50,96,9.6
2024-12-17 22:47:51,135,13.5
2024-12-17 22:47:52,134,13.4
2024-12-17 22:47:53,123,12.3
2024-12-17 22:47:54,136,13.6
2024-12-17 22:47:55,99,9.9
2024-12-17 22:47:56,160,16.0
2024-12-17 22:47:57,95,9.5
2024-12-17 22:47:58,89,8.9
2024-12-17 22:47:59,106,10.6
2024-12-17 22:48:00,107,10.7
2024-12-17 22:48:01,96,9.6
2024-12-17 22:48:02,128,12.8
2024-12-17 22:48:03,157,15.7
2024-12-17 22:48:04,119,11.9
2024-12-17 22:48:05,145,14.5
2024-12-17 22:48:06,86,8.6
2024-12-17 22:48:07,140,14.0
2024-12-17 22:48:08,65,6.5
2024-12-17 22:48:09,148,14.8
2024-12-17 22:48:10,122,12.2
2024-12-17 22:48:11,126,12.6
2024-12-17 22:48:12,107,10.7
2024-12-17 22:48:13,122,12.2
2024-12-17 22:48:14,81,8.1
2024-12-17 22:48:15,145,14.5
2024-12-17 22:48:16,135,13.5
2024-12-17 22:48:17,150,15.0
2024-12-17 22:48:18,63,6.3
2024-12-17 22:48:19,74,7.4
2024-12-17 22:48:20,117,11.7
2024-12-17 22:48:21,150,15.0
2024-12-17 22:48:22,79,7.9
2024-12-17 22:48:23,142,14.2
2024-12-17 22:48:24,156,15.6
2024-12-17 22:48:25,140,14.0
2024-12-17 22:48:26,111,11.1
2024-12-17 22:48:27,71,7.1
2024-12-17 22:48:28,66,6.6
2024-12-17 22:48:29,120,12.0
2024-12-17 22:48:30,85,8.5
2024-12-17 22:48:31,145,14.5
2024-12-17 22:48:32,91,9.1
2024-12-17 22:48:33,158,15.8
2024-12-17 22:48:34,112,11.2
2024-12-17 22:48:35,92,9.2
2024-12-17 22:48:36,155,15.5
2024-12-17 22:48:37,120,12.0
2024-12-17 22:48:38,65,6.5
2024-12-17 22:48:39,89,8.9
2024-12-17 22:48:40,145,14.5
2024-12-17 22:48:41,110,11.0
2024-12-17 22:48:42,53,5.3
2024-12-17 22:48:43,58,5.8
2024-12-17 22:48:44,118,11.8
2024-12-17 22:48:45,87,8.7
2024-12-17 22:48:46,141,14.1
2024-12-17 22:48:47,134,13.4
2024-12-17 22:48:48,99,9.9
2024-12-17 22:48:49,53,5.3
2024-12-17 22:48:50,74,7.4
2024-12-17 22:48:51,121,12.1
2024-12-17 22:48:52,75,7.5
2024-12-17 22:48:53,134,13.4
2024-12-17 22:48:54,84,8.4
2024-12-17 22:48:55,75,7.5
2024-12-17 22:48:56,71,7.1
2024-12-17 22:48:57,98,9.8
2024-12-17 22:48:58,68,6.8
2024-12-17 22:48:59,151,15.1
2024-12-17 22:49:00,64,6.4
2024-12-17 22:49:01,108,10.8
2024-12-17 22:49:02,74,7.4
2024-12-17 22:49:03,153,15.3
2024-12-17 22:49:04,90,9.0
2024-12-17 22:49:05,99,9.9
2024-12-17 22:49:06,157,15.7
2024-12-17 22:49:07,108,10.8
2024-12-17 22:49:08,160,16.0
2024-12-17 22:49:09,65,6.5
2024-12-17 22:49:10,144,14.4
2024-12-17 22:49:11,118,11.8
2024-12-17 22:49:12,145,14.5
2024-12-17 22:49:13,134,13.4
2024-12-17 22:49:14,117,11.7
2024-12-17 22:49:15,91,9.1
2024-12-17 22:49:16,85,8.5
2024-12-17 22:49:17,89,8.9
2024-12-17 22:49:18,91,9.1
2024-12-17 22:49:19,148,14.8
2024-12-17 22:49:20,83,8.3
2024-12-17 22:49:21,76,7.6
2024-12-17 22:49:22,98,9.8
2024-12-17 22:49:23,94,9.4
2024-12-17 22:49:24,78,7.8
2024-12-17 22:49:25,99,9.9
2024-12-17 22:49:26,67,6.7
2024-12-17 22:49:27,69,6.9
2024-12-17 22:49:28,147,14.7
2024-12-17 22:49:29,67,6.7
2024-12-17 22:49:30,138,13.8
2024-12-17 22:49:31,148,14.8
2024-12-17 22:49:32,78,7.8
2024-12-17 22:49:33,87,8.7
2024-12-17 22:49:34,50,5.0
2024-12-17 22:49:35,79,7.9
2024-12-17 22:49:36,57,5.7
2024-12-17 22:49:37,118,11.8
2024-12-17 22:49:38,84,8.4
2024-12-17 22:49:39,95,9.5
2024-12-17 22:49:40,136,13.6
2024-12-17 22:49:41,152,15.2
2024-12-17 22:49:42,80,8.0
2024-12-17 22:49:43,107,10.7
2024-12-17 22:49:44,58,5.8
2024-12-17 22:49:45,120,12.0
2024-12-17 22:49:46,69,6.9
2024-12-17 22:49:47,122,12.2
2024-12-17 22:49:48,145,14.5
2024-12-17 22:49:49,127,12.7
2024-12-17 22:49:50,160,16.0
2024-12-17 22:49:51,56,5.6
2024-12-17 22:49:52,133,13.3
2024-12-17 22:49:53,123,12.3
2024-12-17 22:49:54,116,11.6
2024-12-17 22:49:55,104,10.4
2024-12-17 22:49:56,83,8.3
2024-12-17 22:49:57,99,9.9
2024-12-17 22:49:58,108,10.8
2024-12-17 22:49:59,65,6.5
2024-12-17 22:50:00,115,11.5
2024-12-17 22:50:01,55,5.5
2024-12-17 22:50:02,87,8.7
2024-12-17 22:50:03,114,11.4
2024-12-17 22:50:04,127,12.7
2024-12-17 22:50:05,158,15.8
2024-12-17 22:50:06,72,7.2
2024-12-17 22:50:07,72,7.2
2024-12-17 22:50:08,150,15.0
2024-12-17 22:50:09,89,8.9
2024-12-17 22:50:10,65,6.5
2024-12-17 22:50:11,159,15.9
2024-12-17 22:50:12,101,10.1
2024-12-17 22:50:13,84,8.4
2024-12-17 22:50:14,98,9.8
2024-12-17 22:50:15,115,11.5
2024-12-17 22:50:16,152,15.2
2024-12-17 22:50:17,87,8.7
2024-12-17 22:50:18,101,10.1
2024-12-17 22:50:19,124,12.4
2024-12-17 22:50:20,55,5.5
2024-12-17 22:50:21,127,12.7
2024-12-17 22:50:22,110,11.0
2024-12-17 22:50:23,82,8.2
2024-12-17 22:50:24,156,15.6
2024-12-17 22:50:25,63,6.3
2024-12-17 22:50:26,70,7.0
2024-12-17 22:50:27,154,15.4
2024-12-17 22:50:28,70,7.0
2024-12-17 22:50:29,66,6.6
2024-12-17 22:50:30,55,5.5
2024-12-17 22:50:31,60,6.0
2024-12-17 22:50:32,139,13.9
2024-12-17 22:50:33,59,5.9
2024-12-17 22:50:34,56,5.6
2024-12-17 22:50:35,144,14.4
2024-12-17 22:50:36,154,15.4
2024-12-17 22:50:37,136,13.6
2024-12-17 22:50:38,55,5.5
2024-12-17 22:50:39,124,12.4
2024-12-17 22:50:40,97,9.7
2024-12-17 22:50:41,64,6.4
2024-12-17 22:50:42,100,10.0
2024-12-17 22:50:43,53,5.3
2024-12-17 22:50:44,129,12.9
2024-12-17 22:50:45,97,9.7
2024-12-17 22:50:46,97,9.7
2024-12-17 22:50:47,89,8.9
2024-12-17 22:50:48,156,15.6
2024-12-17 22:50:49,134,13.4
2024-12-17 22:50:50,106,10.6
2024-12-17 22:50:51,135,13.5
2024-12-17 22:50:52,133,13.3
2024-12-17 22:50:53,127,12.7
2024-12-17 22:50:54,66,6.6
2024-12-17 22:50:55,129,12.9
2024-12-17 22:50:56,79,7.9
2024-12-17 22:50:57,77,7.7
2024-12-17 22:50:58,85,8.5
2024-12-17 22:50:59,63,6.3
2024-12-17 22:51:00,90,9.0
2024-12-17 22:51:01,144,14.4
2024-12-17 22:51:02,107,10.7
2024-12-17 22:51:03,133,13.3
2024-12-17 22:51:04,121,12.1
2024-12-17 22:51:05,107,10.7
2024-12-17 22:51:06,51,5.1
2024-12-17 22:51:07,90,9.0
2024-12-17 22:51:08,133,13.3
2024-12-17 22:51:09,62,6.2
2024-12-17 22:51:10,116,11.6
2024-12-17 22:51:11,124,12.4
2024-12-17 22:51:12,69,6.9
2024-12-17 22:51:13,111,11.1
2024-12-17 22:51:14,79,7.9
2024-12-17 22:51:15,133,13.3
2024-12-17 22:51:16,95,9.5
2024-12-17 22:51:17,114,11.4
2024-12-17 22:51:18,102,10.2
2024-12-17 22:51:19,114,11.4
2024-12-17 22:51:20,148,14.8
2024-12-17 22:51:21,125,12.5
2024-12-17 22:51:22,100,10.0
2024-12-17 22:51:23,86,8.6
2024-12-17 22:51:24,121,12.1
2024-12-17 22:51:25,131,13.1
2024-12-17 22:51:26,155,15.5
2024-12-17 22:51:27,150,15.0
2024-12-17 22:51:28,66,6.6
2024-12-17 22:51:29,50,5.0
2024-12-17 22:51:30,131,13.1
2024-12-17 22:51:31,90,9.0
2024-12-17 22:51:32,131,13.1
2024-12-17 22:51:33,151,15.1
2024-12-17 22:51:34,111,11.1
2024-12-17 22:51:35,144,14.4
2024-12-17 22:51:36,134,13.4
2024-12-17 22:51:37,77,7.7
2024-12-17 22:51:38,141,14.1
2024-12-17 22:51:39,50,5.0
2024-12-17 22:51:40,95,9.5
2024-12-17 22:51:41,118,11.8
2024-12-17 22:51:42,100,10.0
2024-12-17 22:51:43,94,9.4
2024-12-17 22:51:44,73,7.3
2024-12-17 22:51:45,153,15.3
2024-12-17 22:51:46,66,6.6
2024-12-17 22:51:47,80,8.0
2024-12-17 22:51:48,88,8.8
2024-12-17 22:51:49,95,9.5
2024-12-17 22:51:50,145,14.5
2024-12-17 22:51:51,105,10.5
2024-12-17 22:51:52,51,5.1
2024-12-17 22:51:53,52,5.2
2024-12-17 22:51:54,96,9.6
2024-12-17 22:51:55,74,7.4
2024-12-17 22:51:56,66,6.6
2024-12-17 22:51:57,141,14.1
2024-12-17 22:51:58,89,8.9
2024-12-17 22:51:59,115,11.5
2024-12-17 22:52:00,132,13.2
2024-12-17 22:52:01,105,10.5
2024-12-17 22:52:02,70,7.0
2024-12-17 22:52:03,109,10.9
2024-12-17 22:52:04,97,9.7
2024-12-17 22:52:05,125,12.5
2024-12-17 22:52:06,82,8.2
2024-12-17 22:52:07,144,14.4
2024-12-17 22:52:08,84,8.4
2024-12-17 22:52:09,72,7.2
2024-12-17 22:52:10,63,6.3
2024-12-17 22:52:11,51,5.1
2024-12-17 22:52:12,78,7.8
2024-12-17 22:52:13,145,14.5
2024-12-17 22:52:14,132,13.2
2024-12-17 22:52:15,62,6.2
2024-12-17 22:52:16,155,15.5
2024-12-17 22:52:17,128,12.8
2024-12-17 22:52:18,128,12.8
2024-12-17 22:52:19,153,15.3
2024-12-17 22:52:20,144,14.4
2024-12-17 22:52:21,127,12.7
2024-12-17 22:52:22,143,14.3
2024-12-17 22:52:23,146,14.6
2024-12-17 22:52:24,131,13.1
2024-12-17 22:52:25,71,7.1
2024-12-17 22:52:26,102,10.2
2024-12-17 22:52:27,112,11.2
2024-12-17 22:52:28,57,5.7
2024-12-17 22:52:29,106,10.6
2024-12-17 22:52:30,147,14.7
2024-12-17 22:52:31,133,13.3
2024-12-17 22:52:32,129,12.9
2024-12-17 22:52:33,127,12.7
2024-12-17 22:52:34,74,7.4
2024-12-17 22:52:35,133,13.3
2024-12-17 22:52:36,96,9.6
2024-12-17 22:52:37,86,8.6
2024-12-17 22:52:38,135,13.5
2024-12-17 22:52:39,157,15.7
2024-12-17 22:52:40,52,5.2
2024-12-17 22:52:41,146,14.6
2024-12-17 22:52:42,59,5.9
2024-12-17 22:52:43,106,10.6
2024-12-17 22:52:44,143,14.3
2024-12-17 22:52:45,82,8.2
2024-12-17 22:52:46,128,12.8
2024-12-17 22:52:47,144,14.4
2024-12-17 22:52:48,95,9.5
2024-12-17 22:52:49,119,11.9
2024-12-17 22:52:50,156,15.6
2024-12-17 22:52:51,100,10.0
2024-12-17 22:52:52,139,13.9
2024-12-17 22:52:53,77,7.7
2024-12-17 22:52:54,153,15.3
2024-12-17 22:52:55,112,11.2
2024-12-17 22:52:56,119,11.9
2024-12-17 22:52:57,86,8.6
2024-12-17 22:52:58,59,5.9
2024-12-17 22:52:59,78,7.8
2024-12-17 22:53:00,108,10.8
2024-12-17 22:53:01,138,13.8
2024-12-17 22:53:02,84,8.4
2024-12-17 22:53:03,69,6.9
2024-12-17 22:53:04,63,6.3
2024-12-17 22:53:05,91,9.1
2024-12-17 22:53:06,121,12.1
2024-12-17 22:53:07,149,14.9
2024-12-17 22:53:08,131,13.1
2024-12-17 22:53:09,78,7.8
2024-12-17 22:53:10,131,13.1
2024-12-17 22:53:11,137,13.7
2024-12-17 22:53:12,103,10.3
2024-12-17 22:53:13,86,8.6
2024-12-17 22:53:14,122,12.2
2024-12-17 22:53:15,151,15.1
2024-12-17 22:53:16,130,13.0
2024-12-17 22:53:17,74,7.4
2024-12-17 22:53:18,135,13.5
2024-12-17 22:53:19,52,5.2
2024-12-17 22:53:20,112,11.2
2024-12-17 22:53:21,94,9.4
2024-12-17 22:53:22,92,9.2
2024-12-17 22:53:23,80,8.0
2024-12-17 22:53:24,130,13.0
2024-12-17 22:53:25,93,9.3
2024-12-17 22:53:26,71,7.1
2024-12-17 22:53:27,63,6.3
2024-12-17 22:53:28,159,15.9
2024-12-17 22:53:29,54,5.4
2024-12-17 22:53:30,126,12.6
2024-12-17 22:53:31,55,5.5
2024-12-17 22:53:32,54,5.4
2024-12-17 22:53:33,114,11.4
2024-12-17 22:53:34,76,7.6
2024-12-17 22:53:35,97,9.7
2024-12-17 22:53:36,87,8.7
2024-12-17 22:53:37,147,14.7
2024-12-17 22:53:38,71,7.1
2024-12-17 22:53:39,78,7.8
2024-12-17 22:53:40,97,9.7
2024-12-17 22:53:41,89,8.9
2024-12-17 22:53:42,82,8.2
2024-12-17 22:53:43,135,13.5
2024-12-17 22:53:44,152,15.2
2024-12-17 22:53:45,136,13.6
2024-12-17 22:53:46,98,9.8
2024-12-17 22:53:47,147,14.7
2024-12-17 22:53:48,109,10.9
2024-12-17 22:53:49,105,10.5
2024-12-17 22:53:50,89,8.9
2024-12-17 22:53:51,56,5.6
2024-12-17 22:53:52,88,8.8
2024-12-17 22:53:53,95,9.5
2024-12-17 22:53:54,124,12.4
2024-12-17 22:53:55,148,14.8
2024-12-17 22:53:56,86,8.6
2024-12-17 22:53:57,121,12.1
2024-12-17 22:53:58,110,11.0
2024-12-17 22:53:59,154,15.4
2024-12-17 22:54:00,62,6.2
2024-12-17 22:54:01,96,9.6
2024-12-17 22:54:02,74,7.4
2024-12-17 22:54:03,63,6.3
2024-12-17 22:54:04,124,12.4
2024-12-17 22:54:05,86,8.6
2024-12-17 22:54:06,131,13.1
2024-12-17 22:54:07,61,6.1
2024-12-17 22:54:08,158,15.8
2024-12-17 22:54:09,83,8.3
2024-12-17 22:54:10,80,8.0
2024-12-17 22:54:11,117,11.7
2024-12-17 22:54:12,128,12.8
2024-12-17 22:54:13,106,10.6
2024-12-17 22:54:14,64,6.4
2024-12-17 22:54:15,102,10.2
2024-12-17 22:54:16,76,7.6
2024-12-17 22:54:17,81,8.1
2024-12-17 22:54:18,129,12.9
2024-12-17 22:54:19,90,9.0
2024-12-17 22:54:20,136,13.6
2024-12-17 22:54:21,56,5.6
2024-12-17 22:54:22,52,5.2
2024-12-17 22:54:23,51,5.1
2024-12-17 22:54:24,138,13.8
2024-12-17 22:54:25,153,15.3
2024-12-17 22:54:26,88,8.8
2024-12-17 22:54:27,120,12.0
2024-12-17 22:54:28,68,6.8
2024-12-17 22:54:29,113,11.3
2024-12-17 22:54:30,72,7.2
2024-12-17 22:54:31,148,14.8
2024-12-17 22:54:32,95,9.5
2024-12-17 22:54:33,130,13.0
2024-12-17 22:54:34,89,8.9
2024-12-17 22:54:35,61,6.1
2024-12-17 22:54:36,106,10.6
2024-12-17 22:54:37,132,13.2
2024-12-17 22:54:38,60,6.0
2024-12-17 22:54:39,107,10.7
2024-12-17 22:54:40,110,11.0
2024-12-17 22:54:41,127,12.7
2024-12-17 22:54:42,107,10.7
2024-12-17 22:54:43,84,8.4
2024-12-17 22:54:44,95,9.5
2024-12-17 22:54:45,128,12.8
2024-12-17 22:54:46,82,8.2
2024-12-17 22:54:47,122,12.2
2024-12-17 22:54:48,112,11.2
2024-12-17 22:54:49,93,9.3
2024-12-17 22:54:50,61,6.1
2024-12-17 22:54:51,157,15.7
2024-12-17 22:54:52,68,6.8
2024-12-17 22:54:53,52,5.2
2024-12-17 22:54:54,76,7.6
2024-12-17 22:54:55,132,13.2
2024-12-17 22:54:56,140,14.0
2024-12-17 22:54:57,108,10.8
2024-12-17 22:54:58,150,15.0
2024-12-17 22:54:59,53,5.3
2024-12-17 22:55:00,134,13.4
2024-12-17 22:55:01,144,14.4
2024-12-17 22:55:02,66,6.6
2024-12-17 22:55:03,133,13.3
2024-12-17 22:55:04,139,13.9
2024-12-17 22:55:05,70,7.0
2024-12-17 22:55:06,77,7.7
2024-12-17 22:55:07,134,13.4
2024-12-17 22:55:08,118,11.8
2024-12-17 22:55:09,74,7.4
2024-12-17 22:55:10,119,11.9
2024-12-17 22:55:11,59,5.9
2024-12-17 22:55:12,62,6.2
2024-12-17 22:55:13,105,10.5
2024-12-17 22:55:14,152,15.2
2024-12-17 22:55:15,138,13.8
2024-12-17 22:55:16,100,10.0
2024-12-17 22:55:17,111,11.1
2024-12-17 22:55:18,87,8.7
2024-12-17 22:55:19,103,10.3
2024-12-17 22:55:20,153,15.3
2024-12-17 22:55:21,95,9.5
2024-12-17 22:55:22,142,14.2
2024-12-17 22:55:23,66,6.6
2024-12-17 22:55:24,145,14.5
2024-12-17 22:55:25,150,15.0
2024-12-17 22:55:26,98,9.8
2024-12-17 22:55:27,144,14.4
2024-12-17 22:55:28,127,12.7
2024-12-17 22:55:29,87,8.7
2024-12-17 22:55:30,148,14.8
2024-12-17 22:55:31,141,14.1
2024-12-17 22:55:32,116,11.6
2024-12-17 22:55:33,73,7.3
2024-12-17 22:55:34,159,15.9
2024-12-17 22:55:35,95,9.5
2024-12-17 22:55:36,142,14.2
2024-12-17 22:55:37,152,15.2
2024-12-17 22:55:38,135,13.5
2024-12-17 22:55:39,50,5.0
2024-12-17 22:55:40,145,14.5
2024-12-17 22:55:41,158,15.8
2024-12-17 22:55:42,119,11.9
2024-12-17 22:55:43,66,6.6
2024-12-17 22:55:44,113,11.3
2024-12-17 22:55:45,83,8.3
2024-12-17 22:55:46,125,12.5
2024-12-17 22:55:47,72,7.2
2024-12-17 22:55:48,105,10.5
2024-12-17 22:55:49,134,13.4
2024-12-17 22:55:50,84,8.4
2024-12-17 22:55:51,114,11.4
2024-12-17 22:55:52,131,13.1
2024-12-17 22:55:53,54,5.4
2024-12-17 22:55:54,153,15.3
2024-12-17 22:55:55,126,12.6
2024-12-17 22:55:56,60,6.0
2024-12-17 22:55:57,157,15.7
2024-12-17 22:55:58,95,9.5
2024-12-17 22:55:59,74,7.4
2024-12-17 22:56:00,70,7.0
2024-12-17 22:56:01,147,14.7
2024-12-17 22:56:02,61,6.1
2024-12-17 22:56:03,97,9.7
2024-12-17 22:56:04,53,5.3
2024-12-17 22:56:05,119,11.9
2024-12-17 22:56:06,144,14.4
2024-12-17 22:56:07,80,8.0
2024-12-17 22:56:08,150,15.0
2024-12-17 22:56:09,109,10.9
2024-12-17 22:56:10,120,12.0
2024-12-17 22:56:11,65,6.5
2024-12-17 22:56:12,124,12.4
2024-12-17 22:56:13,69,6.9
2024-12-17 22:56:14,104,10.4
2024-12-17 22:56:15,149,14.9
2024-12-17 22:56:16,142,14.2
2024-12-17 22:56:17,53,5.3
2024-12-17 22:56:18,89,8.9
2024-12-17 22:56:19,81,8.1
2024-12-17 22:56:20,131,13.1
2024-12-17 22:56:21,87,8.7
2024-12-17 22:56:22,135,13.5
2024-12-17 22:56:23,110,11.0
2024-12-17 22:56:24,86,8.6
2024-12-17 22:56:25,82,8.2
2024-12-17 22:56:26,157,15.7
2024-12-17 22:56:27,124,12.4
2024-12-17 22:56:28,72,7.2
2024-12-17 22:56:29,141,14.1
2024-12-17 22:56:30,70,7.0
2024-12-17 22:56:31,121,12.1
2024-12-17 22:56:32,106,10.6
2024-12-17 22:56:33,90,9.0
2024-12-17 22:56:34,84,8.4
2024-12-17 22:56:35,158,15.8
2024-12-17 22:56:36,65,6.5
2024-12-17 22:56:37,136,13.6
2024-12-17 22:56:38,141,14.1
2024-12-17 22:56:39,116,11.6
2024-12-17 22:56:40,154,15.4
2024-12-17 22:56:41,125,12.5
2024-12-17 22:56:42,113,11.3
2024-12-17 22:56:43,50,5.0
2024-12-17 22:56:44,148,14.8
2024-12-17 22:56:45,68,6.8
2024-12-17 22:56:46,109,10.9
2024-12-17 22:56:47,137,13.7
2024-12-17 22:56:48,59,5.9
2024-12-17 22:56:49,64,6.4
2024-12-17 22:56:50,65,6.5
2024-12-17 22:56:51,74,7.4
2024-12-17 22:56:52,54,5.4
2024-12-17 22:56:53,65,6.5
2024-12-17 22:56:54,142,14.2
2024-12-17 22:56:55,112,11.2
2024-12-17 22:56:56,62,6.2
2024-12-17 22:56:57,137,13.7
2024-12-17 22:56:58,60,6.0
2024-12-17 22:56:59,89,8.9
2024-12-17 22:57:00,75,7.5
2024-12-17 22:57:01,120,12.0
2024-12-17 22:57:02,58,5.8
2024-12-17 22:57:03,95,9.5
2024-12-17 22:57:04,61,6.1
2024-12-17 22:57:05,131,13.1
2024-12-17 22:57:06,121,12.1
2024-12-17 22:57:07,131,13.1
2024-12-17 22:57:08,98,9.8
2024-12-17 22:57:09,143,14.3
2024-12-17 22:57:10,153,15.3
2024-12-17 22:57:11,120,12.0
2024-12-17 22:57:12,140,14.0
2024-12-17 22:57:13,50,5.0
2024-12-17 22:57:14,144,14.4
2024-12-17 22:57:15,58,5.8
2024-12-17 22:57:16,52,5.2
2024-12-17 22:57:17,111,11.1
2024-12-17 22:57:18,157,15.7
2024-12-17 22:57:19,151,15.1
2024-12-17 22:57:20,75,7.5
2024-12-17 22:57:21,144,14.4
2024-12-17 22:57:22,93,9.3
2024-12-17 22:57:23,60,6.0
2024-12-17 22:57:24,112,11.2
2024-12-17 22:57:25,88,8.8
2024-12-17 22:57:26,148,14.8
2024-12-17 22:57:27,157,15.7
2024-12-17 22:57:28,50,5.0
2024-12-17 22:57:29,50,5.0
2024-12-17 22:57:30,97,9.7
2024-12-17 22:57:31,87,8.7
2024-12-17 22:57:32,86,8.6
2024-12-17 22:57:33,86,8.6
2024-12-17 22:57:34,146,14.6
2024-12-17 22:57:35,122,12.2
2024-12-17 22:57:36,116,11.6
2024-12-17 22:57:37,157,15.7
2024-12-17 22:57:38,120,12.0
2024-12-17 22:57:39,129,12.9
2024-12-17 22:57:40,116,11.6
2024-12-17 22:57:41,101,10.1
2024-12-17 22:57:42,138,13.8
2024-12-17 22:57:43,99,9.9
2024-12-17 22:57:44,145,14.5
2024-12-17 22:57:45,110,11.0
2024-12-17 22:57:46,131,13.1
2024-12-17 22:57:47,141,14.1
2024-12-17 22:57:48,56,5.6
2024-12-17 22:57:49,97,9.7
2024-12-17 22:57:50,112,11.2
2024-12-17 22:57:51,61,6.1
2024-12-17 22:57:52,130,13.0
2024-12-17 22:57:53,112,11.2
2024-12-17 22:57:54,152,15.2
2024-12-17 22:57:55,68,6.8
2024-12-17 22:57:56,152,15.2
2024-12-17 22:57:57,96,9.6
2024-12-17 22:57:58,91,9.1
2024-12-17 22:57:59,61,6.1
2024-12-17 22:58:00,103,10.3
2024-12-17 22:58:01,157,15.7
2024-12-17 22:58:02,79,7.9
2024-12-17 22:58:03,84,8.4
2024-12-17 22:58:04,105,10.5
2024-12-17 22:58:05,105,10.5
2024-12-17 22:58:06,97,9.7
2024-12-17 22:58:07,98,9.8
2024-12-17 22:58:08,54,5.4
2024-12-17 22:58:09,52,5.2
2024-12-17 22:58:10,117,11.7
2024-12-17 22:58:11,69,6.9
2024-12-17 22:58:12,68,6.8
2024-12-17 22:58:13,67,6.7
2024-12-17 22:58:14,82,8.2
2024-12-17 22:58:15,57,5.7
2024-12-17 22:58:16,88,8.8
2024-12-17 22:58:17,127,12.7
2024-12-17 22:58:18,153,15.3
2024-12-17 22:58:19,73,7.3
2024-12-17 22:58:20,116,11.6
2024-12-17 22:58:21,114,11.4
2024-12-17 22:58:22,61,6.1
2024-12-17 22:58:23,136,13.6
2024-12-17 22:58:24,95,9.5
2024-12-17 22:58:25,104,10.4
2024-12-17 22:58:26,102,10.2
2024-12-17 22:58:27,83,8.3
2024-12-17 22:58:28,65,6.5
2024-12-17 22:58:29,62,6.2
2024-12-17 22:58:30,131,13.1
2024-12-17 22:58:31,98,9.8
2024-12-17 22:58:32,107,10.7
2024-12-17 22:58:33,158,15.8
2024-12-17 22:58:34,117,11.7
2024-12-17 22:58:35,53,5.3
2024-12-17 22:58:36,141,14.1
2024-12-17 22:58:37,159,15.9
2024-12-17 22:58:38,99,9.9
2024-12-17 22:58:39,116,11.6
2024-12-17 22:58:40,133,13.3
2024-12-17 22:58:41,58,5.8
2024-12-17 22:58:42,75,7.5
2024-12-17 22:58:43,105,10.5
2024-12-17 22:58:44,64,6.4
2024-12-17 22:58:45,120,12.0
2024-12-17 22:58:46,79,7.9
2024-12-17 22:58:47,151,15.1
2024-12-17 22:58:48,130,13.0
2024-12-17 22:58:49,119,11.9
2024-12-17 22:58:50,127,12.7
2024-12-17 22:58:51,143,14.3
2024-12-17 22:58:52,52,5.2
2024-12-17 22:58:53,146,14.6
2024-12-17 22:58:54,93,9.3
2024-12-17 22:58:55,128,12.8
2024-12-17 22:58:56,63,6.3
2024-12-17 22:58:57,51,5.1
2024-12-17 22:58:58,100,10.0
2024-12-17 22:58:59,56,5.6
2024-12-17 22:59:00,81,8.1
2024-12-17 22:59:01,104,10.4
2024-12-17 22:59:02,59,5.9
2024-12-17 22:59:03,145,14.5
2024-12-17 22:59:04,112,11.2
2024-12-17 22:59:05,127,12.7
2024-12-17 22:59:06,112,11.2
2024-12-17 22:59:07,139,13.9
2024-12-17 22:59:08,141,14.1
2024-12-17 22:59:09,140,14.0
2024-12-17 22:59:10,58,5.8
2024-12-17 22:59:11,63,6.3
2024-12-17 22:59:12,84,8.4
2024-12-17 22:59:13,75,7.5
2024-12-17 22:59:14,93,9.3
2024-12-17 22:59:15,90,9.0
2024-12-17 22:59:16,143,14.3
2024-12-17 22:59:17,132,13.2
2024-12-17 22:59:18,116,11.6
2024-12-17 22:59:19,131,13.1
2024-12-17 22:59:20,119,11.9
2024-12-17 22:59:21,87,8.7
2024-12-17 22:59:22,113,11.3
2024-12-17 22:59:23,147,14.7
2024-12-17 22:59:24,158,15.8
2024-12-17 22:59:25,112,11.2
2024-12-17 22:59:26,116,11.6
2024-12-17 22:59:27,150,15.0
2024-12-17 22:59:28,126,12.6
2024-12-17 22:59:29,124,12.4
2024-12-17 22:59:30,61,6.1
2024-12-17 22:59:31,85,8.5
2024-12-17 22:59:32,151,15.1
2024-12-17 22:59:33,149,14.9
2024-12-17 22:59:34,80,8.0
2024-12-17 22:59:35,152,15.2
2024-12-17 22:59:36,132,13.2
2024-12-17 22:59:37,59,5.9
2024-12-17 22:59:38,97,9.7
2024-12-17 22:59:39,90,9.0
2024-12-17 22:59:40,123,12.3
2024-12-17 22:59:41,119,11.9
2024-12-17 22:59:42,99,9.9
2024-12-17 22:59:43,52,5.2
2024-12-17 22:59:44,93,9.3
2024-12-17 22:59:45,59,5.9
2024-12-17 22:59:46,80,8.0
2024-12-17 22:59:47,54,5.4
2024-12-17 22:59:48,130,13.0
2024-12-17 22:59:49,73,7.3
2024-12-17 22:59:50,54,5.4
2024-12-17 22:59:51,90,9.0
2024-12-17 22:59:52,54,5.4
2024-12-17 22:59:53,112,11.2
2024-12-17 22:59:54,53,5.3
2024-12-17 22:59:55,143,14.3
2024-12-17 22:59:56,59,5.9
2024-12-17 22:59:57,124,12.4
2024-12-17 22:59:58,66,6.6
2024-12-17 22:59:59,62,6.2
2024-12-17 23:00:00,77,7.7
2024-12-17 23:00:01,79,7.9
2024-12-17 23:00:02,98,9.8
2024-12-17 23:00:03,111,11.1
2024-12-17 23:00:04,56,5.6
2024-12-17 23:00:05,146,14.6
2024-12-17 23:00:06,122,12.2
2024-12-17 23:00:07,137,13.7
2024-12-17 23:00:08,62,6.2
2024-12-17 23:00:09,124,12.4
2024-12-17 23:00:10,134,13.4
2024-12-17 23:00:11,99,9.9
2024-12-17 23:00:12,67,6.7
2024-12-17 23:00:13,76,7.6
2024-12-17 23:00:14,145,14.5
2024-12-17 23:00:15,76,7.6
2024-12-17 23:00:16,68,6.8
2024-12-17 23:00:17,142,14.2
2024-12-17 23:00:18,149,14.9
2024-12-17 23:00:19,99,9.9
2024-12-17 23:00:20,64,6.4
2024-12-17 23:00:21,108,10.8
2024-12-17 23:00:22,73,7.3
2024-12-17 23:00:23,89,8.9
2024-12-17 23:00:24,84,8.4
2024-12-17 23:00:25,158,15.8
2024-12-17 23:00:26,89,8.9
2024-12-17 23:00:27,81,8.1
2024-12-17 23:00:28,98,9.8
2024-12-17 23:00:29,58,5.8
2024-12-17 23:00:30,131,13.1
2024-12-17 23:00:31,143,14.3
2024-12-17 23:00:32,129,12.9
2024-12-17 23:00:33,69,6.9
2024-12-17 23:00:34,126,12.6
2024-12-17 23:00:35,87,8.7
2024-12-17 23:00:36,151,15.1
2024-12-17 23:00:37,61,6.1
2024-12-17 23:00:38,67,6.7
2024-12-17 23:00:39,131,13.1
2024-12-17 23:00:40,70,7.0
2024-12-17 23:00:41,131,13.1
2024-12-17 23:00:42,96,9.6
2024-12-17 23:00:43,80,8.0
2024-12-17 23:00:44,144,14.4
2024-12-17 23:00:45,59,5.9
2024-12-17 23:00:46,129,12.9
2024-12-17 23:00:47,63,6.3
2024-12-17 23:00:48,134,13.4
2024-12-17 23:00:49,127,12.7
2024-12-17 23:00:50,120,12.0
2024-12-17 23:00:51,65,6.5
2024-12-17 23:00:52,76,7.6
2024-12-17 23:00:53,151,15.1
2024-12-17 23:00:54,131,13.1
2024-12-17 23:00:55,56,5.6
2024-12-17 23:00:56,139,13.9
2024-12-17 23:00:57,93,9.3
2024-12-17 23:00:58,53,5.3
2024-12-17 23:00:59,141,14.1
2024-12-17 23:01:00,86,8.6
2024-12-17 23:01:01,148,14.8
2024-12-17 23:01:02,140,14.0
2024-12-17 23:01:03,96,9.6
2024-12-17 23:01:04,57,5.7
2024-12-17 23:01:05,147,14.7
2024-12-17 23:01:06,72,7.2
2024-12-17 23:01:07,145,14.5
2024-12-17 23:01:08,50,5.0
2024-12-17 23:01:09,106,10.6
2024-12-17 23:01:10,94,9.4
2024-12-17 23:01:11,98,9.8
2024-12-17 23:01:12,79,7.9
2024-12-17 23:01:13,53,5.3
2024-12-17 23:01:14,53,5.3
2024-12-17 23:01:15,118,11.8
2024-12-17 23:01:16,54,5.4
2024-12-17 23:01:17,153,15.3
2024-12-17 23:01:18,138,13.8
2024-12-17 23:01:19,112,11.2
2024-12-17 23:01:20,105,10.5
2024-12-17 23:01:21,105,10.5
2024-12-17 23:01:22,143,14.3
2024-12-17 23:01:23,116,11.6
2024-12-17 23:01:24,50,5.0
2024-12-17 23:01:25,134,13.4
2024-12-17 23:01:26,57,5.7
2024-12-17 23:01:27,51,5.1
2024-12-17 23:01:28,58,5.8
2024-12-17 23:01:29,105,10.5
2024-12-17 23:01:30,96,9.6
2024-12-17 23:01:31,89,8.9
2024-12-17 23:01:32,130,13.0
2024-12-17 23:01:33,79,7.9
2024-12-17 23:01:34,73,7.3
2024-12-17 23:01:35,85,8.5
2024-12-17 23:01:36,144,14.4
2024-12-17 23:01:37,71,7.1
2024-12-17 23:01:38,114,11.4
2024-12-17 23:01:39,53,5.3
2024-12-17 23:01:40,71,7.1
2024-12-17 23:01:41,84,8.4
2024-12-17 23:01:42,126,12.6
2024-12-17 23:01:43,130,13.0
2024-12-17 23:01:44,142,14.2
2024-12-17 23:01:45,149,14.9
2024-12-17 23:01:46,78,7.8
2024-12-17 23:01:47,80,8.0
2024-12-17 23:01:48,129,12.9
2024-12-17 23:01:49,96,9.6
2024-12-17 23:01:50,144,14.4
2024-12-17 23:01:51,67,6.7
2024-12-17 23:01:52,79,7.9
2024-12-17 23:01:53,115,11.5
2024-12-17 23:01:54,80,8.0
2024-12-17 23:01:55,156,15.6
2024-12-17 23:01:56,94,9.4
2024-12-17 23:01:57,62,6.2
2024-12-17 23:01:58,54,5.4
2024-12-17 23:01:59,142,14.2
2024-12-17 23:02:00,69,6.9
2024-12-17 23:02:01,64,6.4
2024-12-17 23:02:02,121,12.1
2024-12-17 23:02:03,72,7.2
2024-12-17 23:02:04,156,15.6
2024-12-17 23:02:05,82,8.2
2024-12-17 23:02:06,63,6.3
2024-12-17 23:02:07,125,12.5
2024-12-17 23:02:08,124,12.4
2024-12-17 23:02:09,160,16.0
2024-12-17 23:02:10,101,10.1
2024-12-17 23:02:11,158,15.8
2024-12-17 23:02:12,109,10.9
2024-12-17 23:02:13,106,10.6
2024-12-17 23:02:14,135,13.5
2024-12-17 23:02:15,77,7.7
2024-12-17 23:02:16,141,14.1
2024-12-17 23:02:17,83,8.3
2024-12-17 23:02:18,94,9.4
2024-12-17 23:02:19,82,8.2
2024-12-17 23:02:20,111,11.1
2024-12-17 23:02:21,150,15.0
2024-12-17 23:02:22,74,7.4
2024-12-17 23:02:23,150,15.0
2024-12-17 23:02:24,156,15.6
2024-12-17 23:02:25,129,12.9
2024-12-17 23:02:26,128,12.8
2024-12-17 23:02:27,133,13.3
2024-12-17 23:02:28,128,12.8
2024-12-17 23:02:29,64,6.4
2024-12-17 23:02:30,103,10.3
2024-12-17 23:02:31,102,10.2
2024-12-17 23:02:32,116,11.6
2024-12-17 23:02:33,147,14.7
2024-12-17 23:02:34,138,13.8
2024-12-17 23:02:35,71,7.1
2024-12-17 23:02:36,151,15.1
2024-12-17 23:02:37,53,5.3
2024-12-17 23:02:38,126,12.6
2024-12-17 23:02:39,134,13.4
2024-12-17 23:02:40,113,11.3
2024-12-17 23:02:41,73,7.3
2024-12-17 23:02:42,159,15.9
2024-12-17 23:02:43,56,5.6
2024-12-17 23:02:44,143,14.3
2024-12-17 23:02:45,107,10.7
2024-12-17 23:02:46,154,15.4
2024-12-17 23:02:47,110,11.0
2024-12-17 23:02:48,96,9.6
2024-12-17 23:02:49,115,11.5
2024-12-17 23:02:50,119,11.9
2024-12-17 23:02:51,142,14.2
2024-12-17 23:02:52,159,15.9
2024-12-17 23:02:53,144,14.4
2024-12-17 23:02:54,80,8.0
2024-12-17 23:02:55,86,8.6
2024-12-17 23:02:56,91,9.1
2024-12-17 23:02:57,87,8.7
2024-12-17 23:02:58,84,8.4
2024-12-17 23:02:59,133,13.3
2024-12-17 23:03:00,83,8.3
2024-12-17 23:03:01,108,10.8
2024-12-17 23:03:02,82,8.2
2024-12-17 23:03:03,59,5.9
2024-12-17 23:03:04,133,13.3
2024-12-17 23:03:05,81,8.1
2024-12-17 23:03:06,130,13.0
2024-12-17 23:03:07,143,14.3
2024-12-17 23:03:08,159,15.9
2024-12-17 23:03:09,59,5.9
2024-12-17 23:03:10,55,5.5
2024-12-17 23:03:11,64,6.4
2024-12-17 23:03:12,111,11.1
2024-12-17 23:03:13,136,13.6
2024-12-17 23:03:14,80,8.0
2024-12-17 23:03:15,69,6.9
2024-12-17 23:03:16,102,10.2
2024-12-17 23:03:17,97,9.7
2024-12-17 23:03:18,101,10.1
2024-12-17 23:03:19,66,6.6
2024-12-17 23:03:20,53,5.3
2024-12-17 23:03:21,130,13.0
2024-12-17 23:03:22,64,6.4
2024-12-17 23:03:23,145,14.5
2024-12-17 23:03:24,139,13.9
2024-12-17 23:03:25,78,7.8
2024-12-17 23:03:26,109,10.9
2024-12-17 23:03:27,83,8.3
2024-12-17 23:03:28,57,5.7
2024-12-17 23:03:29,96,9.6
2024-12-17 23:03:30,97,9.7
2024-12-17 23:03:31,145,14.5
2024-12-17 23:03:32,121,12.1
2024-12-17 23:03:33,98,9.8
2024-12-17 23:03:34,146,14.6
2024-12-17 23:03:35,63,6.3
2024-12-17 23:03:36,53,5.3
2024-12-17 23:03:37,73,7.3
2024-12-17 23:03:38,109,10.9
2024-12-17 23:03:39,153,15.3
2024-12-17 23:03:40,65,6.5
2024-12-17 23:03:41,158,15.8
2024-12-17 23:03:42,87,8.7
2024-12-17 23:03:43,105,10.5
2024-12-17 23:03:44,128,12.8
2024-12-17 23:03:45,146,14.6
2024-12-17 23:03:46,63,6.3
2024-12-17 23:03:47,65,6.5
2024-12-17 23:03:48,151,15.1
2024-12-17 23:03:49,94,9.4
2024-12-17 23:03:50,51,5.1
2024-12-17 23:03:51,88,8.8
2024-12-17 23:03:52,82,8.2
2024-12-17 23:03:53,159,15.9
2024-12-17 23:03:54,71,7.1
2024-12-17 23:03:55,112,11.2
2024-12-17 23:03:56,130,13.0
2024-12-17 23:03:57,101,10.1
2024-12-17 23:03:58,160,16.0
2024-12-17 23:03:59,95,9.5
2024-12-17 23:04:00,99,9.9
2024-12-17 23:04:01,77,7.7
2024-12-17 23:04:02,79,7.9
2024-12-17 23:04:03,58,5.8
2024-12-17 23:04:04,120,12.0
2024-12-17 23:04:05,69,6.9
2024-12-17 23:04:06,68,6.8
2024-12-17 23:04:07,63,6.3
2024-12-17 23:04:08,137,13.7
2024-12-17 23:04:09,128,12.8
2024-12-17 23:04:10,107,10.7
2024-12-17 23:04:11,85,8.5
2024-12-17 23:04:12,55,5.5
2024-12-17 23:04:13,124,12.4
2024-12-17 23:04:14,81,8.1
2024-12-17 23:04:15,101,10.1
2024-12-17 23:04:16,91,9.1
2024-12-17 23:04:17,114,11.4
2024-12-17 23:04:18,94,9.4
2024-12-17 23:04:19,108,10.8
2024-12-17 23:04:20,141,14.1
2024-12-17 23:04:21,96,9.6
2024-12-17 23:04:22,117,11.7
2024-12-17 23:04:23,132,13.2
2024-12-17 23:04:24,61,6.1
2024-12-17 23:04:25,65,6.5
2024-12-17 23:04:26,133,13.3
2024-12-17 23:04:27,107,10.7
2024-12-17 23:04:28,58,5.8
2024-12-17 23:04:29,97,9.7
2024-12-17 23:04:30,154,15.4
2024-12-17 23:04:31,73,7.3
2024-12-17 23:04:32,124,12.4
2024-12-17 23:04:33,66,6.6
2024-12-17 23:04:34,124,12.4
2024-12-17 23:04:35,104,10.4
2024-12-17 23:04:36,140,14.0
2024-12-17 23:04:37,138,13.8
2024-12-17 23:04:38,129,12.9
2024-12-17 23:04:39,55,5.5
2024-12-17 23:04:40,100,10.0
2024-12-17 23:04:41,136,13.6
2024-12-17 23:04:42,134,13.4
2024-12-17 23:04:43,82,8.2
2024-12-17 23:04:44,98,9.8
2024-12-17 23:04:45,72,7.2
2024-12-17 23:04:46,83,8.3
2024-12-17 23:04:47,92,9.2
2024-12-17 23:04:48,136,13.6
2024-12-17 23:04:49,154,15.4
2024-12-17 23:04:50,85,8.5
2024-12-17 23:04:51,109,10.9
2024-12-17 23:04:52,160,16.0
2024-12-17 23:04:53,80,8.0
2024-12-17 23:04:54,147,14.7
2024-12-17 23:04:55,62,6.2
2024-12-17 23:04:56,61,6.1
2024-12-17 23:04:57,75,7.5
2024-12-17 23:04:58,65,6.5
2024-12-17 23:04:59,123,12.3
2024-12-17 23:05:00,78,7.8
2024-12-17 23:05:01,154,15.4
2024-12-17 23:05:02,138,13.8
2024-12-17 23:05:03,76,7.6
2024-12-17 23:05:04,106,10.6
2024-12-17 23:05:05,82,8.2
2024-12-17 23:05:06,147,14.7
2024-12-17 23:05:07,145,14.5
2024-12-17 23:05:08,70,7.0
2024-12-17 23:05:09,71,7.1
2024-12-17 23:05:10,131,13.1
2024-12-17 23:05:11,152,15.2
2024-12-17 23:05:12,96,9.6
2024-12-17 23:05:13,111,11.1
2024-12-17 23:05:14,85,8.5
2024-12-17 23:05:15,147,14.7
2024-12-17 23:05:16,156,15.6
2024-12-17 23:05:17,151,15.1
2024-12-17 23:05:18,120,12.0
2024-12-17 23:05:19,148,14.8
2024-12-17 23:05:20,116,11.6
2024-12-17 23:05:21,85,8.5
2024-12-17 23:05:22,159,15.9
2024-12-17 23:05:23,125,12.5
2024-12-17 23:05:24,158,15.8
2024-12-17 23:05:25,140,14.0
2024-12-17 23:05:26,148,14.8
2024-12-17 23:05:27,90,9.0
2024-12-17 23:05:28,139,13.9
2024-12-17 23:05:29,126,12.6
2024-12-17 23:05:30,129,12.9
2024-12-17 23:05:31,72,7.2
2024-12-17 23:05:32,64,6.4
2024-12-17 23:05:33,145,14.5
2024-12-17 23:05:34,61,6.1
2024-12-17 23:05:35,154,15.4
2024-12-17 23:05:36,108,10.8
2024-12-17 23:05:37,99,9.9
2024-12-17 23:05:38,160,16.0
2024-12-17 23:05:39,148,14.8
2024-12-17 23:05:40,146,14.6
2024-12-17 23:05:41,132,13.2
2024-12-17 23:05:42,137,13.7
2024-12-17 23:05:43,52,5.2
2024-12-17 23:05:44,120,12.0
2024-12-17 23:05:45,118,11.8
2024-12-17 23:05:46,75,7.5
2024-12-17 23:05:47,53,5.3
2024-12-17 23:05:48,124,12.4
2024-12-17 23:05:49,54,5.4
2024-12-17 23:05:50,62,6.2
2024-12-17 23:05:51,95,9.5
2024-12-17 23:05:52,128,12.8
2024-12-17 23:05:53,122,12.2
2024-12-17 23:05:54,128,12.8
2024-12-17 23:05:55,66,6.6
2024-12-17 23:05:56,153,15.3
2024-12-17 23:05:57,95,9.5
2024-12-17 23:05:58,92,9.2
2024-12-17 23:05:59,72,7.2
2024-12-17 23:06:00,78,7.8
2024-12-17 23:06:01,115,11.5
2024-12-17 23:06:02,84,8.4
2024-12-17 23:06:03,156,15.6
2024-12-17 23:06:04,89,8.9
2024-12-17 23:06:05,53,5.3
2024-12-17 23:06:06,93,9.3
2024-12-17 23:06:07,137,13.7
2024-12-17 23:06:08,67,6.7
2024-12-17 23:06:09,76,7.6
2024-12-17 23:06:10,149,14.9
2024-12-17 23:06:11,147,14.7
2024-12-17 23:06:12,110,11.0
2024-12-17 23:06:13,85,8.5
2024-12-17 23:06:14,124,12.4
2024-12-17 23:06:15,124,12.4
2024-12-17 23:06:16,107,10.7
2024-12-17 23:06:17,136,13.6
2024-12-17 23:06:18,70,7.0
2024-12-17 23:06:19,140,14.0
2024-12-17 23:06:20,136,13.6
2024-12-17 23:06:21,110,11.0
2024-12-17 23:06:22,131,13.1
2024-12-17 23:06:23,148,14.8
2024-12-17 23:06:24,157,15.7
2024-12-17 23:06:25,89,8.9
2024-12-17 23:06:26,120,12.0
2024-12-17 23:06:27,84,8.4
2024-12-17 23:06:28,154,15.4
2024-12-17 23:06:29,50,5.0
2024-12-17 23:06:30,147,14.7
2024-12-17 23:06:31,111,11.1
2024-12-17 23:06:32,71,7.1
2024-12-17 23:06:33,105,10.5
2024-12-17 23:06:34,97,9.7
2024-12-17 23:06:35,155,15.5
2024-12-17 23:06:36,62,6.2
2024-12-17 23:06:37,85,8.5
2024-12-17 23:06:38,148,14.8
2024-12-17 23:06:39,148,14.8
2024-12-17 23:06:40,147,14.7
2024-12-17 23:06:41,125,12.5
2024-12-17 23:06:42,153,15.3
2024-12-17 23:06:43,118,11.8
2024-12-17 23:06:44,59,5.9
2024-12-17 23:06:45,101,10.1
2024-12-17 23:06:46,103,10.3
2024-12-17 23:06:47,152,15.2
2024-12-17 23:06:48,120,12.0
2024-12-17 23:06:49,143,14.3
2024-12-17 23:06:50,122,12.2
2024-12-17 23:06:51,62,6.2
2024-12-17 23:06:52,131,13.1
2024-12-17 23:06:53,55,5.5
2024-12-17 23:06:54,124,12.4
2024-12-17 23:06:55,75,7.5
2024-12-17 23:06:56,130,13.0
2024-12-17 23:06:57,98,9.8
2024-12-17 23:06:58,103,10.3
2024-12-17 23:06:59,144,14.4
2024-12-17 23:07:00,104,10.4
2024-12-17 23:07:01,124,12.4
2024-12-17 23:07:02,56,5.6
2024-12-17 23:07:03,83,8.3
2024-12-17 23:07:04,118,11.8
2024-12-17 23:07:05,145,14.5
2024-12-17 23:07:06,159,15.9
2024-12-17 23:07:07,102,10.2
2024-12-17 23:07:08,109,10.9
2024-12-17 23:07:09,61,6.1
2024-12-17 23:07:10,154,15.4
2024-12-17 23:07:11,111,11.1
2024-12-17 23:07:12,128,12.8
2024-12-17 23:07:13,113,11.3
2024-12-17 23:07:14,155,15.5
2024-12-17 23:07:15,108,10.8
2024-12-17 23:07:16,93,9.3
2024-12-17 23:07:17,138,13.8
2024-12-17 23:07:18,115,11.5
2024-12-17 23:07:19,155,15.5
2024-12-17 23:07:20,94,9.4
2024-12-17 23:07:21,105,10.5
2024-12-17 23:07:22,63,6.3
2024-12-17 23:07:23,88,8.8
2024-12-17 23:07:24,118,11.8
2024-12-17 23:07:25,99,9.9
2024-12-17 23:07:26,130,13.0
2024-12-17 23:07:27,97,9.7
2024-12-17 23:07:28,91,9.1
2024-12-17 23:07:29,108,10.8
2024-12-17 23:07:30,148,14.8
2024-12-17 23:07:31,77,7.7
2024-12-17 23:07:32,71,7.1
2024-12-17 23:07:33,119,11.9
2024-12-17 23:07:34,146,14.6
2024-12-17 23:07:35,84,8.4
2024-12-17 23:07:36,135,13.5
2024-12-17 23:07:37,110,11.0
2024-12-17 23:07:38,152,15.2
2024-12-17 23:07:39,103,10.3
2024-12-17 23:07:40,122,12.2
2024-12-17 23:07:41,70,7.0
2024-12-17 23:07:42,117,11.7
2024-12-17 23:07:43,95,9.5
2024-12-17 23:07:44,111,11.1
2024-12-17 23:07:45,80,8.0
2024-12-17 23:07:46,65,6.5
2024-12-17 23:07:47,114,11.4
2024-12-17 23:07:48,105,10.5
2024-12-17 23:07:49,75,7.5
2024-12-17 23:07:50,79,7.9
2024-12-17 23:07:51,130,13.0
2024-12-17 23:07:52,111,11.1
2024-12-17 23:07:53,107,10.7
2024-12-17 23:07:54,69,6.9
2024-12-17 23:07:55,56,5.6
2024-12-17 23:07:56,88,8.8
2024-12-17 23:07:57,142,14.2
2024-12-17 23:07:58,114,11.4
2024-12-17 23:07:59,75,7.5
2024-12-17 23:08:00,124,12.4
2024-12-17 23:08:01,77,7.7
2024-12-17 23:08:02,97,9.7
2024-12-17 23:08:03,115,11.5
2024-12-17 23:08:04,104,10.4
2024-12-17 23:08:05,113,11.3
2024-12-17 23:08:06,122,12.2
2024-12-17 23:08:07,80,8.0
2024-12-17 23:08:08,135,13.5
2024-12-17 23:08:09,134,13.4
2024-12-17 23:08:10,121,12.1
2024-12-17 23:08:11,136,13.6
2024-12-17 23:08:12,72,7.2
2024-12-17 23:08:13,84,8.4
2024-12-17 23:08:14,51,5.1
2024-12-17 23:08:15,107,10.7
2024-12-17 23:08:16,136,13.6
2024-12-17 23:08:17,138,13.8
2024-12-17 23:08:18,74,7.4
2024-12-17 23:08:19,135,13.5
2024-12-17 23:08:20,55,5.5
2024-12-17 23:08:21,76,7.6
2024-12-17 23:08:22,51,5.1
2024-12-17 23:08:23,76,7.6
2024-12-17 23:08:24,154,15.4
2024-12-17 23:08:25,89,8.9
2024-12-17 23:08:26,145,14.5
2024-12-17 23:08:27,62,6.2
2024-12-17 23:08:28,147,14.7
2024-12-17 23:08:29,102,10.2
2024-12-17 23:08:30,90,9.0
2024-12-17 23:08:31,104,10.4
2024-12-17 23:08:32,95,9.5
2024-12-17 23:08:33,159,15.9
2024-12-17 23:08:34,57,5.7
2024-12-17 23:08:35,57,5.7
2024-12-17 23:08:36,102,10.2
2024-12-17 23:08:37,110,11.0
2024-12-17 23:08:38,124,12.4
2024-12-17 23:08:39,139,13.9
2024-12-17 23:08:40,94,9.4
2024-12-17 23:08:41,78,7.8
2024-12-17 23:08:42,84,8.4
2024-12-17 23:08:43,106,10.6
2024-12-17 23:08:44,79,7.9
2024-12-17 23:08:45,83,8.3
2024-12-17 23:08:46,150,15.0
2024-12-17 23:08:47,120,12.0
2024-12-17 23:08:48,122,12.2
2024-12-17 23:08:49,107,10.7
2024-12-17 23:08:50,148,14.8
2024-12-17 23:08:51,156,15.6
2024-12-17 23:08:52,145,14.5
2024-12-17 23:08:53,126,12.6
2024-12-17 23:08:54,155,15.5
2024-12-17 23:08:55,112,11.2
2024-12-17 23:08:56,90,9.0
2024-12-17 23:08:57,86,8.6
2024-12-17 23:08:58,87,8.7
2024-12-17 23:08:59,109,10.9
2024-12-17 23:09:00,106,10.6
2024-12-17 23:09:01,144,14.4
2024-12-17 23:09:02,85,8.5
2024-12-17 23:09:03,57,5.7
2024-12-17 23:09:04,52,5.2
2024-12-17 23:09:05,78,7.8
2024-12-17 23:09:06,159,15.9
2024-12-17 23:09:07,67,6.7
2024-12-17 23:09:08,125,12.5
2024-12-17 23:09:09,95,9.5
2024-12-17 23:09:10,64,6.4
2024-12-17 23:09:11,97,9.7
2024-12-17 23:09:12,73,7.3
2024-12-17 23:09:13,141,14.1
2024-12-17 23:09:14,91,9.1
2024-12-17 23:09:15,91,9.1
2024-12-17 23:09:16,160,16.0
2024-12-17 23:09:17,137,13.7
2024-12-17 23:09:18,158,15.8
2024-12-17 23:09:19,160,16.0
2024-12-17 23:09:20,102,10.2
2024-12-17 23:09:21,99,9.9
2024-12-17 23:09:22,80,8.0
2024-12-17 23:09:23,86,8.6
2024-12-17 23:09:24,104,10.4
2024-12-17 23:09:25,60,6.0
2024-12-17 23:09:26,98,9.8
2024-12-17 23:09:27,96,9.6
2024-12-17 23:09:28,123,12.3
2024-12-17 23:09:29,76,7.6
2024-12-17 23:09:30,121,12.1
2024-12-17 23:09:31,84,8.4
2024-12-17 23:09:32,131,13.1
2024-12-17 23:09:33,55,5.5
2024-12-17 23:09:34,96,9.6
2024-12-17 23:09:35,82,8.2
2024-12-17 23:09:36,113,11.3
2024-12-17 23:09:37,135,13.5
2024-12-17 23:09:38,155,15.5
2024-12-17 23:09:39,65,6.5
2024-12-17 23:09:40,118,11.8
2024-12-17 23:09:41,113,11.3
2024-12-17 23:09:42,128,12.8
2024-12-17 23:09:43,58,5.8
2024-12-17 23:09:44,116,11.6
2024-12-17 23:09:45,132,13.2
2024-12-17 23:09:46,74,7.4
2024-12-17 23:09:47,91,9.1
2024-12-17 23:09:48,142,14.2
2024-12-17 23:09:49,122,12.2
2024-12-17 23:09:50,120,12.0
2024-12-17 23:09:51,90,9.0
2024-12-17 23:09:52,91,9.1
2024-12-17 23:09:53,140,14.0
2024-12-17 23:09:54,66,6.6
2024-12-17 23:09:55,78,7.8
2024-12-17 23:09:56,66,6.6
2024-12-17 23:09:57,151,15.1
2024-12-17 23:09:58,118,11.8
2024-12-17 23:09:59,104,10.4
2024-12-17 23:10:00,54,5.4
2024-12-17 23:10:01,154,15.4
2024-12-17 23:10:02,70,7.0
2024-12-17 23:10:03,58,5.8
2024-12-17 23:10:04,83,8.3
2024-12-17 23:10:05,108,10.8
2024-12-17 23:10:06,81,8.1
2024-12-17 23:10:07,138,13.8
2024-12-17 23:10:08,106,10.6
2024-12-17 23:10:09,65,6.5
2024-12-17 23:10:10,139,13.9
2024-12-17 23:10:11,101,10.1
2024-12-17 23:10:12,135,13.5
2024-12-17 23:10:13,103,10.3
2024-12-17 23:10:14,98,9.8
2024-12-17 23:10:15,64,6.4
2024-12-17 23:10:16,55,5.5
2024-12-17 23:10:17,129,12.9
2024-12-17 23:10:18,53,5.3
2024-12-17 23:10:19,146,14.6
2024-12-17 23:10:20,81,8.1
2024-12-17 23:10:21,80,8.0
2024-12-17 23:10:22,91,9.1
2024-12-17 23:10:23,106,10.6
2024-12-17 23:10:24,64,6.4
2024-12-17 23:10:25,60,6.0
2024-12-17 23:10:26,117,11.7
2024-12-17 23:10:27,96,9.6
2024-12-17 23:10:28,135,13.5
2024-12-17 23:10:29,126,12.6
2024-12-17 23:10:30,94,9.4
2024-12-17 23:10:31,146,14.6
2024-12-17 23:10:32,63,6.3
2024-12-17 23:10:33,124,12.4
2024-12-17 23:10:34,69,6.9
2024-12-17 23:10:35,104,10.4
2024-12-17 23:10:36,120,12.0
2024-12-17 23:10:37,125,12.5
2024-12-17 23:10:38,66,6.6
2024-12-17 23:10:39,107,10.7
2024-12-17 23:10:40,130,13.0
2024-12-17 23:10:41,152,15.2
2024-12-17 23:10:42,119,11.9
2024-12-17 23:10:43,131,13.1
2024-12-17 23:10:44,114,11.4
2024-12-17 23:10:45,86,8.6
2024-12-17 23:10:46,124,12.4
2024-12-17 23:10:47,132,13.2
2024-12-17 23:10:48,93,9.3
2024-12-17 23:10:49,58,5.8
2024-12-17 23:10:50,84,8.4
2024-12-17 23:10:51,135,13.5
2024-12-17 23:10:52,114,11.4
2024-12-17 23:10:53,111,11.1
2024-12-17 23:10:54,95,9.5
2024-12-17 23:10:55,117,11.7
2024-12-17 23:10:56,156,15.6
2024-12-17 23:10:57,59,5.9
2024-12-17 23:10:58,111,11.1
2024-12-17 23:10:59,93,9.3
2024-12-17 23:11:00,50,5.0
2024-12-17 23:11:01,54,5.4
2024-12-17 23:11:02,63,6.3
2024-12-17 23:11:03,138,13.8
2024-12-17 23:11:04,66,6.6
2024-12-17 23:11:05,109,10.9
2024-12-17 23:11:06,69,6.9
2024-12-17 23:11:07,134,13.4
2024-12-17 23:11:08,84,8.4
2024-12-17 23:11:09,142,14.2
2024-12-17 23:11:10,138,13.8
2024-12-17 23:11:11,86,8.6
2024-12-17 23:11:12,146,14.6
2024-12-17 23:11:13,149,14.9
2024-12-17 23:11:14,69,6.9
2024-12-17 23:11:15,81,8.1
2024-12-17 23:11:16,136,13.6
2024-12-17 23:11:17,144,14.4
2024-12-17 23:11:18,112,11.2
2024-12-17 23:11:19,119,11.9
2024-12-17 23:11:20,71,7.1
2024-12-17 23:11:21,94,9.4
2024-12-17 23:11:22,139,13.9
2024-12-17 23:11:23,120,12.0
2024-12-17 23:11:24,108,10.8
2024-12-17 23:11:25,65,6.5
2024-12-17 23:11:26,89,8.9
2024-12-17 23:11:27,149,14.9
2024-12-17 23:11:28,72,7.2
2024-12-17 23:11:29,63,6.3
2024-12-17 23:11:30,155,15.5
2024-12-17 23:11:31,118,11.8
2024-12-17 23:11:32,93,9.3
2024-12-17 23:11:33,70,7.0
2024-12-17 23:11:34,140,14.0
2024-12-17 23:11:35,120,12.0
2024-12-17 23:11:36,149,14.9
2024-12-17 23:11:37,154,15.4
2024-12-17 23:11:38,122,12.2
2024-12-17 23:11:39,119,11.9
2024-12-17 23:11:40,126,12.6
2024-12-17 23:11:41,79,7.9
2024-12-17 23:11:42,107,10.7
2024-12-17 23:11:43,115,11.5
2024-12-17 23:11:44,107,10.7
2024-12-17 23:11:45,59,5.9
2024-12-17 23:11:46,152,15.2
2024-12-17 23:11:47,131,13.1
2024-12-17 23:11:48,66,6.6
2024-12-17 23:11:49,117,11.7
2024-12-17 23:11:50,63,6.3
2024-12-17 23:11:51,127,12.7
2024-12-17 23:11:52,140,14.0
2024-12-17 23:11:53,64,6.4
2024-12-17 23:11:54,91,9.1
2024-12-17 23:11:55,83,8.3
2024-12-17 23:11:56,91,9.1
2024-12-17 23:11:57,156,15.6
2024-12-17 23:11:58,145,14.5
2024-12-17 23:11:59,106,10.6
2024-12-17 23:12:00,102,10.2
2024-12-17 23:12:01,112,11.2
2024-12-17 23:12:02,98,9.8
2024-12-17 23:12:03,102,10.2
2024-12-17 23:12:04,152,15.2
2024-12-17 23:12:05,125,12.5
2024-12-17 23:12:06,69,6.9
2024-12-17 23:12:07,145,14.5
2024-12-17 23:12:08,106,10.6
2024-12-17 23:12:09,105,10.5
2024-12-17 23:12:10,52,5.2
2024-12-17 23:12:11,87,8.7
2024-12-17 23:12:12,103,10.3
2024-12-17 23:12:13,134,13.4
2024-12-17 23:12:14,140,14.0
2024-12-17 23:12:15,147,14.7
2024-12-17 23:12:16,91,9.1
2024-12-17 23:12:17,95,9.5
2024-12-17 23:12:18,109,10.9
2024-12-17 23:12:19,62,6.2
2024-12-17 23:12:20,73,7.3
2024-12-17 23:12:21,59,5.9
2024-12-17 23:12:22,65,6.5
2024-12-17 23:12:23,64,6.4
2024-12-17 23:12:24,119,11.9
2024-12-17 23:12:25,121,12.1
2024-12-17 23:12:26,120,12.0
2024-12-17 23:12:27,139,13.9
2024-12-17 23:12:28,122,12.2
2024-12-17 23:12:29,122,12.2
2024-12-17 23:12:30,115,11.5
2024-12-17 23:12:31,92,9.2
2024-12-17 23:12:32,95,9.5
2024-12-17 23:12:33,86,8.6
2024-12-17 23:12:34,129,12.9
2024-12-17 23:12:35,150,15.0
2024-12-17 23:12:36,132,13.2
2024-12-17 23:12:37,107,10.7
2024-12-17 23:12:38,151,15.1
2024-12-17 23:12:39,78,7.8
2024-12-17 23:12:40,148,14.8
2024-12-17 23:12:41,109,10.9
2024-12-17 23:12:42,107,10.7
2024-12-17 23:12:43,79,7.9
2024-12-17 23:12:44,120,12.0
2024-12-17 23:12:45,159,15.9
2024-12-17 23:12:46,88,8.8
2024-12-17 23:12:47,66,6.6
2024-12-17 23:12:48,144,14.4
2024-12-17 23:12:49,120,12.0
2024-12-17 23:12:50,136,13.6
2024-12-17 23:12:51,127,12.7
2024-12-17 23:12:52,71,7.1
2024-12-17 23:12:53,62,6.2
2024-12-17 23:12:54,73,7.3
2024-12-17 23:12:55,126,12.6
2024-12-17 23:12:56,98,9.8
2024-12-17 23:12:57,93,9.3
2024-12-17 23:12:58,74,7.4
2024-12-17 23:12:59,107,10.7
2024-12-17 23:13:00,89,8.9
2024-12-17 23:13:01,153,15.3
2024-12-17 23:13:02,87,8.7
2024-12-17 23:13:03,58,5.8
2024-12-17 23:13:04,90,9.0
2024-12-17 23:13:05,154,15.4
2024-12-17 23:13:06,55,5.5
2024-12-17 23:13:07,108,10.8
2024-12-17 23:13:08,108,10.8
2024-12-17 23:13:09,146,14.6
2024-12-17 23:13:10,69,6.9
2024-12-17 23:13:11,65,6.5
2024-12-17 23:13:12,141,14.1
2024-12-17 23:13:13,87,8.7
2024-12-17 23:13:14,94,9.4
2024-12-17 23:13:15,123,12.3
2024-12-17 23:13:16,150,15.0
2024-12-17 23:13:17,53,5.3
2024-12-17 23:13:18,69,6.9
2024-12-17 23:13:19,102,10.2
2024-12-17 23:13:20,115,11.5
2024-12-17 23:13:21,59,5.9
2024-12-17 23:13:22,81,8.1
2024-12-17 23:13:23,83,8.3
2024-12-17 23:13:24,106,10.6
2024-12-17 23:13:25,115,11.5
2024-12-17 23:13:26,92,9.2
2024-12-17 23:13:27,132,13.2
2024-12-17 23:13:28,90,9.0
2024-12-17 23:13:29,112,11.2
2024-12-17 23:13:30,96,9.6
2024-12-17 23:13:31,57,5.7
2024-12-17 23:13:32,110,11.0
2024-12-17 23:13:33,133,13.3
2024-12-17 23:13:34,153,15.3
2024-12-17 23:13:35,97,9.7
2024-12-17 23:13:36,130,13.0
2024-12-17 23:13:37,137,13.7
2024-12-17 23:13:38,122,12.2
2024-12-17 23:13:39,94,9.4
2024-12-17 23:13:40,131,13.1
2024-12-17 23:13:41,79,7.9
2024-12-17 23:13:42,116,11.6
2024-12-17 23:13:43,59,5.9
2024-12-17 23:13:44,119,11.9
2024-12-17 23:13:45,105,10.5
2024-12-17 23:13:46,150,15.0
2024-12-17 23:13:47,128,12.8
2024-12-17 23:13:48,151,15.1
2024-12-17 23:13:49,146,14.6
2024-12-17 23:13:50,160,16.0
2024-12-17 23:13:51,79,7.9
2024-12-17 23:13:52,54,5.4
2024-12-17 23:13:53,51,5.1
2024-12-17 23:13:54,108,10.8
2024-12-17 23:13:55,82,8.2
2024-12-17 23:13:56,106,10.6
2024-12-17 23:13:57,103,10.3
2024-12-17 23:13:58,117,11.7
2024-12-17 23:13:59,61,6.1
2024-12-17 23:14:00,152,15.2
2024-12-17 23:14:01,83,8.3
2024-12-17 23:14:02,128,12.8
2024-12-17 23:14:03,98,9.8
2024-12-17 23:14:04,117,11.7
2024-12-17 23:14:05,74,7.4
2024-12-17 23:14:06,77,7.7
2024-12-17 23:14:07,79,7.9
2024-12-17 23:14:08,80,8.0
2024-12-17 23:14:09,70,7.0
2024-12-17 23:14:10,66,6.6
2024-12-17 23:14:11,134,13.4
2024-12-17 23:14:12,96,9.6
2024-12-17 23:14:13,56,5.6
2024-12-17 23:14:14,134,13.4
2024-12-17 23:14:15,158,15.8
2024-12-17 23:14:16,133,13.3
2024-12-17 23:14:17,77,7.7
2024-12-17 23:14:18,128,12.8
2024-12-17 23:14:19,158,15.8
2024-12-17 23:14:20,59,5.9
2024-12-17 23:14:21,139,13.9
2024-12-17 23:14:22,67,6.7
2024-12-17 23:14:23,96,9.6
2024-12-17 23:14:24,125,12.5
2024-12-17 23:14:25,154,15.4
2024-12-17 23:14:26,90,9.0
2024-12-17 23:14:27,150,15.0
2024-12-17 23:14:28,91,9.1
2024-12-17 23:14:29,55,5.5
2024-12-17 23:14:30,106,10.6
2024-12-17 23:14:31,109,10.9
2024-12-17 23:14:32,88,8.8
2024-12-17 23:14:33,98,9.8
2024-12-17 23:14:34,84,8.4
2024-12-17 23:14:35,126,12.6
2024-12-17 23:14:36,160,16.0
2024-12-17 23:14:37,155,15.5
2024-12-17 23:14:38,60,6.0
2024-12-17 23:14:39,118,11.8
2024-12-17 23:14:40,131,13.1
2024-12-17 23:14:41,93,9.3
2024-12-17 23:14:42,133,13.3
2024-12-17 23:14:43,60,6.0
2024-12-17 23:14:44,112,11.2
2024-12-17 23:14:45,120,12.0
2024-12-17 23:14:46,68,6.8
2024-12-17 23:14:47,80,8.0
2024-12-17 23:14:48,57,5.7
2024-12-17 23:14:49,82,8.2
2024-12-17 23:14:50,52,5.2
2024-12-17 23:14:51,135,13.5
2024-12-17 23:14:52,54,5.4
2024-12-17 23:14:53,146,14.6
2024-12-17 23:14:54,62,6.2
2024-12-17 23:14:55,158,15.8
2024-12-17 23:14:56,67,6.7
2024-12-17 23:14:57,78,7.8
2024-12-17 23:14:58,124,12.4
2024-12-17 23:14:59,94,9.4
2024-12-17 23:15:00,116,11.6
2024-12-17 23:15:01,154,15.4
2024-12-17 23:15:02,83,8.3
2024-12-17 23:15:03,114,11.4
2024-12-17 23:15:04,90,9.0
2024-12-17 23:15:05,83,8.3
2024-12-17 23:15:06,159,15.9
2024-12-17 23:15:07,151,15.1
2024-12-17 23:15:08,116,11.6
2024-12-17 23:15:09,71,7.1
2024-12-17 23:15:10,95,9.5
2024-12-17 23:15:11,67,6.7
2024-12-17 23:15:12,115,11.5
2024-12-17 23:15:13,153,15.3
2024-12-17 23:15:14,159,15.9
2024-12-17 23:15:15,54,5.4
2024-12-17 23:15:16,142,14.2
2024-12-17 23:15:17,61,6.1
2024-12-17 23:15:18,62,6.2
2024-12-17 23:15:19,109,10.9
2024-12-17 23:15:20,110,11.0
2024-12-17 23:15:21,118,11.8
2024-12-17 23:15:22,155,15.5
2024-12-17 23:15:23,113,11.3
2024-12-17 23:15:24,157,15.7
2024-12-17 23:15:25,82,8.2
2024-12-17 23:15:26,113,11.3
2024-12-17 23:15:27,156,15.6
2024-12-17 23:15:28,127,12.7
2024-12-17 23:15:29,51,5.1
2024-12-17 23:15:30,121,12.1
2024-12-17 23:15:31,135,13.5
2024-12-17 23:15:32,93,9.3
2024-12-17 23:15:33,87,8.7
2024-12-17 23:15:34,156,15.6
2024-12-17 23:15:35,109,10.9
2024-12-17 23:15:36,112,11.2
2024-12-17 23:15:37,160,16.0
2024-12-17 23:15:38,143,14.3
2024-12-17 23:15:39,98,9.8
2024-12-17 23:15:40,136,13.6
2024-12-17 23:15:41,94,9.4
2024-12-17 23:15:42,113,11.3
2024-12-17 23:15:43,67,6.7
2024-12-17 23:15:44,147,14.7
2024-12-17 23:15:45,89,8.9
2024-12-17 23:15:46,149,14.9
2024-12-17 23:15:47,115,11.5
2024-12-17 23:15:48,85,8.5
2024-12-17 23:15:49,51,5.1
2024-12-17 23:15:50,142,14.2
2024-12-17 23:15:51,102,10.2
2024-12-17 23:15:52,135,13.5
2024-12-17 23:15:53,130,13.0
2024-12-17 23:15:54,63,6.3
2024-12-17 23:15:55,104,10.4
2024-12-17 23:15:56,63,6.3
2024-12-17 23:15:57,120,12.0
2024-12-17 23:15:58,61,6.1
2024-12-17 23:15:59,155,15.5
2024-12-17 23:16:00,126,12.6
2024-12-17 23:16:01,156,15.6
2024-12-17 23:16:02,50,5.0
2024-12-17 23:16:03,150,15.0
2024-12-17 23:16:04,114,11.4
2024-12-17 23:16:05,65,6.5
2024-12-17 23:16:06,81,8.1
2024-12-17 23:16:07,146,14.6
2024-12-17 23:16:08,94,9.4
2024-12-17 23:16:09,57,5.7
2024-12-17 23:16:10,123,12.3
2024-12-17 23:16:11,122,12.2
2024-12-17 23:16:12,151,15.1
2024-12-17 23:16:13,53,5.3
2024-12-17 23:16:14,93,9.3
2024-12-17 23:16:15,98,9.8
2024-12-17 23:16:16,131,13.1
2024-12-17 23:16:17,100,10.0
2024-12-17 23:16:18,71,7.1
2024-12-17 23:16:19,85,8.5
2024-12-17 23:16:20,132,13.2
2024-12-17 23:16:21,67,6.7
2024-12-17 23:16:22,71,7.1
2024-12-17 23:16:23,78,7.8
2024-12-17 23:16:24,63,6.3
2024-12-17 23:16:25,138,13.8
2024-12-17 23:16:26,146,14.6
2024-12-17 23:16:27,72,7.2
2024-12-17 23:16:28,139,13.9
2024-12-17 23:16:29,128,12.8
2024-12-17 23:16:30,84,8.4
2024-12-17 23:16:31,125,12.5
2024-12-17 23:16:32,72,7.2
2024-12-17 23:16:33,75,7.5
2024-12-17 23:16:34,71,7.1
2024-12-17 23:16:35,72,7.2
2024-12-17 23:16:36,108,10.8
2024-12-17 23:16:37,105,10.5
2024-12-17 23:16:38,129,12.9
2024-12-17 23:16:39,157,15.7
2024-12-17 23:16:40,105,10.5
2024-12-17 23:16:41,140,14.0
2024-12-17 23:16:42,68,6.8
2024-12-17 23:16:43,68,6.8
2024-12-17 23:16:44,84,8.4
2024-12-17 23:16:45,144,14.4
2024-12-17 23:16:46,140,14.0
2024-12-17 23:16:47,116,11.6
2024-12-17 23:16:48,91,9.1
2024-12-17 23:16:49,94,9.4
2024-12-17 23:16:50,83,8.3
2024-12-17 23:16:51,115,11.5
2024-12-17 23:16:52,70,7.0
2024-12-17 23:16:53,128,12.8
2024-12-17 23:16:54,132,13.2
2024-12-17 23:16:55,99,9.9
2024-12-17 23:16:56,153,15.3
2024-12-17 23:16:57,81,8.1
2024-12-17 23:16:58,96,9.6
2024-12-17 23:16:59,78,7.8
2024-12-17 23:17:00,89,8.9
2024-12-17 23:17:01,132,13.2
2024-12-17 23:17:02,157,15.7
2024-12-17 23:17:03,76,7.6
2024-12-17 23:17:04,56,5.6
2024-12-17 23:17:05,157,15.7
2024-12-17 23:17:06,143,14.3
2024-12-17 23:17:07,70,7.0
2024-12-17 23:17:08,64,6.4
2024-12-17 23:17:09,127,12.7
2024-12-17 23:17:10,91,9.1
2024-12-17 23:17:11,101,10.1
2024-12-17 23:17:12,111,11.1
2024-12-17 23:17:13,129,12.9
2024-12-17 23:17:14,79,7.9
2024-12-17 23:17:15,122,12.2
2024-12-17 23:17:16,76,7.6
2024-12-17 23:17:17,119,11.9
2024-12-17 23:17:18,101,10.1
2024-12-17 23:17:19,87,8.7
2024-12-17 23:17:20,55,5.5
2024-12-17 23:17:21,102,10.2
2024-12-17 23:17:22,152,15.2
2024-12-17 23:17:23,60,6.0
2024-12-17 23:17:24,153,15.3
2024-12-17 23:17:25,58,5.8
2024-12-17 23:17:26,92,9.2
2024-12-17 23:17:27,152,15.2
2024-12-17 23:17:28,63,6.3
2024-12-17 23:17:29,125,12.5
2024-12-17 23:17:30,76,7.6
2024-12-17 23:17:31,149,14.9
2024-12-17 23:17:32,159,15.9
2024-12-17 23:17:33,81,8.1
2024-12-17 23:17:34,101,10.1
2024-12-17 23:17:35,144,14.4
2024-12-17 23:17:36,158,15.8
2024-12-17 23:17:37,126,12.6
2024-12-17 23:17:38,60,6.0
2024-12-17 23:17:39,89,8.9
2024-12-17 23:17:40,95,9.5
2024-12-17 23:17:41,140,14.0
2024-12-17 23:17:42,149,14.9
2024-12-17 23:17:43,116,11.6
2024-12-17 23:17:44,149,14.9
2024-12-17 23:17:45,128,12.8
2024-12-17 23:17:46,92,9.2
2024-12-17 23:17:47,141,14.1
2024-12-17 23:17:48,137,13.7
2024-12-17 23:17:49,51,5.1
2024-12-17 23:17:50,152,15.2
2024-12-17 23:17:51,97,9.7
2024-12-17 23:17:52,108,10.8
2024-12-17 23:17:53,88,8.8
2024-12-17 23:17:54,110,11.0
2024-12-17 23:17:55,67,6.7
2024-12-17 23:17:56,53,5.3
2024-12-17 23:17:57,145,14.5
2024-12-17 23:17:58,119,11.9
2024-12-17 23:17:59,115,11.5
2024-12-17 23:18:00,133,13.3
2024-12-17 23:18:01,59,5.9
2024-12-17 23:18:02,99,9.9
2024-12-17 23:18:03,110,11.0
2024-12-17 23:18:04,85,8.5
2024-12-17 23:18:05,137,13.7
2024-12-17 23:18:06,78,7.8
2024-12-17 23:18:07,100,10.0
2024-12-17 23:18:08,134,13.4
2024-12-17 23:18:09,94,9.4
2024-12-17 23:18:10,106,10.6
2024-12-17 23:18:11,72,7.2
2024-12-17 23:18:12,111,11.1
2024-12-17 23:18:13,159,15.9
2024-12-17 23:18:14,95,9.5
2024-12-17 23:18:15,125,12.5
2024-12-17 23:18:16,64,6.4
2024-12-17 23:18:17,122,12.2
2024-12-17 23:18:18,151,15.1
2024-12-17 23:18:19,59,5.9
2024-12-17 23:18:20,53,5.3
2024-12-17 23:18:21,128,12.8
2024-12-17 23:18:22,83,8.3
2024-12-17 23:18:23,128,12.8
2024-12-17 23:18:24,104,10.4
2024-12-17 23:18:25,65,6.5
2024-12-17 23:18:26,93,9.3
2024-12-17 23:18:27,133,13.3
2024-12-17 23:18:28,130,13.0
2024-12-17 23:18:29,63,6.3
2024-12-17 23:18:30,107,10.7
2024-12-17 23:18:31,83,8.3
2024-12-17 23:18:32,104,10.4
2024-12-17 23:18:33,156,15.6
2024-12-17 23:18:34,148,14.8
2024-12-17 23:18:35,85,8.5
2024-12-17 23:18:36,159,15.9
2024-12-17 23:18:37,75,7.5
2024-12-17 23:18:38,101,10.1
2024-12-17 23:18:39,69,6.9
2024-12-17 23:18:40,129,12.9
2024-12-17 23:18:41,82,8.2
2024-12-17 23:18:42,113,11.3
2024-12-17 23:18:43,54,5.4
2024-12-17 23:18:44,157,15.7
2024-12-17 23:18:45,99,9.9
2024-12-17 23:18:46,90,9.0
2024-12-17 23:18:47,78,7.8
2024-12-17 23:18:48,64,6.4
2024-12-17 23:18:49,141,14.1
2024-12-17 23:18:50,62,6.2
2024-12-17 23:18:51,159,15.9
2024-12-17 23:18:52,138,13.8
2024-12-17 23:18:53,52,5.2
2024-12-17 23:18:54,102,10.2
2024-12-17 23:18:55,51,5.1
2024-12-17 23:18:56,93,9.3
2024-12-17 23:18:57,157,15.7
2024-12-17 23:18:58,105,10.5
2024-12-17 23:18:59,109,10.9
2024-12-17 23:19:00,151,15.1
2024-12-17 23:19:01,151,15.1
2024-12-17 23:19:02,153,15.3
2024-12-17 23:19:03,61,6.1
2024-12-17 23:19:04,108,10.8
2024-12-17 23:19:05,84,8.4
2024-12-17 23:19:06,101,10.1
2024-12-17 23:19:07,149,14.9
2024-12-17 23:19:08,119,11.9
2024-12-17 23:19:09,105,10.5
2024-12-17 23:19:10,71,7.1
2024-12-17 23:19:11,112,11.2
2024-12-17 23:19:12,105,10.5
2024-12-17 23:19:13,154,15.4
2024-12-17 23:19:14,123,12.3
2024-12-17 23:19:15,146,14.6
2024-12-17 23:19:16,147,14.7
2024-12-17 23:19:17,160,16.0
2024-12-17 23:19:18,84,8.4
2024-12-17 23:19:19,149,14.9
2024-12-17 23:19:20,86,8.6
2024-12-17 23:19:21,78,7.8
2024-12-17 23:19:22,148,14.8
2024-12-17 23:19:23,99,9.9
2024-12-17 23:19:24,77,7.7
2024-12-17 23:19:25,160,16.0
2024-12-17 23:19:26,50,5.0
2024-12-17 23:19:27,120,12.0
2024-12-17 23:19:28,103,10.3
2024-12-17 23:19:29,94,9.4
2024-12-17 23:19:30,125,12.5
2024-12-17 23:19:31,113,11.3
2024-12-17 23:19:32,87,8.7
2024-12-17 23:19:33,51,5.1
2024-12-17 23:19:34,87,8.7
2024-12-17 23:19:35,81,8.1
2024-12-17 23:19:36,73,7.3
2024-12-17 23:19:37,117,11.7
2024-12-17 23:19:38,100,10.0
2024-12-17 23:19:39,109,10.9
2024-12-17 23:19:40,115,11.5
2024-12-17 23:19:41,128,12.8
2024-12-17 23:19:42,160,16.0
2024-12-17 23:19:43,98,9.8
2024-12-17 23:19:44,160,16.0
2024-12-17 23:19:45,124,12.4
2024-12-17 23:19:46,114,11.4
2024-12-17 23:19:47,71,7.1
2024-12-17 23:19:48,159,15.9
2024-12-17 23:19:49,64,6.4
2024-12-17 23:19:50,79,7.9
2024-12-17 23:19:51,155,15.5
2024-12-17 23:19:52,63,6.3
2024-12-17 23:19:53,115,11.5
2024-12-17 23:19:54,100,10.0
2024-12-17 23:19:55,160,16.0
2024-12-17 23:19:56,118,11.8
2024-12-17 23:19:57,95,9.5
2024-12-17 23:19:58,74,7.4
2024-12-17 23:19:59,94,9.4
2024-12-17 23:20:00,143,14.3
2024-12-17 23:20:01,126,12.6
2024-12-17 23:20:02,112,11.2
2024-12-17 23:20:03,84,8.4
2024-12-17 23:20:04,125,12.5
2024-12-17 23:20:05,111,11.1
2024-12-17 23:20:06,85,8.5
2024-12-17 23:20:07,83,8.3
2024-12-17 23:20:08,57,5.7
2024-12-17 23:20:09,102,10.2
2024-12-17 23:20:10,73,7.3
2024-12-17 23:20:11,88,8.8
2024-12-17 23:20:12,127,12.7
2024-12-17 23:20:13,158,15.8
2024-12-17 23:20:14,71,7.1
2024-12-17 23:20:15,79,7.9
2024-12-17 23:20:16,128,12.8
2024-12-17 23:20:17,57,5.7
2024-12-17 23:20:18,104,10.4
2024-12-17 23:20:19,93,9.3
2024-12-17 23:20:20,160,16.0
2024-12-17 23:20:21,99,9.9
2024-12-17 23:20:22,53,5.3
2024-12-17 23:20:23,109,10.9
2024-12-17 23:20:24,101,10.1
2024-12-17 23:20:25,138,13.8
2024-12-17 23:20:26,58,5.8
2024-12-17 23:20:27,105,10.5
2024-12-17 23:20:28,62,6.2
2024-12-17 23:20:29,120,12.0
2024-12-17 23:20:30,80,8.0
2024-12-17 23:20:31,77,7.7
2024-12-17 23:20:32,152,15.2
2024-12-17 23:20:33,85,8.5
2024-12-17 23:20:34,149,14.9
2024-12-17 23:20:35,122,12.2
2024-12-17 23:20:36,132,13.2
2024-12-17 23:20:37,134,13.4
2024-12-17 23:20:38,130,13.0
2024-12-17 23:20:39,97,9.7
2024-12-17 23:20:40,86,8.6
2024-12-17 23:20:41,113,11.3
2024-12-17 23:20:42,107,10.7
2024-12-17 23:20:43,87,8.7
2024-12-17 23:20:44,71,7.1
2024-12-17 23:20:45,148,14.8
2024-12-17 23:20:46,126,12.6
2024-12-17 23:20:47,69,6.9
2024-12-17 23:20:48,151,15.1
2024-12-17 23:20:49,157,15.7
2024-12-17 23:20:50,154,15.4
2024-12-17 23:20:51,121,12.1
2024-12-17 23:20:52,141,14.1
2024-12-17 23:20:53,115,11.5
2024-12-17 23:20:54,140,14.0
2024-12-17 23:20:55,117,11.7
2024-12-17 23:20:56,56,5.6
2024-12-17 23:20:57,111,11.1
2024-12-17 23:20:58,143,14.3
2024-12-17 23:20:59,127,12.7
2024-12-17 23:21:00,69,6.9
2024-12-17 23:21:01,99,9.9
2024-12-17 23:21:02,73,7.3
2024-12-17 23:21:03,61,6.1
2024-12-17 23:21:04,67,6.7
2024-12-17 23:21:05,50,5.0
2024-12-17 23:21:06,131,13.1
2024-12-17 23:21:07,82,8.2
2024-12-17 23:21:08,111,11.1
2024-12-17 23:21:09,54,5.4
2024-12-17 23:21:10,70,7.0
2024-12-17 23:21:11,138,13.8
2024-12-17 23:21:12,79,7.9
2024-12-17 23:21:13,149,14.9
2024-12-17 23:21:14,154,15.4
2024-12-17 23:21:15,101,10.1
2024-12-17 23:21:16,153,15.3
2024-12-17 23:21:17,107,10.7
2024-12-17 23:21:18,72,7.2
2024-12-17 23:21:19,99,9.9
2024-12-17 23:21:20,58,5.8
2024-12-17 23:21:21,138,13.8
2024-12-17 23:21:22,156,15.6
2024-12-17 23:21:23,103,10.3
2024-12-17 23:21:24,90,9.0
2024-12-17 23:21:25,115,11.5
2024-12-17 23:21:26,109,10.9
2024-12-17 23:21:27,92,9.2
2024-12-17 23:21:28,52,5.2
2024-12-17 23:21:29,137,13.7
2024-12-17 23:21:30,120,12.0
2024-12-17 23:21:31,148,14.8
2024-12-17 23:21:32,61,6.1
2024-12-17 23:21:33,142,14.2
2024-12-17 23:21:34,73,7.3
2024-12-17 23:21:35,67,6.7
2024-12-17 23:21:36,110,11.0
2024-12-17 23:21:37,129,12.9
2024-12-17 23:21:38,92,9.2
2024-12-17 23:21:39,154,15.4
2024-12-17 23:21:40,52,5.2
2024-12-17 23:21:41,141,14.1
2024-12-17 23:21:42,72,7.2
2024-12-17 23:21:43,59,5.9
2024-12-17 23:21:44,116,11.6
2024-12-17 23:21:45,94,9.4
2024-12-17 23:21:46,58,5.8
2024-12-17 23:21:47,152,15.2
2024-12-17 23:21:48,153,15.3
2024-12-17 23:21:49,99,9.9
2024-12-17 23:21:50,111,11.1
2024-12-17 23:21:51,50,5.0
2024-12-17 23:21:52,56,5.6
2024-12-17 23:21:53,55,5.5
2024-12-17 23:21:54,94,9.4
2024-12-17 23:21:55,81,8.1
2024-12-17 23:21:56,70,7.0
2024-12-17 23:21:57,67,6.7
2024-12-17 23:21:58,98,9.8
2024-12-17 23:21:59,51,5.1
2024-12-17 23:22:00,70,7.0
2024-12-17 23:22:01,159,15.9
2024-12-17 23:22:02,52,5.2
2024-12-17 23:22:03,66,6.6
2024-12-17 23:22:04,150,15.0
2024-12-17 23:22:05,104,10.4
2024-12-17 23:22:06,109,10.9
2024-12-17 23:22:07,108,10.8
2024-12-17 23:22:08,154,15.4
2024-12-17 23:22:09,68,6.8
2024-12-17 23:22:10,131,13.1
2024-12-17 23:22:11,67,6.7
2024-12-17 23:22:12,128,12.8
2024-12-17 23:22:13,68,6.8
2024-12-17 23:22:14,52,5.2
2024-12-17 23:22:15,125,12.5
2024-12-17 23:22:16,71,7.1
2024-12-17 23:22:17,93,9.3
2024-12-17 23:22:18,95,9.5
2024-12-17 23:22:19,63,6.3
2024-12-17 23:22:20,158,15.8
2024-12-17 23:22:21,51,5.1
2024-12-17 23:22:22,95,9.5
2024-12-17 23:22:23,63,6.3
2024-12-17 23:22:24,135,13.5
2024-12-17 23:22:25,143,14.3
2024-12-17 23:22:26,67,6.7
2024-12-17 23:22:27,154,15.4
2024-12-17 23:22:28,115,11.5
2024-12-17 23:22:29,154,15.4
2024-12-17 23:22:30,85,8.5
2024-12-17 23:22:31,83,8.3
2024-12-17 23:22:32,124,12.4
2024-12-17 23:22:33,138,13.8
2024-12-17 23:22:34,69,6.9
2024-12-17 23:22:35,141,14.1
2024-12-17 23:22:36,78,7.8
2024-12-17 23:22:37,134,13.4
2024-12-17 23:22:38,120,12.0
2024-12-17 23:22:39,58,5.8
2024-12-17 23:22:40,103,10.3
2024-12-17 23:22:41,53,5.3
2024-12-17 23:22:42,64,6.4
2024-12-17 23:22:43,51,5.1
2024-12-17 23:22:44,92,9.2
2024-12-17 23:22:45,57,5.7
2024-12-17 23:22:46,152,15.2
2024-12-17 23:22:47,109,10.9
2024-12-17 23:22:48,115,11.5
2024-12-17 23:22:49,126,12.6
2024-12-17 23:22:50,85,8.5
2024-12-17 23:22:51,61,6.1
2024-12-17 23:22:52,134,13.4
2024-12-17 23:22:53,85,8.5
2024-12-17 23:22:54,70,7.0
2024-12-17 23:22:55,157,15.7
2024-12-17 23:22:56,128,12.8
2024-12-17 23:22:57,135,13.5
2024-12-17 23:22:58,83,8.3
2024-12-17 23:22:59,126,12.6
2024-12-17 23:23:00,149,14.9
2024-12-17 23:23:01,70,7.0
2024-12-17 23:23:02,53,5.3
2024-12-17 23:23:03,91,9.1
2024-12-17 23:23:04,108,10.8
2024-12-17 23:23:05,50,5.0
2024-12-17 23:23:06,63,6.3
2024-12-17 23:23:07,159,15.9
2024-12-17 23:23:08,119,11.9
2024-12-17 23:23:09,148,14.8
2024-12-17 23:23:10,55,5.5
2024-12-17 23:23:11,113,11.3
2024-12-17 23:23:12,83,8.3
2024-12-17 23:23:13,117,11.7
2024-12-17 23:23:14,111,11.1
2024-12-17 23:23:15,76,7.6
2024-12-17 23:23:16,109,10.9
2024-12-17 23:23:17,106,10.6
2024-12-17 23:23:18,87,8.7
2024-12-17 23:23:19,56,5.6
2024-12-17 23:23:20,158,15.8
2024-12-17 23:23:21,102,10.2
2024-12-17 23:23:22,119,11.9
2024-12-17 23:23:23,105,10.5
2024-12-17 23:23:24,152,15.2
2024-12-17 23:23:25,92,9.2
2024-12-17 23:23:26,135,13.5
2024-12-17 23:23:27,156,15.6
2024-12-17 23:23:28,158,15.8
2024-12-17 23:23:29,68,6.8
2024-12-17 23:23:30,59,5.9
2024-12-17 23:23:31,105,10.5
2024-12-17 23:23:32,111,11.1
2024-12-17 23:23:33,51,5.1
2024-12-17 23:23:34,139,13.9
2024-12-17 23:23:35,66,6.6
2024-12-17 23:23:36,125,12.5
2024-12-17 23:23:37,87,8.7
2024-12-17 23:23:38,57,5.7
2024-12-17 23:23:39,158,15.8
2024-12-17 23:23:40,92,9.2
2024-12-17 23:23:41,58,5.8
2024-12-17 23:23:42,157,15.7
2024-12-17 23:23:43,52,5.2
2024-12-17 23:23:44,107,10.7
2024-12-17 23:23:45,55,5.5
2024-12-17 23:23:46,159,15.9
2024-12-17 23:23:47,116,11.6
2024-12-17 23:23:48,58,5.8
2024-12-17 23:23:49,110,11.0
2024-12-17 23:23:50,101,10.1
2024-12-17 23:23:51,102,10.2
2024-12-17 23:23:52,118,11.8
2024-12-17 23:23:53,106,10.6
2024-12-17 23:23:54,98,9.8
2024-12-17 23:23:55,94,9.4
2024-12-17 23:23:56,63,6.3
2024-12-17 23:23:57,157,15.7
2024-12-17 23:23:58,94,9.4
2024-12-17 23:23:59,149,14.9
2024-12-17 23:24:00,96,9.6
2024-12-17 23:24:01,97,9.7
2024-12-17 23:24:02,53,5.3
2024-12-17 23:24:03,61,6.1
2024-12-17 23:24:04,123,12.3
2024-12-17 23:24:05,142,14.2
2024-12-17 23:24:06,126,12.6
2024-12-17 23:24:07,52,5.2
2024-12-17 23:24:08,87,8.7
2024-12-17 23:24:09,74,7.4
2024-12-17 23:24:10,112,11.2
2024-12-17 23:24:11,106,10.6
2024-12-17 23:24:12,50,5.0
2024-12-17 23:24:13,153,15.3
2024-12-17 23:24:14,114,11.4
2024-12-17 23:24:15,50,5.0
2024-12-17 23:24:16,118,11.8
2024-12-17 23:24:17,121,12.1
2024-12-17 23:24:18,157,15.7
2024-12-17 23:24:19,98,9.8
2024-12-17 23:24:20,88,8.8
2024-12-17 23:24:21,64,6.4
2024-12-17 23:24:22,93,9.3
2024-12-17 23:24:23,115,11.5
2024-12-17 23:24:24,106,10.6
2024-12-17 23:24:25,127,12.7
2024-12-17 23:24:26,117,11.7
2024-12-17 23:24:27,91,9.1
2024-12-17 23:24:28,105,10.5
2024-12-17 23:24:29,136,13.6
2024-12-17 23:24:30,146,14.6
2024-12-17 23:24:31,78,7.8
2024-12-17 23:24:32,116,11.6
2024-12-17 23:24:33,76,7.6
2024-12-17 23:24:34,81,8.1
2024-12-17 23:24:35,82,8.2
2024-12-17 23:24:36,134,13.4
2024-12-17 23:24:37,102,10.2
2024-12-17 23:24:38,132,13.2
2024-12-17 23:24:39,103,10.3
2024-12-17 23:24:40,127,12.7
2024-12-17 23:24:41,143,14.3
2024-12-17 23:24:42,104,10.4
2024-12-17 23:24:43,75,7.5
2024-12-17 23:24:44,120,12.0
2024-12-17 23:24:45,142,14.2
2024-12-17 23:24:46,90,9.0
2024-12-17 23:24:47,111,11.1
2024-12-17 23:24:48,96,9.6
2024-12-17 23:24:49,97,9.7
2024-12-17 23:24:50,127,12.7
2024-12-17 23:24:51,138,13.8
2024-12-17 23:24:52,153,15.3
2024-12-17 23:24:53,141,14.1
2024-12-17 23:24:54,127,12.7
2024-12-17 23:24:55,157,15.7
2024-12-17 23:24:56,118,11.8
2024-12-17 23:24:57,84,8.4
2024-12-17 23:24:58,95,9.5
2024-12-17 23:24:59,130,13.0
2024-12-17 23:25:00,145,14.5
2024-12-17 23:25:01,76,7.6
2024-12-17 23:25:02,94,9.4
2024-12-17 23:25:03,86,8.6
2024-12-17 23:25:04,140,14.0
2024-12-17 23:25:05,51,5.1
2024-12-17 23:25:06,85,8.5
2024-12-17 23:25:07,132,13.2
2024-12-17 23:25:08,73,7.3
2024-12-17 23:25:09,157,15.7
2024-12-17 23:25:10,57,5.7
2024-12-17 23:25:11,100,10.0
2024-12-17 23:25:12,156,15.6
2024-12-17 23:25:13,120,12.0
2024-12-17 23:25:14,125,12.5
2024-12-17 23:25:15,80,8.0
2024-12-17 23:25:16,150,15.0
2024-12-17 23:25:17,72,7.2
2024-12-17 23:25:18,93,9.3
2024-12-17 23:25:19,52,5.2
2024-12-17 23:25:20,79,7.9
2024-12-17 23:25:21,112,11.2
2024-12-17 23:25:22,54,5.4
2024-12-17 23:25:23,87,8.7
2024-12-17 23:25:24,141,14.1
2024-12-17 23:25:25,110,11.0
2024-12-17 23:25:26,119,11.9
2024-12-17 23:25:27,75,7.5
2024-12-17 23:25:28,124,12.4
2024-12-17 23:25:29,105,10.5
2024-12-17 23:25:30,80,8.0
2024-12-17 23:25:31,147,14.7
2024-12-17 23:25:32,74,7.4
2024-12-17 23:25:33,83,8.3
2024-12-17 23:25:34,126,12.6
2024-12-17 23:25:35,82,8.2
2024-12-17 23:25:36,83,8.3
2024-12-17 23:25:37,120,12.0
2024-12-17 23:25:38,84,8.4
2024-12-17 23:25:39,132,13.2
2024-12-17 23:25:40,54,5.4
2024-12-17 23:25:41,137,13.7
2024-12-17 23:25:42,54,5.4
2024-12-17 23:25:43,103,10.3
2024-12-17 23:25:44,134,13.4
2024-12-17 23:25:45,99,9.9
2024-12-17 23:25:46,130,13.0
2024-12-17 23:25:47,50,5.0
2024-12-17 23:25:48,116,11.6
2024-12-17 23:25:49,128,12.8
2024-12-17 23:25:50,120,12.0
2024-12-17 23:25:51,143,14.3
2024-12-17 23:25:52,152,15.2
2024-12-17 23:25:53,93,9.3
2024-12-17 23:25:54,92,9.2
2024-12-17 23:25:55,125,12.5
2024-12-17 23:25:56,144,14.4
2024-12-17 23:25:57,157,15.7
2024-12-17 23:25:58,68,6.8
2024-12-17 23:25:59,139,13.9
2024-12-17 23:26:00,158,15.8
2024-12-17 23:26:01,56,5.6
2024-12-17 23:26:02,159,15.9
2024-12-17 23:26:03,146,14.6
2024-12-17 23:26:04,102,10.2
2024-12-17 23:26:05,157,15.7
2024-12-17 23:26:06,81,8.1
2024-12-17 23:26:07,67,6.7
2024-12-17 23:26:08,53,5.3
2024-12-17 23:26:09,155,15.5
2024-12-17 23:26:10,93,9.3
2024-12-17 23:26:11,67,6.7
2024-12-17 23:26:12,126,12.6
2024-12-17 23:26:13,97,9.7
2024-12-17 23:26:14,57,5.7
2024-12-17 23:26:15,54,5.4
2024-12-17 23:26:16,129,12.9
2024-12-17 23:26:17,69,6.9
2024-12-17 23:26:18,65,6.5
2024-12-17 23:26:19,60,6.0
2024-12-17 23:26:20,88,8.8
2024-12-17 23:26:21,59,5.9
2024-12-17 23:26:22,116,11.6
2024-12-17 23:26:23,60,6.0
2024-12-17 23:26:24,138,13.8
2024-12-17 23:26:25,102,10.2
2024-12-17 23:26:26,121,12.1
2024-12-17 23:26:27,55,5.5
2024-12-17 23:26:28,134,13.4
2024-12-17 23:26:29,110,11.0
2024-12-17 23:26:30,137,13.7
2024-12-17 23:26:31,127,12.7
2024-12-17 23:26:32,90,9.0
2024-12-17 23:26:33,78,7.8
2024-12-17 23:26:34,50,5.0
2024-12-17 23:26:35,78,7.8
2024-12-17 23:26:36,132,13.2
2024-12-17 23:26:37,111,11.1
2024-12-17 23:26:38,134,13.4
2024-12-17 23:26:39,143,14.3
2024-12-17 23:26:40,116,11.6
2024-12-17 23:26:41,57,5.7
2024-12-17 23:26:42,103,10.3
2024-12-17 23:26:43,126,12.6
2024-12-17 23:26:44,144,14.4
2024-12-17 23:26:45,137,13.7
2024-12-17 23:26:46,117,11.7
2024-12-17 23:26:47,155,15.5
2024-12-17 23:26:48,97,9.7
2024-12-17 23:26:49,139,13.9
2024-12-17 23:26:50,58,5.8
2024-12-17 23:26:51,101,10.1
2024-12-17 23:26:52,88,8.8
2024-12-17 23:26:53,143,14.3
2024-12-17 23:26:54,80,8.0
2024-12-17 23:26:55,84,8.4
2024-12-17 23:26:56,78,7.8
2024-12-17 23:26:57,67,6.7
2024-12-17 23:26:58,145,14.5
2024-12-17 23:26:59,152,15.2
2024-12-17 23:27:00,115,11.5
2024-12-17 23:27:01,86,8.6
2024-12-17 23:27:02,62,6.2
2024-12-17 23:27:03,148,14.8
2024-12-17 23:27:04,77,7.7
2024-12-17 23:27:05,151,15.1
2024-12-17 23:27:06,82,8.2
2024-12-17 23:27:07,142,14.2
2024-12-17 23:27:08,105,10.5
2024-12-17 23:27:09,117,11.7
2024-12-17 23:27:10,158,15.8
2024-12-17 23:27:11,133,13.3
2024-12-17 23:27:12,60,6.0
2024-12-17 23:27:13,57,5.7
2024-12-17 23:27:14,153,15.3
2024-12-17 23:27:15,141,14.1
2024-12-17 23:27:16,98,9.8
2024-12-17 23:27:17,108,10.8
2024-12-17 23:27:18,102,10.2
2024-12-17 23:27:19,77,7.7
2024-12-17 23:27:20,64,6.4
2024-12-17 23:27:21,153,15.3
2024-12-17 23:27:22,152,15.2
2024-12-17 23:27:23,124,12.4
2024-12-17 23:27:24,152,15.2
2024-12-17 23:27:25,151,15.1
2024-12-17 23:27:26,132,13.2
2024-12-17 23:27:27,125,12.5
2024-12-17 23:27:28,130,13.0
2024-12-17 23:27:29,149,14.9
2024-12-17 23:27:30,155,15.5
2024-12-17 23:27:31,134,13.4
2024-12-17 23:27:32,112,11.2
2024-12-17 23:27:33,146,14.6
2024-12-17 23:27:34,151,15.1
2024-12-17 23:27:35,57,5.7
2024-12-17 23:27:36,61,6.1
2024-12-17 23:27:37,87,8.7
2024-12-17 23:27:38,57,5.7
2024-12-17 23:27:39,100,10.0
2024-12-17 23:27:40,103,10.3
2024-12-17 23:27:41,137,13.7
2024-12-17 23:27:42,131,13.1
2024-12-17 23:27:43,158,15.8
2024-12-17 23:27:44,83,8.3
2024-12-17 23:27:45,88,8.8
2024-12-17 23:27:46,154,15.4
2024-12-17 23:27:47,87,8.7
2024-12-17 23:27:48,98,9.8
2024-12-17 23:27:49,122,12.2
2024-12-17 23:27:50,85,8.5
2024-12-17 23:27:51,61,6.1
2024-12-17 23:27:52,93,9.3
2024-12-17 23:27:53,68,6.8
2024-12-17 23:27:54,136,13.6
2024-12-17 23:27:55,135,13.5
2024-12-17 23:27:56,108,10.8
2024-12-17 23:27:57,93,9.3
2024-12-17 23:27:58,156,15.6
2024-12-17 23:27:59,129,12.9
2024-12-17 23:28:00,59,5.9
2024-12-17 23:28:01,145,14.5
2024-12-17 23:28:02,111,11.1
2024-12-17 23:28:03,75,7.5
2024-12-17 23:28:04,100,10.0
2024-12-17 23:28:05,112,11.2
2024-12-17 23:28:06,124,12.4
2024-12-17 23:28:07,84,8.4
2024-12-17 23:28:08,130,13.0
2024-12-17 23:28:09,117,11.7
2024-12-17 23:28:10,148,14.8
2024-12-17 23:28:11,52,5.2
2024-12-17 23:28:12,52,5.2
2024-12-17 23:28:13,95,9.5
2024-12-17 23:28:14,143,14.3
2024-12-17 23:28:15,70,7.0
2024-12-17 23:28:16,129,12.9
2024-12-17 23:28:17,54,5.4
2024-12-17 23:28:18,79,7.9
2024-12-17 23:28:19,97,9.7
2024-12-17 23:28:20,57,5.7
2024-12-17 23:28:21,90,9.0
2024-12-17 23:28:22,126,12.6
2024-12-17 23:28:23,122,12.2
2024-12-17 23:28:24,153,15.3
2024-12-17 23:28:25,114,11.4
2024-12-17 23:28:26,59,5.9
2024-12-17 23:28:27,71,7.1
2024-12-17 23:28:28,121,12.1
2024-12-17 23:28:29,155,15.5
2024-12-17 23:28:30,94,9.4
2024-12-17 23:28:31,154,15.4
2024-12-17 23:28:32,155,15.5
2024-12-17 23:28:33,90,9.0
2024-12-17 23:28:34,65,6.5
2024-12-17 23:28:35,62,6.2
2024-12-17 23:28:36,103,10.3
2024-12-17 23:28:37,88,8.8
2024-12-17 23:28:38,114,11.4
2024-12-17 23:28:39,92,9.2
2024-12-17 23:28:40,106,10.6
2024-12-17 23:28:41,107,10.7
2024-12-17 23:28:42,115,11.5
2024-12-17 23:28:43,126,12.6
2024-12-17 23:28:44,70,7.0
2024-12-17 23:28:45,56,5.6
2024-12-17 23:28:46,121,12.1
2024-12-17 23:28:47,96,9.6
2024-12-17 23:28:48,133,13.3
2024-12-17 23:28:49,132,13.2
2024-12-17 23:28:50,75,7.5
2024-12-17 23:28:51,57,5.7
2024-12-17 23:28:52,115,11.5
2024-12-17 23:28:53,89,8.9
2024-12-17 23:28:54,89,8.9
2024-12-17 23:28:55,112,11.2
2024-12-17 23:28:56,147,14.7
2024-12-17 23:28:57,76,7.6
2024-12-17 23:28:58,50,5.0
2024-12-17 23:28:59,123,12.3
2024-12-17 23:29:00,110,11.0
2024-12-17 23:29:01,74,7.4
2024-12-17 23:29:02,72,7.2
2024-12-17 23:29:03,136,13.6
2024-12-17 23:29:04,145,14.5
2024-12-17 23:29:05,160,16.0
2024-12-17 23:29:06,76,7.6
2024-12-17 23:29:07,115,11.5
2024-12-17 23:29:08,152,15.2
2024-12-17 23:29:09,99,9.9
2024-12-17 23:29:10,140,14.0
2024-12-17 23:29:11,157,15.7
2024-12-17 23:29:12,135,13.5
2024-12-17 23:29:13,54,5.4
2024-12-17 23:29:14,86,8.6
2024-12-17 23:29:15,68,6.8
2024-12-17 23:29:16,133,13.3
2024-12-17 23:29:17,92,9.2
2024-12-17 23:29:18,143,14.3
2024-12-17 23:29:19,125,12.5
2024-12-17 23:29:20,118,11.8
2024-12-17 23:29:21,66,6.6
2024-12-17 23:29:22,157,15.7
2024-12-17 23:29:23,57,5.7
2024-12-17 23:29:24,106,10.6
2024-12-17 23:29:25,101,10.1
2024-12-17 23:29:26,119,11.9
2024-12-17 23:29:27,150,15.0
2024-12-17 23:29:28,83,8.3
2024-12-17 23:29:29,87,8.7
2024-12-17 23:29:30,125,12.5
2024-12-17 23:29:31,50,5.0
2024-12-17 23:29:32,132,13.2
2024-12-17 23:29:33,149,14.9
2024-12-17 23:29:34,95,9.5
2024-12-17 23:29:35,66,6.6
2024-12-17 23:29:36,84,8.4
2024-12-17 23:29:37,150,15.0
2024-12-17 23:29:38,66,6.6
2024-12-17 23:29:39,124,12.4
2024-12-17 23:29:40,124,12.4
2024-12-17 23:29:41,67,6.7
2024-12-17 23:29:42,136,13.6
2024-12-17 23:29:43,153,15.3
2024-12-17 23:29:44,102,10.2
2024-12-17 23:29:45,144,14.4
2024-12-17 23:29:46,56,5.6
2024-12-17 23:29:47,94,9.4
2024-12-17 23:29:48,70,7.0
2024-12-17 23:29:49,152,15.2
2024-12-17 23:29:50,89,8.9
2024-12-17 23:29:51,87,8.7
2024-12-17 23:29:52,62,6.2
2024-12-17 23:29:53,76,7.6
2024-12-17 23:29:54,93,9.3
2024-12-17 23:29:55,82,8.2
2024-12-17 23:29:56,153,15.3
2024-12-17 23:29:57,149,14.9
2024-12-17 23:29:58,58,5.8
2024-12-17 23:29:59,155,15.5
2024-12-17 23:30:00,103,10.3
2024-12-17 23:30:01,54,5.4
2024-12-17 23:30:02,64,6.4
2024-12-17 23:30:03,95,9.5
2024-12-17 23:30:04,114,11.4
2024-12-17 23:30:05,68,6.8
2024-12-17 23:30:06,109,10.9
2024-12-17 23:30:07,149,14.9
2024-12-17 23:30:08,110,11.0
2024-12-17 23:30:09,134,13.4
2024-12-17 23:30:10,121,12.1
2024-12-17 23:30:11,80,8.0
2024-12-17 23:30:12,103,10.3
2024-12-17 23:30:13,112,11.2
2024-12-17 23:30:14,130,13.0
2024-12-17 23:30:15,158,15.8
2024-12-17 23:30:16,156,15.6
2024-12-17 23:30:17,61,6.1
2024-12-17 23:30:18,57,5.7
2024-12-17 23:30:19,84,8.4
2024-12-17 23:30:20,146,14.6
2024-12-17 23:30:21,130,13.0
2024-12-17 23:30:22,115,11.5
2024-12-17 23:30:23,102,10.2
2024-12-17 23:30:24,106,10.6
2024-12-17 23:30:25,69,6.9
2024-12-17 23:30:26,103,10.3
2024-12-17 23:30:27,100,10.0
2024-12-17 23:30:28,54,5.4
2024-12-17 23:30:29,110,11.0
2024-12-17 23:30:30,153,15.3
2024-12-17 23:30:31,90,9.0
2024-12-17 23:30:32,112,11.2
2024-12-17 23:30:33,117,11.7
2024-12-17 23:30:34,122,12.2
2024-12-17 23:30:35,73,7.3
2024-12-17 23:30:36,84,8.4
2024-12-17 23:30:37,115,11.5
2024-12-17 23:30:38,50,5.0
2024-12-17 23:30:39,94,9.4
2024-12-17 23:30:40,51,5.1
2024-12-17 23:30:41,119,11.9
2024-12-17 23:30:42,83,8.3
2024-12-17 23:30:43,88,8.8
2024-12-17 23:30:44,90,9.0
2024-12-17 23:30:45,103,10.3
2024-12-17 23:30:46,125,12.5
2024-12-17 23:30:47,97,9.7
2024-12-17 23:30:48,66,6.6
2024-12-17 23:30:49,110,11.0
2024-12-17 23:30:50,59,5.9
2024-12-17 23:30:51,114,11.4
2024-12-17 23:30:52,126,12.6
2024-12-17 23:30:53,95,9.5
2024-12-17 23:30:54,151,15.1
2024-12-17 23:30:55,141,14.1
2024-12-17 23:30:56,127,12.7
2024-12-17 23:30:57,84,8.4
2024-12-17 23:30:58,121,12.1
2024-12-17 23:30:59,143,14.3
2024-12-17 23:31:00,94,9.4
2024-12-17 23:31:01,61,6.1
2024-12-17 23:31:02,53,5.3
2024-12-17 23:31:03,81,8.1
2024-12-17 23:31:04,61,6.1
2024-12-17 23:31:05,52,5.2
2024-12-17 23:31:06,111,11.1
2024-12-17 23:31:07,160,16.0
2024-12-17 23:31:08,92,9.2
2024-12-17 23:31:09,67,6.7
2024-12-17 23:31:10,55,5.5
2024-12-17 23:31:11,138,13.8
2024-12-17 23:31:12,79,7.9
2024-12-17 23:31:13,149,14.9
2024-12-17 23:31:14,53,5.3
2024-12-17 23:31:15,131,13.1
2024-12-17 23:31:16,123,12.3
2024-12-17 23:31:17,115,11.5
2024-12-17 23:31:18,150,15.0
2024-12-17 23:31:19,153,15.3
2024-12-17 23:31:20,114,11.4
2024-12-17 23:31:21,91,9.1
2024-12-17 23:31:22,142,14.2
2024-12-17 23:31:23,65,6.5
2024-12-17 23:31:24,95,9.5
2024-12-17 23:31:25,132,13.2
2024-12-17 23:31:26,154,15.4
2024-12-17 23:31:27,94,9.4
2024-12-17 23:31:28,126,12.6
2024-12-17 23:31:29,56,5.6
2024-12-17 23:31:30,78,7.8
2024-12-17 23:31:31,146,14.6
2024-12-17 23:31:32,57,5.7
2024-12-17 23:31:33,140,14.0
2024-12-17 23:31:34,63,6.3
2024-12-17 23:31:35,123,12.3
2024-12-17 23:31:36,66,6.6
2024-12-17 23:31:37,112,11.2
2024-12-17 23:31:38,120,12.0
2024-12-17 23:31:39,130,13.0
2024-12-17 23:31:40,78,7.8
2024-12-17 23:31:41,141,14.1
2024-12-17 23:31:42,131,13.1
2024-12-17 23:31:43,152,15.2
2024-12-17 23:31:44,132,13.2
2024-12-17 23:31:45,110,11.0
2024-12-17 23:31:46,59,5.9
2024-12-17 23:31:47,147,14.7
2024-12-17 23:31:48,64,6.4
2024-12-17 23:31:49,155,15.5
2024-12-17 23:31:50,133,13.3
2024-12-17 23:31:51,145,14.5
2024-12-17 23:31:52,153,15.3
2024-12-17 23:31:53,148,14.8
2024-12-17 23:31:54,51,5.1
2024-12-17 23:31:55,65,6.5
2024-12-17 23:31:56,139,13.9
2024-12-17 23:31:57,100,10.0
2024-12-17 23:31:58,61,6.1
2024-12-17 23:31:59,113,11.3
2024-12-17 23:32:00,79,7.9
2024-12-17 23:32:01,95,9.5
2024-12-17 23:32:02,147,14.7
2024-12-17 23:32:03,115,11.5
2024-12-17 23:32:04,150,15.0
2024-12-17 23:32:05,83,8.3
2024-12-17 23:32:06,143,14.3
2024-12-17 23:32:07,107,10.7
2024-12-17 23:32:08,102,10.2
2024-12-17 23:32:09,128,12.8
2024-12-17 23:32:10,105,10.5
2024-12-17 23:32:11,151,15.1
2024-12-17 23:32:12,157,15.7
2024-12-17 23:32:13,123,12.3
2024-12-17 23:32:14,62,6.2
2024-12-17 23:32:15,78,7.8
2024-12-17 23:32:16,54,5.4
2024-12-17 23:32:17,100,10.0
2024-12-17 23:32:18,82,8.2
2024-12-17 23:32:19,89,8.9
2024-12-17 23:32:20,125,12.5
2024-12-17 23:32:21,57,5.7
2024-12-17 23:32:22,59,5.9
2024-12-17 23:32:23,75,7.5
2024-12-17 23:32:24,86,8.6
2024-12-17 23:32:25,142,14.2
2024-12-17 23:32:26,134,13.4
2024-12-17 23:32:27,132,13.2
2024-12-17 23:32:28,123,12.3
2024-12-17 23:32:29,125,12.5
2024-12-17 23:32:30,95,9.5
2024-12-17 23:32:31,119,11.9
2024-12-17 23:32:32,148,14.8
2024-12-17 23:32:33,114,11.4
2024-12-17 23:32:34,56,5.6
2024-12-17 23:32:35,106,10.6
2024-12-17 23:32:36,138,13.8
2024-12-17 23:32:37,52,5.2
2024-12-17 23:32:38,69,6.9
2024-12-17 23:32:39,57,5.7
2024-12-17 23:32:40,104,10.4
2024-12-17 23:32:41,144,14.4
2024-12-17 23:32:42,50,5.0
2024-12-17 23:32:43,50,5.0
2024-12-17 23:32:44,68,6.8
2024-12-17 23:32:45,62,6.2
2024-12-17 23:32:46,144,14.4
2024-12-17 23:32:47,152,15.2
2024-12-17 23:32:48,62,6.2
2024-12-17 23:32:49,86,8.6
2024-12-17 23:32:50,92,9.2
2024-12-17 23:32:51,87,8.7
2024-12-17 23:32:52,153,15.3
2024-12-17 23:32:53,145,14.5
2024-12-17 23:32:54,107,10.7
2024-12-17 23:32:55,63,6.3
2024-12-17 23:32:56,101,10.1
2024-12-17 23:32:57,71,7.1
2024-12-17 23:32:58,142,14.2
2024-12-17 23:32:59,156,15.6
2024-12-17 23:33:00,121,12.1
2024-12-17 23:33:01,145,14.5
2024-12-17 23:33:02,64,6.4
2024-12-17 23:33:03,138,13.8
2024-12-17 23:33:04,100,10.0
2024-12-17 23:33:05,151,15.1
2024-12-17 23:33:06,62,6.2
2024-12-17 23:33:07,60,6.0
2024-12-17 23:33:08,66,6.6
2024-12-17 23:33:09,148,14.8
2024-12-17 23:33:10,82,8.2
2024-12-17 23:33:11,125,12.5
2024-12-17 23:33:12,86,8.6
2024-12-17 23:33:13,131,13.1
2024-12-17 23:33:14,70,7.0
2024-12-17 23:33:15,122,12.2
2024-12-17 23:33:16,144,14.4
2024-12-17 23:33:17,105,10.5
2024-12-17 23:33:18,71,7.1
2024-12-17 23:33:19,52,5.2
2024-12-17 23:33:20,84,8.4
2024-12-17 23:33:21,84,8.4
2024-12-17 23:33:22,114,11.4
2024-12-17 23:33:23,104,10.4
2024-12-17 23:33:24,72,7.2
2024-12-17 23:33:25,59,5.9
2024-12-17 23:33:26,143,14.3
2024-12-17 23:33:27,55,5.5
2024-12-17 23:33:28,134,13.4
2024-12-17 23:33:29,140,14.0
2024-12-17 23:33:30,68,6.8
2024-12-17 23:33:31,84,8.4
2024-12-17 23:33:32,113,11.3
2024-12-17 23:33:33,99,9.9
2024-12-17 23:33:34,55,5.5
2024-12-17 23:33:35,143,14.3
2024-12-17 23:33:36,86,8.6
2024-12-17 23:33:37,157,15.7
2024-12-17 23:33:38,122,12.2
2024-12-17 23:33:39,151,15.1
2024-12-17 23:33:40,96,9.6
2024-12-17 23:33:41,86,8.6
2024-12-17 23:33:42,63,6.3
2024-12-17 23:33:43,135,13.5
2024-12-17 23:33:44,93,9.3
2024-12-17 23:33:45,143,14.3
2024-12-17 23:33:46,108,10.8
2024-12-17 23:33:47,89,8.9
2024-12-17 23:33:48,147,14.7
2024-12-17 23:33:49,132,13.2
2024-12-17 23:33:50,85,8.5
2024-12-17 23:33:51,157,15.7
2024-12-17 23:33:52,101,10.1
2024-12-17 23:33:53,50,5.0
2024-12-17 23:33:54,116,11.6
2024-12-17 23:33:55,124,12.4
2024-12-17 23:33:56,118,11.8
2024-12-17 23:33:57,119,11.9
2024-12-17 23:33:58,76,7.6
2024-12-17 23:33:59,153,15.3
2024-12-17 23:34:00,56,5.6
2024-12-17 23:34:01,138,13.8
2024-12-17 23:34:02,83,8.3
2024-12-17 23:34:03,77,7.7
2024-12-17 23:34:04,135,13.5
2024-12-17 23:34:05,90,9.0
2024-12-17 23:34:06,82,8.2
2024-12-17 23:34:07,65,6.5
2024-12-17 23:34:08,124,12.4
2024-12-17 23:34:09,79,7.9
2024-12-17 23:34:10,106,10.6
2024-12-17 23:34:11,56,5.6
2024-12-17 23:34:12,107,10.7
2024-12-17 23:34:13,83,8.3
2024-12-17 23:34:14,52,5.2
2024-12-17 23:34:15,159,15.9
2024-12-17 23:34:16,84,8.4
2024-12-17 23:34:17,68,6.8
2024-12-17 23:34:18,148,14.8
2024-12-17 23:34:19,158,15.8
2024-12-17 23:34:20,135,13.5
2024-12-17 23:34:21,160,16.0
2024-12-17 23:34:22,73,7.3
2024-12-17 23:34:23,77,7.7
2024-12-17 23:34:24,102,10.2
2024-12-17 23:34:25,143,14.3
2024-12-17 23:34:26,78,7.8
2024-12-17 23:34:27,98,9.8
2024-12-17 23:34:28,92,9.2
2024-12-17 23:34:29,131,13.1
2024-12-17 23:34:30,87,8.7
2024-12-17 23:34:31,106,10.6
2024-12-17 23:34:32,77,7.7
2024-12-17 23:34:33,53,5.3
2024-12-17 23:34:34,130,13.0
2024-12-17 23:34:35,94,9.4
2024-12-17 23:34:36,140,14.0
2024-12-17 23:34:37,102,10.2
2024-12-17 23:34:38,107,10.7
2024-12-17 23:34:39,89,8.9
2024-12-17 23:34:40,71,7.1
2024-12-17 23:34:41,89,8.9
2024-12-17 23:34:42,59,5.9
2024-12-17 23:34:43,134,13.4
2024-12-17 23:34:44,58,5.8
2024-12-17 23:34:45,143,14.3
2024-12-17 23:34:46,153,15.3
2024-12-17 23:34:47,75,7.5
2024-12-17 23:34:48,86,8.6
2024-12-17 23:34:49,93,9.3
2024-12-17 23:34:50,61,6.1
2024-12-17 23:34:51,141,14.1
2024-12-17 23:34:52,103,10.3
2024-12-17 23:34:53,63,6.3
2024-12-17 23:34:54,140,14.0
2024-12-17 23:34:55,51,5.1
2024-12-17 23:34:56,138,13.8
2024-12-17 23:34:57,81,8.1
2024-12-17 23:34:58,102,10.2
2024-12-17 23:34:59,150,15.0
2024-12-17 23:35:00,119,11.9
2024-12-17 23:35:01,59,5.9
2024-12-17 23:35:02,160,16.0
2024-12-17 23:35:03,157,15.7
2024-12-17 23:35:04,123,12.3
2024-12-17 23:35:05,157,15.7
2024-12-17 23:35:06,155,15.5
2024-12-17 23:35:07,142,14.2
2024-12-17 23:35:08,131,13.1
2024-12-17 23:35:09,113,11.3
2024-12-17 23:35:10,134,13.4
2024-12-17 23:35:11,153,15.3
2024-12-17 23:35:12,51,5.1
2024-12-17 23:35:13,101,10.1
2024-12-17 23:35:14,109,10.9
2024-12-17 23:35:15,59,5.9
2024-12-17 23:35:16,103,10.3
2024-12-17 23:35:17,156,15.6
2024-12-17 23:35:18,81,8.1
2024-12-17 23:35:19,101,10.1
2024-12-17 23:35:20,148,14.8
2024-12-17 23:35:21,54,5.4
2024-12-17 23:35:22,91,9.1
2024-12-17 23:35:23,91,9.1
2024-12-17 23:35:24,103,10.3
2024-12-17 23:35:25,79,7.9
2024-12-17 23:35:26,92,9.2
2024-12-17 23:35:27,154,15.4
2024-12-17 23:35:28,73,7.3
2024-12-17 23:35:29,101,10.1
2024-12-17 23:35:30,78,7.8
2024-12-17 23:35:31,58,5.8
2024-12-17 23:35:32,53,5.3
2024-12-17 23:35:33,116,11.6
2024-12-17 23:35:34,91,9.1
2024-12-17 23:35:35,97,9.7
2024-12-17 23:35:36,94,9.4
2024-12-17 23:35:37,122,12.2
2024-12-17 23:35:38,138,13.8
2024-12-17 23:35:39,155,15.5
2024-12-17 23:35:40,119,11.9
2024-12-17 23:35:41,79,7.9
2024-12-17 23:35:42,113,11.3
2024-12-17 23:35:43,91,9.1
2024-12-17 23:35:44,152,15.2
2024-12-17 23:35:45,138,13.8
2024-12-17 23:35:46,145,14.5
2024-12-17 23:35:47,61,6.1
2024-12-17 23:35:48,112,11.2
2024-12-17 23:35:49,104,10.4
2024-12-17 23:35:50,149,14.9
2024-12-17 23:35:51,101,10.1
2024-12-17 23:35:52,56,5.6
2024-12-17 23:35:53,86,8.6
2024-12-17 23:35:54,132,13.2
2024-12-17 23:35:55,104,10.4
2024-12-17 23:35:56,103,10.3
2024-12-17 23:35:57,155,15.5
2024-12-17 23:35:58,59,5.9
2024-12-17 23:35:59,90,9.0
2024-12-17 23:36:00,126,12.6
2024-12-17 23:36:01,158,15.8
2024-12-17 23:36:02,114,11.4
2024-12-17 23:36:03,141,14.1
2024-12-17 23:36:04,88,8.8
2024-12-17 23:36:05,92,9.2
2024-12-17 23:36:06,79,7.9
2024-12-17 23:36:07,51,5.1
2024-12-17 23:36:08,159,15.9
2024-12-17 23:36:09,120,12.0
2024-12-17 23:36:10,54,5.4
2024-12-17 23:36:11,130,13.0
2024-12-17 23:36:12,67,6.7
2024-12-17 23:36:13,123,12.3
2024-12-17 23:36:14,56,5.6
2024-12-17 23:36:15,77,7.7
2024-12-17 23:36:16,50,5.0
2024-12-17 23:36:17,78,7.8
2024-12-17 23:36:18,134,13.4
2024-12-17 23:36:19,78,7.8
2024-12-17 23:36:20,95,9.5
2024-12-17 23:36:21,106,10.6
2024-12-17 23:36:22,153,15.3
2024-12-17 23:36:23,98,9.8
2024-12-17 23:36:24,101,10.1
2024-12-17 23:36:25,83,8.3
2024-12-17 23:36:26,139,13.9
2024-12-17 23:36:27,144,14.4
2024-12-17 23:36:28,146,14.6
2024-12-17 23:36:29,87,8.7
2024-12-17 23:36:30,104,10.4
2024-12-17 23:36:31,113,11.3
2024-12-17 23:36:32,124,12.4
2024-12-17 23:36:33,88,8.8
2024-12-17 23:36:34,110,11.0
2024-12-17 23:36:35,150,15.0
2024-12-17 23:36:36,81,8.1
2024-12-17 23:36:37,145,14.5
2024-12-17 23:36:38,91,9.1
2024-12-17 23:36:39,94,9.4
2024-12-17 23:36:40,132,13.2
2024-12-17 23:36:41,152,15.2
2024-12-17 23:36:42,97,9.7
2024-12-17 23:36:43,98,9.8
2024-12-17 23:36:44,96,9.6
2024-12-17 23:36:45,144,14.4
2024-12-17 23:36:46,79,7.9
2024-12-17 23:36:47,114,11.4
2024-12-17 23:36:48,59,5.9
2024-12-17 23:36:49,97,9.7
2024-12-17 23:36:50,55,5.5
2024-12-17 23:36:51,120,12.0
2024-12-17 23:36:52,155,15.5
2024-12-17 23:36:53,115,11.5
2024-12-17 23:36:54,112,11.2
2024-12-17 23:36:55,118,11.8
2024-12-17 23:36:56,53,5.3
2024-12-17 23:36:57,122,12.2
2024-12-17 23:36:58,103,10.3
2024-12-17 23:36:59,95,9.5
2024-12-17 23:37:00,88,8.8
2024-12-17 23:37:01,54,5.4
2024-12-17 23:37:02,152,15.2
2024-12-17 23:37:03,141,14.1
2024-12-17 23:37:04,51,5.1
2024-12-17 23:37:05,50,5.0
2024-12-17 23:37:06,68,6.8
2024-12-17 23:37:07,150,15.0
2024-12-17 23:37:08,77,7.7
2024-12-17 23:37:09,81,8.1
2024-12-17 23:37:10,145,14.5
2024-12-17 23:37:11,130,13.0
2024-12-17 23:37:12,139,13.9
2024-12-17 23:37:13,146,14.6
2024-12-17 23:37:14,131,13.1
2024-12-17 23:37:15,98,9.8
2024-12-17 23:37:16,102,10.2
2024-12-17 23:37:17,63,6.3
2024-12-17 23:37:18,115,11.5
2024-12-17 23:37:19,141,14.1
2024-12-17 23:37:20,148,14.8
2024-12-17 23:37:21,121,12.1
2024-12-17 23:37:22,86,8.6
2024-12-17 23:37:23,142,14.2
2024-12-17 23:37:24,130,13.0
2024-12-17 23:37:25,75,7.5
2024-12-17 23:37:26,153,15.3
2024-12-17 23:37:27,73,7.3
2024-12-17 23:37:28,130,13.0
2024-12-17 23:37:29,154,15.4
2024-12-17 23:37:30,69,6.9
2024-12-17 23:37:31,149,14.9
2024-12-17 23:37:32,99,9.9
2024-12-17 23:37:33,63,6.3
2024-12-17 23:37:34,60,6.0
2024-12-17 23:37:35,50,5.0
2024-12-17 23:37:36,121,12.1
2024-12-17 23:37:37,79,7.9
2024-12-17 23:37:38,122,12.2
2024-12-17 23:37:39,118,11.8
2024-12-17 23:37:40,57,5.7
2024-12-17 23:37:41,71,7.1
2024-12-17 23:37:42,134,13.4
2024-12-17 23:37:43,129,12.9
2024-12-17 23:37:44,113,11.3
2024-12-17 23:37:45,69,6.9
2024-12-17 23:37:46,83,8.3
2024-12-17 23:37:47,98,9.8
2024-12-17 23:37:48,63,6.3
2024-12-17 23:37:49,104,10.4
2024-12-17 23:37:50,125,12.5
2024-12-17 23:37:51,129,12.9
2024-12-17 23:37:52,152,15.2
2024-12-17 23:37:53,139,13.9
2024-12-17 23:37:54,135,13.5
2024-12-17 23:37:55,117,11.7
2024-12-17 23:37:56,154,15.4
2024-12-17 23:37:57,85,8.5
2024-12-17 23:37:58,79,7.9
2024-12-17 23:37:59,143,14.3
2024-12-17 23:38:00,124,12.4
2024-12-17 23:38:01,87,8.7
2024-12-17 23:38:02,124,12.4
2024-12-17 23:38:03,86,8.6
2024-12-17 23:38:04,104,10.4
2024-12-17 23:38:05,138,13.8
2024-12-17 23:38:06,83,8.3
2024-12-17 23:38:07,126,12.6
2024-12-17 23:38:08,144,14.4
2024-12-17 23:38:09,67,6.7
2024-12-17 23:38:10,125,12.5
2024-12-17 23:38:11,66,6.6
2024-12-17 23:38:12,157,15.7
2024-12-17 23:38:13,94,9.4
2024-12-17 23:38:14,130,13.0
2024-12-17 23:38:15,121,12.1
2024-12-17 23:38:16,156,15.6
2024-12-17 23:38:17,155,15.5
2024-12-17 23:38:18,96,9.6
2024-12-17 23:38:19,151,15.1
2024-12-17 23:38:20,138,13.8
2024-12-17 23:38:21,51,5.1
2024-12-17 23:38:22,53,5.3
2024-12-17 23:38:23,113,11.3
2024-12-17 23:38:24,101,10.1
2024-12-17 23:38:25,67,6.7
2024-12-17 23:38:26,151,15.1
2024-12-17 23:38:27,132,13.2
2024-12-17 23:38:28,138,13.8
2024-12-17 23:38:29,122,12.2
2024-12-17 23:38:30,143,14.3
2024-12-17 23:38:31,109,10.9
2024-12-17 23:38:32,56,5.6
2024-12-17 23:38:33,97,9.7
2024-12-17 23:38:34,79,7.9
2024-12-17 23:38:35,95,9.5
2024-12-17 23:38:36,150,15.0
2024-12-17 23:38:37,144,14.4
2024-12-17 23:38:38,128,12.8
2024-12-17 23:38:39,86,8.6
2024-12-17 23:38:40,153,15.3
2024-12-17 23:38:41,131,13.1
2024-12-17 23:38:42,125,12.5
2024-12-17 23:38:43,119,11.9
2024-12-17 23:38:44,138,13.8
2024-12-17 23:38:45,149,14.9
2024-12-17 23:38:46,117,11.7
2024-12-17 23:38:47,85,8.5
2024-12-17 23:38:48,97,9.7
2024-12-17 23:38:49,56,5.6
2024-12-17 23:38:50,151,15.1
2024-12-17 23:38:51,150,15.0
2024-12-17 23:38:52,94,9.4
2024-12-17 23:38:53,103,10.3
2024-12-17 23:38:54,98,9.8
2024-12-17 23:38:55,144,14.4
2024-12-17 23:38:56,76,7.6
2024-12-17 23:38:57,108,10.8
2024-12-17 23:38:58,90,9.0
2024-12-17 23:38:59,113,11.3
2024-12-17 23:39:00,127,12.7
2024-12-17 23:39:01,121,12.1
2024-12-17 23:39:02,110,11.0
2024-12-17 23:39:03,67,6.7
2024-12-17 23:39:04,153,15.3
2024-12-17 23:39:05,98,9.8
2024-12-17 23:39:06,104,10.4
2024-12-17 23:39:07,97,9.7
2024-12-17 23:39:08,133,13.3
2024-12-17 23:39:09,91,9.1
2024-12-17 23:39:10,107,10.7
2024-12-17 23:39:11,143,14.3
2024-12-17 23:39:12,137,13.7
2024-12-17 23:39:13,90,9.0
2024-12-17 23:39:14,77,7.7
2024-12-17 23:39:15,145,14.5
2024-12-17 23:39:16,142,14.2
2024-12-17 23:39:17,71,7.1
2024-12-17 23:39:18,67,6.7
2024-12-17 23:39:19,145,14.5
2024-12-17 23:39:20,157,15.7
2024-12-17 23:39:21,110,11.0
2024-12-17 23:39:22,158,15.8
2024-12-17 23:39:23,54,5.4
2024-12-17 23:39:24,117,11.7
2024-12-17 23:39:25,91,9.1
2024-12-17 23:39:26,100,10.0
2024-12-17 23:39:27,55,5.5
2024-12-17 23:39:28,123,12.3
2024-12-17 23:39:29,144,14.4
2024-12-17 23:39:30,123,12.3
2024-12-17 23:39:31,93,9.3
2024-12-17 23:39:32,150,15.0
2024-12-17 23:39:33,139,13.9
2024-12-17 23:39:34,130,13.0
2024-12-17 23:39:35,69,6.9
2024-12-17 23:39:36,124,12.4
2024-12-17 23:39:37,134,13.4
2024-12-17 23:39:38,117,11.7
2024-12-17 23:39:39,134,13.4
2024-12-17 23:39:40,68,6.8
2024-12-17 23:39:41,138,13.8
2024-12-17 23:39:42,65,6.5
2024-12-17 23:39:43,129,12.9
2024-12-17 23:39:44,88,8.8
2024-12-17 23:39:45,82,8.2
2024-12-17 23:39:46,107,10.7
2024-12-17 23:39:47,138,13.8
2024-12-17 23:39:48,58,5.8
2024-12-17 23:39:49,81,8.1
2024-12-17 23:39:50,99,9.9
2024-12-17 23:39:51,114,11.4
2024-12-17 23:39:52,51,5.1
2024-12-17 23:39:53,117,11.7
2024-12-17 23:39:54,96,9.6
2024-12-17 23:39:55,137,13.7
2024-12-17 23:39:56,61,6.1
2024-12-17 23:39:57,144,14.4
2024-12-17 23:39:58,65,6.5
2024-12-17 23:39:59,117,11.7
2024-12-17 23:40:00,60,6.0
2024-12-17 23:40:01,80,8.0
2024-12-17 23:40:02,123,12.3
2024-12-17 23:40:03,102,10.2
2024-12-17 23:40:04,81,8.1
2024-12-17 23:40:05,148,14.8
2024-12-17 23:40:06,61,6.1
2024-12-17 23:40:07,96,9.6
2024-12-17 23:40:08,156,15.6
2024-12-17 23:40:09,90,9.0
2024-12-17 23:40:10,137,13.7
2024-12-17 23:40:11,124,12.4
2024-12-17 23:40:12,154,15.4
2024-12-17 23:40:13,155,15.5
2024-12-17 23:40:14,52,5.2
2024-12-17 23:40:15,94,9.4
2024-12-17 23:40:16,104,10.4
2024-12-17 23:40:17,75,7.5
2024-12-17 23:40:18,130,13.0
2024-12-17 23:40:19,106,10.6
2024-12-17 23:40:20,147,14.7
2024-12-17 23:40:21,111,11.1
2024-12-17 23:40:22,110,11.0
2024-12-17 23:40:23,55,5.5
2024-12-17 23:40:24,84,8.4
2024-12-17 23:40:25,100,10.0
2024-12-17 23:40:26,96,9.6
2024-12-17 23:40:27,140,14.0
2024-12-17 23:40:28,114,11.4
2024-12-17 23:40:29,152,15.2
2024-12-17 23:40:30,80,8.0
2024-12-17 23:40:31,103,10.3
2024-12-17 23:40:32,98,9.8
2024-12-17 23:40:33,61,6.1
2024-12-17 23:40:34,150,15.0
2024-12-17 23:40:35,70,7.0
2024-12-17 23:40:36,141,14.1
2024-12-17 23:40:37,95,9.5
2024-12-17 23:40:38,52,5.2
2024-12-17 23:40:39,121,12.1
2024-12-17 23:40:40,144,14.4
2024-12-17 23:40:41,151,15.1
2024-12-17 23:40:42,64,6.4
2024-12-17 23:40:43,72,7.2
2024-12-17 23:40:44,104,10.4
2024-12-17 23:40:45,115,11.5
2024-12-17 23:40:46,62,6.2
2024-12-17 23:40:47,128,12.8
2024-12-17 23:40:48,134,13.4
2024-12-17 23:40:49,114,11.4
2024-12-17 23:40:50,156,15.6
2024-12-17 23:40:51,64,6.4
2024-12-17 23:40:52,74,7.4
2024-12-17 23:40:53,79,7.9
2024-12-17 23:40:54,140,14.0
2024-12-17 23:40:55,95,9.5
2024-12-17 23:40:56,133,13.3
2024-12-17 23:40:57,121,12.1
2024-12-17 23:40:58,151,15.1
2024-12-17 23:40:59,80,8.0
2024-12-17 23:41:00,108,10.8
2024-12-17 23:41:01,136,13.6
2024-12-17 23:41:02,113,11.3
2024-12-17 23:41:03,131,13.1
2024-12-17 23:41:04,124,12.4
2024-12-17 23:41:05,77,7.7
2024-12-17 23:41:06,86,8.6
2024-12-17 23:41:07,116,11.6
2024-12-17 23:41:08,156,15.6
2024-12-17 23:41:09,70,7.0
2024-12-17 23:41:10,71,7.1
2024-12-17 23:41:11,104,10.4
2024-12-17 23:41:12,119,11.9
2024-12-17 23:41:13,101,10.1
2024-12-17 23:41:14,151,15.1
2024-12-17 23:41:15,148,14.8
2024-12-17 23:41:16,59,5.9
2024-12-17 23:41:17,67,6.7
2024-12-17 23:41:18,121,12.1
2024-12-17 23:41:19,70,7.0
2024-12-17 23:41:20,111,11.1
2024-12-17 23:41:21,106,10.6
2024-12-17 23:41:22,151,15.1
2024-12-17 23:41:23,67,6.7
2024-12-17 23:41:24,142,14.2
2024-12-17 23:41:25,60,6.0
2024-12-17 23:41:26,152,15.2
2024-12-17 23:41:27,67,6.7
2024-12-17 23:41:28,111,11.1
2024-12-17 23:41:29,160,16.0
2024-12-17 23:41:30,114,11.4
2024-12-17 23:41:31,146,14.6
2024-12-17 23:41:32,114,11.4
2024-12-17 23:41:33,110,11.0
2024-12-17 23:41:34,140,14.0
2024-12-17 23:41:35,67,6.7
2024-12-17 23:41:36,65,6.5
2024-12-17 23:41:37,68,6.8
2024-12-17 23:41:38,92,9.2
2024-12-17 23:41:39,106,10.6
2024-12-17 23:41:40,60,6.0
2024-12-17 23:41:41,93,9.3
2024-12-17 23:41:42,129,12.9
2024-12-17 23:41:43,119,11.9
2024-12-17 23:41:44,121,12.1
2024-12-17 23:41:45,75,7.5
2024-12-17 23:41:46,148,14.8
2024-12-17 23:41:47,119,11.9
2024-12-17 23:41:48,148,14.8
2024-12-17 23:41:49,136,13.6
2024-12-17 23:41:50,126,12.6
2024-12-17 23:41:51,142,14.2
2024-12-17 23:41:52,122,12.2
2024-12-17 23:41:53,99,9.9
2024-12-17 23:41:54,110,11.0
2024-12-17 23:41:55,130,13.0
2024-12-17 23:41:56,72,7.2
2024-12-17 23:41:57,63,6.3
2024-12-17 23:41:58,63,6.3
2024-12-17 23:41:59,149,14.9
2024-12-17 23:42:00,119,11.9
2024-12-17 23:42:01,140,14.0
2024-12-17 23:42:02,119,11.9
2024-12-17 23:42:03,86,8.6
2024-12-17 23:42:04,111,11.1
2024-12-17 23:42:05,121,12.1
2024-12-17 23:42:06,151,15.1
2024-12-17 23:42:07,58,5.8
2024-12-17 23:42:08,142,14.2
2024-12-17 23:42:09,101,10.1
2024-12-17 23:42:10,81,8.1
2024-12-17 23:42:11,83,8.3
2024-12-17 23:42:12,50,5.0
2024-12-17 23:42:13,91,9.1
2024-12-17 23:42:14,160,16.0
2024-12-17 23:42:15,144,14.4
2024-12-17 23:42:16,108,10.8
2024-12-17 23:42:17,103,10.3
2024-12-17 23:42:18,101,10.1
2024-12-17 23:42:19,91,9.1
2024-12-17 23:42:20,101,10.1
2024-12-17 23:42:21,148,14.8
2024-12-17 23:42:22,69,6.9
2024-12-17 23:42:23,95,9.5
2024-12-17 23:42:24,127,12.7
2024-12-17 23:42:25,87,8.7
2024-12-17 23:42:26,55,5.5
2024-12-17 23:42:27,85,8.5
2024-12-17 23:42:28,144,14.4
2024-12-17 23:42:29,148,14.8
2024-12-17 23:42:30,119,11.9
2024-12-17 23:42:31,131,13.1
2024-12-17 23:42:32,80,8.0
2024-12-17 23:42:33,122,12.2
2024-12-17 23:42:34,72,7.2
2024-12-17 23:42:35,133,13.3
2024-12-17 23:42:36,109,10.9
2024-12-17 23:42:37,115,11.5
2024-12-17 23:42:38,82,8.2
2024-12-17 23:42:39,128,12.8
2024-12-17 23:42:40,94,9.4
2024-12-17 23:42:41,63,6.3
2024-12-17 23:42:42,50,5.0
2024-12-17 23:42:43,63,6.3
2024-12-17 23:42:44,134,13.4
2024-12-17 23:42:45,160,16.0
2024-12-17 23:42:46,107,10.7
2024-12-17 23:42:47,83,8.3
2024-12-17 23:42:48,84,8.4
2024-12-17 23:42:49,116,11.6
2024-12-17 23:42:50,86,8.6
2024-12-17 23:42:51,153,15.3
2024-12-17 23:42:52,68,6.8
2024-12-17 23:42:53,57,5.7
2024-12-17 23:42:54,50,5.0
2024-12-17 23:42:55,140,14.0
2024-12-17 23:42:56,56,5.6
2024-12-17 23:42:57,72,7.2
2024-12-17 23:42:58,78,7.8
2024-12-17 23:42:59,111,11.1
2024-12-17 23:43:00,108,10.8
2024-12-17 23:43:01,72,7.2
2024-12-17 23:43:02,97,9.7
2024-12-17 23:43:03,154,15.4
2024-12-17 23:43:04,65,6.5
2024-12-17 23:43:05,54,5.4
2024-12-17 23:43:06,76,7.6
2024-12-17 23:43:07,116,11.6
2024-12-17 23:43:08,53,5.3
2024-12-17 23:43:09,83,8.3
2024-12-17 23:43:10,100,10.0
2024-12-17 23:43:11,157,15.7
2024-12-17 23:43:12,94,9.4
2024-12-17 23:43:13,79,7.9
2024-12-17 23:43:14,84,8.4
2024-12-17 23:43:15,137,13.7
2024-12-17 23:43:16,57,5.7
2024-12-17 23:43:17,93,9.3
2024-12-17 23:43:18,136,13.6
2024-12-17 23:43:19,51,5.1
2024-12-17 23:43:20,87,8.7
2024-12-17 23:43:21,110,11.0
2024-12-17 23:43:22,132,13.2
2024-12-17 23:43:23,70,7.0
2024-12-17 23:43:24,67,6.7
2024-12-17 23:43:25,110,11.0
2024-12-17 23:43:26,149,14.9
2024-12-17 23:43:27,127,12.7
2024-12-17 23:43:28,105,10.5
2024-12-17 23:43:29,131,13.1
2024-12-17 23:43:30,149,14.9
2024-12-17 23:43:31,116,11.6
2024-12-17 23:43:32,76,7.6
2024-12-17 23:43:33,118,11.8
2024-12-17 23:43:34,128,12.8
2024-12-17 23:43:35,113,11.3
2024-12-17 23:43:36,106,10.6
2024-12-17 23:43:37,111,11.1
2024-12-17 23:43:38,94,9.4
2024-12-17 23:43:39,109,10.9
2024-12-17 23:43:40,59,5.9
2024-12-17 23:43:41,106,10.6
2024-12-17 23:43:42,108,10.8
2024-12-17 23:43:43,128,12.8
2024-12-17 23:43:44,120,12.0
2024-12-17 23:43:45,56,5.6
2024-12-17 23:43:46,149,14.9
2024-12-17 23:43:47,52,5.2
2024-12-17 23:43:48,71,7.1
2024-12-17 23:43:49,111,11.1
2024-12-17 23:43:50,106,10.6
2024-12-17 23:43:51,87,8.7
2024-12-17 23:43:52,50,5.0
2024-12-17 23:43:53,55,5.5
2024-12-17 23:43:54,158,15.8
2024-12-17 23:43:55,151,15.1
2024-12-17 23:43:56,151,15.1
2024-12-17 23:43:57,98,9.8
2024-12-17 23:43:58,104,10.4
2024-12-17 23:43:59,118,11.8
2024-12-17 23:44:00,78,7.8
2024-12-17 23:44:01,141,14.1
2024-12-17 23:44:02,146,14.6
2024-12-17 23:44:03,102,10.2
2024-12-17 23:44:04,77,7.7
2024-12-17 23:44:05,62,6.2
2024-12-17 23:44:06,132,13.2
2024-12-17 23:44:07,113,11.3
2024-12-17 23:44:08,108,10.8
2024-12-17 23:44:09,52,5.2
2024-12-17 23:44:10,88,8.8
2024-12-17 23:44:11,56,5.6
2024-12-17 23:44:12,128,12.8
2024-12-17 23:44:13,134,13.4
2024-12-17 23:44:14,146,14.6
2024-12-17 23:44:15,80,8.0
2024-12-17 23:44:16,132,13.2
2024-12-17 23:44:17,85,8.5
2024-12-17 23:44:18,129,12.9
2024-12-17 23:44:19,118,11.8
2024-12-17 23:44:20,139,13.9
2024-12-17 23:44:21,58,5.8
2024-12-17 23:44:22,139,13.9
2024-12-17 23:44:23,57,5.7
2024-12-17 23:44:24,154,15.4
2024-12-17 23:44:25,104,10.4
2024-12-17 23:44:26,100,10.0
2024-12-17 23:44:27,140,14.0
2024-12-17 23:44:28,151,15.1
2024-12-17 23:44:29,158,15.8
2024-12-17 23:44:30,77,7.7
2024-12-17 23:44:31,99,9.9
2024-12-17 23:44:32,73,7.3
2024-12-17 23:44:33,149,14.9
2024-12-17 23:44:34,150,15.0
2024-12-17 23:44:35,90,9.0
2024-12-17 23:44:36,92,9.2
2024-12-17 23:44:37,139,13.9
2024-12-17 23:44:38,99,9.9
2024-12-17 23:44:39,147,14.7
2024-12-17 23:44:40,129,12.9
2024-12-17 23:44:41,76,7.6
2024-12-17 23:44:42,138,13.8
2024-12-17 23:44:43,91,9.1
2024-12-17 23:44:44,158,15.8
2024-12-17 23:44:45,50,5.0
2024-12-17 23:44:46,116,11.6
2024-12-17 23:44:47,132,13.2
2024-12-17 23:44:48,81,8.1
2024-12-17 23:44:49,137,13.7
2024-12-17 23:44:50,144,14.4
2024-12-17 23:44:51,72,7.2
2024-12-17 23:44:52,64,6.4
2024-12-17 23:44:53,99,9.9
2024-12-17 23:44:54,87,8.7
2024-12-17 23:44:55,149,14.9
2024-12-17 23:44:56,133,13.3
2024-12-17 23:44:57,156,15.6
2024-12-17 23:44:58,63,6.3
2024-12-17 23:44:59,50,5.0
2024-12-17 23:45:00,139,13.9
2024-12-17 23:45:01,135,13.5
2024-12-17 23:45:02,130,13.0
2024-12-17 23:45:03,148,14.8
2024-12-17 23:45:04,53,5.3
2024-12-17 23:45:05,77,7.7
2024-12-17 23:45:06,137,13.7
2024-12-17 23:45:07,121,12.1
2024-12-17 23:45:08,126,12.6
2024-12-17 23:45:09,60,6.0
2024-12-17 23:45:10,97,9.7
2024-12-17 23:45:11,134,13.4
2024-12-17 23:45:12,146,14.6
2024-12-17 23:45:13,114,11.4
2024-12-17 23:45:14,84,8.4
2024-12-17 23:45:15,127,12.7
2024-12-17 23:45:16,50,5.0
2024-12-17 23:45:17,86,8.6
2024-12-17 23:45:18,56,5.6
2024-12-17 23:45:19,95,9.5
2024-12-17 23:45:20,80,8.0
2024-12-17 23:45:21,158,15.8
2024-12-17 23:45:22,138,13.8
2024-12-17 23:45:23,68,6.8
2024-12-17 23:45:24,147,14.7
2024-12-17 23:45:25,126,12.6
2024-12-17 23:45:26,76,7.6
2024-12-17 23:45:27,104,10.4
2024-12-17 23:45:28,77,7.7
2024-12-17 23:45:29,106,10.6
2024-12-17 23:45:30,160,16.0
2024-12-17 23:45:31,69,6.9
2024-12-17 23:45:32,132,13.2
2024-12-17 23:45:33,117,11.7
2024-12-17 23:45:34,128,12.8
2024-12-17 23:45:35,118,11.8
2024-12-17 23:45:36,93,9.3
2024-12-17 23:45:37,147,14.7
2024-12-17 23:45:38,82,8.2
2024-12-17 23:45:39,75,7.5
2024-12-17 23:45:40,75,7.5
2024-12-17 23:45:41,128,12.8
2024-12-17 23:45:42,85,8.5
2024-12-17 23:45:43,82,8.2
2024-12-17 23:45:44,107,10.7
2024-12-17 23:45:45,111,11.1
2024-12-17 23:45:46,135,13.5
2024-12-17 23:45:47,53,5.3
2024-12-17 23:45:48,52,5.2
2024-12-17 23:45:49,158,15.8
2024-12-17 23:45:50,122,12.2
2024-12-17 23:45:51,68,6.8
2024-12-17 23:45:52,55,5.5
2024-12-17 23:45:53,65,6.5
2024-12-17 23:45:54,51,5.1
2024-12-17 23:45:55,58,5.8
2024-12-17 23:45:56,54,5.4
2024-12-17 23:45:57,51,5.1
2024-12-17 23:45:58,130,13.0
2024-12-17 23:45:59,147,14.7
2024-12-17 23:46:00,84,8.4
2024-12-17 23:46:01,79,7.9
2024-12-17 23:46:02,66,6.6
2024-12-17 23:46:03,60,6.0
2024-12-17 23:46:04,57,5.7
2024-12-17 23:46:05,111,11.1
2024-12-17 23:46:06,145,14.5
2024-12-17 23:46:07,159,15.9
2024-12-17 23:46:08,125,12.5
2024-12-17 23:46:09,90,9.0
2024-12-17 23:46:10,86,8.6
2024-12-17 23:46:11,87,8.7
2024-12-17 23:46:12,116,11.6
2024-12-17 23:46:13,123,12.3
2024-12-17 23:46:14,78,7.8
2024-12-17 23:46:15,96,9.6
2024-12-17 23:46:16,115,11.5
2024-12-17 23:46:17,147,14.7
2024-12-17 23:46:18,157,15.7
2024-12-17 23:46:19,73,7.3
2024-12-17 23:46:20,65,6.5
2024-12-17 23:46:21,78,7.8
2024-12-17 23:46:22,128,12.8
2024-12-17 23:46:23,120,12.0
2024-12-17 23:46:24,152,15.2
2024-12-17 23:46:25,70,7.0
2024-12-17 23:46:26,79,7.9
2024-12-17 23:46:27,135,13.5
2024-12-17 23:46:28,90,9.0
2024-12-17 23:46:29,146,14.6
2024-12-17 23:46:30,119,11.9
2024-12-17 23:46:31,135,13.5
2024-12-17 23:46:32,63,6.3
2024-12-17 23:46:33,94,9.4
2024-12-17 23:46:34,124,12.4
2024-12-17 23:46:35,86,8.6
2024-12-17 23:46:36,90,9.0
2024-12-17 23:46:37,73,7.3
2024-12-17 23:46:38,55,5.5
2024-12-17 23:46:39,87,8.7
2024-12-17 23:46:40,114,11.4
2024-12-17 23:46:41,131,13.1
2024-12-17 23:46:42,151,15.1
2024-12-17 23:46:43,159,15.9
2024-12-17 23:46:44,106,10.6
2024-12-17 23:46:45,148,14.8
2024-12-17 23:46:46,155,15.5
2024-12-17 23:46:47,112,11.2
2024-12-17 23:46:48,127,12.7
2024-12-17 23:46:49,98,9.8
2024-12-17 23:46:50,59,5.9
2024-12-17 23:46:51,82,8.2
2024-12-17 23:46:52,126,12.6
2024-12-17 23:46:53,139,13.9
2024-12-17 23:46:54,152,15.2
2024-12-17 23:46:55,50,5.0
2024-12-17 23:46:56,61,6.1
2024-12-17 23:46:57,128,12.8
2024-12-17 23:46:58,95,9.5
2024-12-17 23:46:59,90,9.0
2024-12-17 23:47:00,131,13.1
2024-12-17 23:47:01,64,6.4
2024-12-17 23:47:02,118,11.8
2024-12-17 23:47:03,121,12.1
2024-12-17 23:47:04,53,5.3
2024-12-17 23:47:05,111,11.1
2024-12-17 23:47:06,122,12.2
2024-12-17 23:47:07,96,9.6
2024-12-17 23:47:08,125,12.5
2024-12-17 23:47:09,64,6.4
2024-12-17 23:47:10,113,11.3
2024-12-17 23:47:11,123,12.3
2024-12-17 23:47:12,102,10.2
2024-12-17 23:47:13,110,11.0
2024-12-17 23:47:14,112,11.2
2024-12-17 23:47:15,64,6.4
2024-12-17 23:47:16,160,16.0
2024-12-17 23:47:17,55,5.5
2024-12-17 23:47:18,146,14.6
2024-12-17 23:47:19,145,14.5
2024-12-17 23:47:20,67,6.7
2024-12-17 23:47:21,128,12.8
2024-12-17 23:47:22,53,5.3
2024-12-17 23:47:23,95,9.5
2024-12-17 23:47:24,136,13.6
2024-12-17 23:47:25,135,13.5
2024-12-17 23:47:26,123,12.3
2024-12-17 23:47:27,132,13.2
2024-12-17 23:47:28,124,12.4
2024-12-17 23:47:29,106,10.6
2024-12-17 23:47:30,115,11.5
2024-12-17 23:47:31,100,10.0
2024-12-17 23:47:32,120,12.0
2024-12-17 23:47:33,155,15.5
2024-12-17 23:47:34,115,11.5
2024-12-17 23:47:35,141,14.1
2024-12-17 23:47:36,125,12.5
2024-12-17 23:47:37,58,5.8
2024-12-17 23:47:38,78,7.8
2024-12-17 23:47:39,63,6.3
2024-12-17 23:47:40,103,10.3
2024-12-17 23:47:41,153,15.3
2024-12-17 23:47:42,80,8.0
2024-12-17 23:47:43,144,14.4
2024-12-17 23:47:44,158,15.8
2024-12-17 23:47:45,126,12.6
2024-12-17 23:47:46,159,15.9
2024-12-17 23:47:47,132,13.2
2024-12-17 23:47:48,90,9.0
2024-12-17 23:47:49,94,9.4
2024-12-17 23:47:50,122,12.2
2024-12-17 23:47:51,71,7.1
2024-12-17 23:47:52,141,14.1
2024-12-17 23:47:53,75,7.5
2024-12-17 23:47:54,70,7.0
2024-12-17 23:47:55,109,10.9
2024-12-17 23:47:56,99,9.9
2024-12-17 23:47:57,98,9.8
2024-12-17 23:47:58,83,8.3
2024-12-17 23:47:59,50,5.0
2024-12-17 23:48:00,106,10.6
2024-12-17 23:48:01,81,8.1
2024-12-17 23:48:02,66,6.6
2024-12-17 23:48:03,80,8.0
2024-12-17 23:48:04,97,9.7
2024-12-17 23:48:05,114,11.4
2024-12-17 23:48:06,77,7.7
2024-12-17 23:48:07,118,11.8
2024-12-17 23:48:08,71,7.1
2024-12-17 23:48:09,135,13.5
2024-12-17 23:48:10,100,10.0
2024-12-17 23:48:11,77,7.7
2024-12-17 23:48:12,101,10.1
2024-12-17 23:48:13,127,12.7
2024-12-17 23:48:14,64,6.4
2024-12-17 23:48:15,152,15.2
2024-12-17 23:48:16,141,14.1
2024-12-17 23:48:17,67,6.7
2024-12-17 23:48:18,133,13.3
2024-12-17 23:48:19,118,11.8
2024-12-17 23:48:20,153,15.3
2024-12-17 23:48:21,59,5.9
2024-12-17 23:48:22,103,10.3
2024-12-17 23:48:23,58,5.8
2024-12-17 23:48:24,129,12.9
2024-12-17 23:48:25,94,9.4
2024-12-17 23:48:26,129,12.9
2024-12-17 23:48:27,82,8.2
2024-12-17 23:48:28,100,10.0
2024-12-17 23:48:29,134,13.4
2024-12-17 23:48:30,88,8.8
2024-12-17 23:48:31,124,12.4
2024-12-17 23:48:32,119,11.9
2024-12-17 23:48:33,99,9.9
2024-12-17 23:48:34,83,8.3
2024-12-17 23:48:35,152,15.2
2024-12-17 23:48:36,53,5.3
2024-12-17 23:48:37,65,6.5
2024-12-17 23:48:38,133,13.3
2024-12-17 23:48:39,82,8.2
2024-12-17 23:48:40,98,9.8
2024-12-17 23:48:41,62,6.2
2024-12-17 23:48:42,60,6.0
2024-12-17 23:48:43,128,12.8
2024-12-17 23:48:44,150,15.0
2024-12-17 23:48:45,137,13.7
2024-12-17 23:48:46,100,10.0
2024-12-17 23:48:47,88,8.8
2024-12-17 23:48:48,130,13.0
2024-12-17 23:48:49,113,11.3
2024-12-17 23:48:50,95,9.5
2024-12-17 23:48:51,144,14.4
2024-12-17 23:48:52,104,10.4
2024-12-17 23:48:53,79,7.9
2024-12-17 23:48:54,117,11.7
2024-12-17 23:48:55,98,9.8
2024-12-17 23:48:56,157,15.7
2024-12-17 23:48:57,59,5.9
2024-12-17 23:48:58,79,7.9
2024-12-17 23:48:59,150,15.0
2024-12-17 23:49:00,150,15.0
2024-12-17 23:49:01,136,13.6
2024-12-17 23:49:02,60,6.0
2024-12-17 23:49:03,155,15.5
2024-12-17 23:49:04,139,13.9
2024-12-17 23:49:05,75,7.5
2024-12-17 23:49:06,103,10.3
2024-12-17 23:49:07,89,8.9
2024-12-17 23:49:08,159,15.9
2024-12-17 23:49:09,77,7.7
2024-12-17 23:49:10,122,12.2
2024-12-17 23:49:11,55,5.5
2024-12-17 23:49:12,59,5.9
2024-12-17 23:49:13,95,9.5
2024-12-17 23:49:14,127,12.7
2024-12-17 23:49:15,83,8.3
2024-12-17 23:49:16,149,14.9
2024-12-17 23:49:17,107,10.7
2024-12-17 23:49:18,113,11.3
2024-12-17 23:49:19,116,11.6
2024-12-17 23:49:20,55,5.5
2024-12-17 23:49:21,96,9.6
2024-12-17 23:49:22,106,10.6
2024-12-17 23:49:23,125,12.5
2024-12-17 23:49:24,118,11.8
2024-12-17 23:49:25,135,13.5
2024-12-17 23:49:26,131,13.1
2024-12-17 23:49:27,58,5.8
2024-12-17 23:49:28,86,8.6
2024-12-17 23:49:29,110,11.0
2024-12-17 23:49:30,67,6.7
2024-12-17 23:49:31,97,9.7
2024-12-17 23:49:32,80,8.0
2024-12-17 23:49:33,56,5.6
2024-12-17 23:49:34,91,9.1
2024-12-17 23:49:35,83,8.3
2024-12-17 23:49:36,93,9.3
2024-12-17 23:49:37,120,12.0
2024-12-17 23:49:38,78,7.8
2024-12-17 23:49:39,128,12.8
2024-12-17 23:49:40,77,7.7
2024-12-17 23:49:41,68,6.8
2024-12-17 23:49:42,84,8.4
2024-12-17 23:49:43,78,7.8
2024-12-17 23:49:44,79,7.9
2024-12-17 23:49:45,73,7.3
2024-12-17 23:49:46,77,7.7
2024-12-17 23:49:47,138,13.8
2024-12-17 23:49:48,69,6.9
2024-12-17 23:49:49,113,11.3
2024-12-17 23:49:50,84,8.4
2024-12-17 23:49:51,144,14.4
2024-12-17 23:49:52,69,6.9
2024-12-17 23:49:53,146,14.6
2024-12-17 23:49:54,53,5.3
2024-12-17 23:49:55,59,5.9
2024-12-17 23:49:56,133,13.3
2024-12-17 23:49:57,147,14.7
2024-12-17 23:49:58,156,15.6
2024-12-17 23:49:59,112,11.2
2024-12-17 23:50:00,111,11.1
2024-12-17 23:50:01,73,7.3
2024-12-17 23:50:02,147,14.7
2024-12-17 23:50:03,74,7.4
2024-12-17 23:50:04,84,8.4
2024-12-17 23:50:05,62,6.2
2024-12-17 23:50:06,137,13.7
2024-12-17 23:50:07,124,12.4
2024-12-17 23:50:08,79,7.9
2024-12-17 23:50:09,105,10.5
2024-12-17 23:50:10,153,15.3
2024-12-17 23:50:11,83,8.3
2024-12-17 23:50:12,50,5.0
2024-12-17 23:50:13,129,12.9
2024-12-17 23:50:14,130,13.0
2024-12-17 23:50:15,119,11.9
2024-12-17 23:50:16,101,10.1
2024-12-17 23:50:17,127,12.7
2024-12-17 23:50:18,108,10.8
2024-12-17 23:50:19,65,6.5
2024-12-17 23:50:20,143,14.3
2024-12-17 23:50:21,68,6.8
2024-12-17 23:50:22,51,5.1
2024-12-17 23:50:23,64,6.4
2024-12-17 23:50:24,156,15.6
2024-12-17 23:50:25,61,6.1
2024-12-17 23:50:26,61,6.1
2024-12-17 23:50:27,111,11.1
2024-12-17 23:50:28,75,7.5
2024-12-17 23:50:29,60,6.0
2024-12-17 23:50:30,122,12.2
2024-12-17 23:50:31,102,10.2
2024-12-17 23:50:32,68,6.8
2024-12-17 23:50:33,155,15.5
2024-12-17 23:50:34,98,9.8
2024-12-17 23:50:35,134,13.4
2024-12-17 23:50:36,147,14.7
2024-12-17 23:50:37,95,9.5
2024-12-17 23:50:38,158,15.8
2024-12-17 23:50:39,132,13.2
2024-12-17 23:50:40,52,5.2
2024-12-17 23:50:41,58,5.8
2024-12-17 23:50:42,60,6.0
2024-12-17 23:50:43,136,13.6
2024-12-17 23:50:44,52,5.2
2024-12-17 23:50:45,138,13.8
2024-12-17 23:50:46,146,14.6
2024-12-17 23:50:47,74,7.4
2024-12-17 23:50:48,75,7.5
2024-12-17 23:50:49,96,9.6
2024-12-17 23:50:50,124,12.4
2024-12-17 23:50:51,144,14.4
2024-12-17 23:50:52,69,6.9
2024-12-17 23:50:53,73,7.3
2024-12-17 23:50:54,122,12.2
2024-12-17 23:50:55,123,12.3
2024-12-17 23:50:56,75,7.5
2024-12-17 23:50:57,75,7.5
2024-12-17 23:50:58,104,10.4
2024-12-17 23:50:59,95,9.5
2024-12-17 23:51:00,100,10.0
2024-12-17 23:51:01,117,11.7
2024-12-17 23:51:02,142,14.2
2024-12-17 23:51:03,65,6.5
2024-12-17 23:51:04,135,13.5
2024-12-17 23:51:05,110,11.0
2024-12-17 23:51:06,129,12.9
2024-12-17 23:51:07,156,15.6
2024-12-17 23:51:08,100,10.0
2024-12-17 23:51:09,149,14.9
2024-12-17 23:51:10,97,9.7
2024-12-17 23:51:11,115,11.5
2024-12-17 23:51:12,70,7.0
2024-12-17 23:51:13,76,7.6
2024-12-17 23:51:14,119,11.9
2024-12-17 23:51:15,127,12.7
2024-12-17 23:51:16,102,10.2
2024-12-17 23:51:17,138,13.8
2024-12-17 23:51:18,138,13.8
2024-12-17 23:51:19,126,12.6
2024-12-17 23:51:20,67,6.7
2024-12-17 23:51:21,138,13.8
2024-12-17 23:51:22,97,9.7
2024-12-17 23:51:23,65,6.5
2024-12-17 23:51:24,76,7.6
2024-12-17 23:51:25,121,12.1
2024-12-17 23:51:26,104,10.4
2024-12-17 23:51:27,74,7.4
2024-12-17 23:51:28,93,9.3
2024-12-17 23:51:29,69,6.9
2024-12-17 23:51:30,69,6.9
2024-12-17 23:51:31,84,8.4
2024-12-17 23:51:32,159,15.9
2024-12-17 23:51:33,102,10.2
2024-12-17 23:51:34,59,5.9
2024-12-17 23:51:35,148,14.8
2024-12-17 23:51:36,160,16.0
2024-12-17 23:51:37,134,13.4
2024-12-17 23:51:38,152,15.2
2024-12-17 23:51:39,88,8.8
2024-12-17 23:51:40,94,9.4
2024-12-17 23:51:41,73,7.3
2024-12-17 23:51:42,89,8.9
2024-12-17 23:51:43,50,5.0
2024-12-17 23:51:44,153,15.3
2024-12-17 23:51:45,98,9.8
2024-12-17 23:51:46,143,14.3
2024-12-17 23:51:47,102,10.2
2024-12-17 23:51:48,138,13.8
2024-12-17 23:51:49,145,14.5
2024-12-17 23:51:50,58,5.8
2024-12-17 23:51:51,59,5.9
2024-12-17 23:51:52,89,8.9
2024-12-17 23:51:53,126,12.6
2024-12-17 23:51:54,132,13.2
2024-12-17 23:51:55,80,8.0
2024-12-17 23:51:56,131,13.1
2024-12-17 23:51:57,91,9.1
2024-12-17 23:51:58,84,8.4
2024-12-17 23:51:59,84,8.4
2024-12-17 23:52:00,63,6.3
2024-12-17 23:52:01,150,15.0
2024-12-17 23:52:02,74,7.4
2024-12-17 23:52:03,95,9.5
2024-12-17 23:52:04,160,16.0
2024-12-17 23:52:05,110,11.0
2024-12-17 23:52:06,93,9.3
2024-12-17 23:52:07,80,8.0
2024-12-17 23:52:08,105,10.5
2024-12-17 23:52:09,95,9.5
2024-12-17 23:52:10,87,8.7
2024-12-17 23:52:11,132,13.2
2024-12-17 23:52:12,159,15.9
2024-12-17 23:52:13,106,10.6
2024-12-17 23:52:14,147,14.7
2024-12-17 23:52:15,137,13.7
2024-12-17 23:52:16,71,7.1
2024-12-17 23:52:17,53,5.3
2024-12-17 23:52:18,96,9.6
2024-12-17 23:52:19,107,10.7
2024-12-17 23:52:20,111,11.1
2024-12-17 23:52:21,74,7.4
2024-12-17 23:52:22,64,6.4
2024-12-17 23:52:23,91,9.1
2024-12-17 23:52:24,50,5.0
2024-12-17 23:52:25,67,6.7
2024-12-17 23:52:26,53,5.3
2024-12-17 23:52:27,110,11.0
2024-12-17 23:52:28,114,11.4
2024-12-17 23:52:29,98,9.8
2024-12-17 23:52:30,90,9.0
2024-12-17 23:52:31,126,12.6
2024-12-17 23:52:32,113,11.3
2024-12-17 23:52:33,160,16.0
2024-12-17 23:52:34,142,14.2
2024-12-17 23:52:35,59,5.9
2024-12-17 23:52:36,125,12.5
2024-12-17 23:52:37,50,5.0
2024-12-17 23:52:38,146,14.6
2024-12-17 23:52:39,132,13.2
2024-12-17 23:52:40,125,12.5
2024-12-17 23:52:41,76,7.6
2024-12-17 23:52:42,143,14.3
2024-12-17 23:52:43,64,6.4
2024-12-17 23:52:44,50,5.0
2024-12-17 23:52:45,141,14.1
2024-12-17 23:52:46,75,7.5
2024-12-17 23:52:47,140,14.0
2024-12-17 23:52:48,151,15.1
2024-12-17 23:52:49,50,5.0
2024-12-17 23:52:50,120,12.0
2024-12-17 23:52:51,76,7.6
2024-12-17 23:52:52,123,12.3
2024-12-17 23:52:53,94,9.4
2024-12-17 23:52:54,112,11.2
2024-12-17 23:52:55,118,11.8
2024-12-17 23:52:56,140,14.0
2024-12-17 23:52:57,127,12.7
2024-12-17 23:52:58,106,10.6
2024-12-17 23:52:59,71,7.1
2024-12-17 23:53:00,70,7.0
2024-12-17 23:53:01,104,10.4
2024-12-17 23:53:02,159,15.9
2024-12-17 23:53:03,140,14.0
2024-12-17 23:53:04,157,15.7
2024-12-17 23:53:05,100,10.0
2024-12-17 23:53:06,74,7.4
2024-12-17 23:53:07,99,9.9
2024-12-17 23:53:08,156,15.6
2024-12-17 23:53:09,107,10.7
2024-12-17 23:53:10,66,6.6
2024-12-17 23:53:11,153,15.3
2024-12-17 23:53:12,134,13.4
2024-12-17 23:53:13,100,10.0
2024-12-17 23:53:14,73,7.3
2024-12-17 23:53:15,103,10.3
2024-12-17 23:53:16,82,8.2
2024-12-17 23:53:17,101,10.1
2024-12-17 23:53:18,55,5.5
2024-12-17 23:53:19,65,6.5
2024-12-17 23:53:20,113,11.3
2024-12-17 23:53:21,101,10.1
2024-12-17 23:53:22,81,8.1
2024-12-17 23:53:23,63,6.3
2024-12-17 23:53:24,106,10.6
2024-12-17 23:53:25,157,15.7
2024-12-17 23:53:26,81,8.1
2024-12-17 23:53:27,134,13.4
2024-12-17 23:53:28,125,12.5
2024-12-17 23:53:29,81,8.1
2024-12-17 23:53:30,92,9.2
2024-12-17 23:53:31,63,6.3
2024-12-17 23:53:32,151,15.1
2024-12-17 23:53:33,103,10.3
2024-12-17 23:53:34,62,6.2
2024-12-17 23:53:35,70,7.0
2024-12-17 23:53:36,104,10.4
2024-12-17 23:53:37,50,5.0
2024-12-17 23:53:38,61,6.1
2024-12-17 23:53:39,123,12.3
2024-12-17 23:53:40,76,7.6
2024-12-17 23:53:41,80,8.0
2024-12-17 23:53:42,151,15.1
2024-12-17 23:53:43,62,6.2
2024-12-17 23:53:44,62,6.2
2024-12-17 23:53:45,90,9.0
2024-12-17 23:53:46,112,11.2
2024-12-17 23:53:47,118,11.8
2024-12-17 23:53:48,102,10.2
2024-12-17 23:53:49,122,12.2
2024-12-17 23:53:50,59,5.9
2024-12-17 23:53:51,152,15.2
2024-12-17 23:53:52,119,11.9
2024-12-17 23:53:53,103,10.3
2024-12-17 23:53:54,75,7.5
2024-12-17 23:53:55,66,6.6
2024-12-17 23:53:56,68,6.8
2024-12-17 23:53:57,152,15.2
2024-12-17 23:53:58,155,15.5
2024-12-17 23:53:59,95,9.5
2024-12-17 23:54:00,133,13.3
2024-12-17 23:54:01,102,10.2
2024-12-17 23:54:02,159,15.9
2024-12-17 23:54:03,52,5.2
2024-12-17 23:54:04,125,12.5
2024-12-17 23:54:05,120,12.0
2024-12-17 23:54:06,82,8.2
2024-12-17 23:54:07,144,14.4
2024-12-17 23:54:08,137,13.7
2024-12-17 23:54:09,144,14.4
2024-12-17 23:54:10,138,13.8
2024-12-17 23:54:11,111,11.1
2024-12-17 23:54:12,52,5.2
2024-12-17 23:54:13,63,6.3
2024-12-17 23:54:14,158,15.8
2024-12-17 23:54:15,52,5.2
2024-12-17 23:54:16,60,6.0
2024-12-17 23:54:17,149,14.9
2024-12-17 23:54:18,61,6.1
2024-12-17 23:54:19,66,6.6
2024-12-17 23:54:20,150,15.0
2024-12-17 23:54:21,87,8.7
2024-12-17 23:54:22,88,8.8
2024-12-17 23:54:23,157,15.7
2024-12-17 23:54:24,116,11.6
2024-12-17 23:54:25,76,7.6
2024-12-17 23:54:26,155,15.5
2024-12-17 23:54:27,121,12.1
2024-12-17 23:54:28,149,14.9
2024-12-17 23:54:29,56,5.6
2024-12-17 23:54:30,62,6.2
2024-12-17 23:54:31,135,13.5
2024-12-17 23:54:32,157,15.7
2024-12-17 23:54:33,52,5.2
2024-12-17 23:54:34,95,9.5
2024-12-17 23:54:35,158,15.8
2024-12-17 23:54:36,57,5.7
2024-12-17 23:54:37,148,14.8
2024-12-17 23:54:38,89,8.9
2024-12-17 23:54:39,93,9.3
2024-12-17 23:54:40,117,11.7
2024-12-17 23:54:41,68,6.8
2024-12-17 23:54:42,114,11.4
2024-12-17 23:54:43,109,10.9
2024-12-17 23:54:44,140,14.0
2024-12-17 23:54:45,154,15.4
2024-12-17 23:54:46,59,5.9
2024-12-17 23:54:47,73,7.3
2024-12-17 23:54:48,66,6.6
2024-12-17 23:54:49,91,9.1
2024-12-17 23:54:50,59,5.9
2024-12-17 23:54:51,151,15.1
2024-12-17 23:54:52,59,5.9
2024-12-17 23:54:53,112,11.2
2024-12-17 23:54:54,153,15.3
2024-12-17 23:54:55,83,8.3
2024-12-17 23:54:56,118,11.8
2024-12-17 23:54:57,120,12.0
2024-12-17 23:54:58,71,7.1
2024-12-17 23:54:59,130,13.0
2024-12-17 23:55:00,135,13.5
2024-12-17 23:55:01,141,14.1
2024-12-17 23:55:02,135,13.5
2024-12-17 23:55:03,102,10.2
2024-12-17 23:55:04,155,15.5
2024-12-17 23:55:05,94,9.4
2024-12-17 23:55:06,72,7.2
2024-12-17 23:55:07,144,14.4
2024-12-17 23:55:08,105,10.5
2024-12-17 23:55:09,116,11.6
2024-12-17 23:55:10,121,12.1
2024-12-17 23:55:11,101,10.1
2024-12-17 23:55:12,100,10.0
2024-12-17 23:55:13,106,10.6
2024-12-17 23:55:14,77,7.7
2024-12-17 23:55:15,60,6.0
2024-12-17 23:55:16,54,5.4
2024-12-17 23:55:17,98,9.8
2024-12-17 23:55:18,80,8.0
2024-12-17 23:55:19,81,8.1
2024-12-17 23:55:20,156,15.6
2024-12-17 23:55:21,156,15.6
2024-12-17 23:55:22,52,5.2
2024-12-17 23:55:23,146,14.6
2024-12-17 23:55:24,51,5.1
2024-12-17 23:55:25,105,10.5
2024-12-17 23:55:26,131,13.1
2024-12-17 23:55:27,128,12.8
2024-12-17 23:55:28,90,9.0
2024-12-17 23:55:29,125,12.5
2024-12-17 23:55:30,141,14.1
2024-12-17 23:55:31,50,5.0
2024-12-17 23:55:32,123,12.3
2024-12-17 23:55:33,78,7.8
2024-12-17 23:55:34,88,8.8
2024-12-17 23:55:35,120,12.0
2024-12-17 23:55:36,150,15.0
2024-12-17 23:55:37,70,7.0
2024-12-17 23:55:38,54,5.4
2024-12-17 23:55:39,62,6.2
2024-12-17 23:55:40,145,14.5
2024-12-17 23:55:41,58,5.8
2024-12-17 23:55:42,91,9.1
2024-12-17 23:55:43,69,6.9
2024-12-17 23:55:44,95,9.5
2024-12-17 23:55:45,54,5.4
2024-12-17 23:55:46,121,12.1
2024-12-17 23:55:47,116,11.6
2024-12-17 23:55:48,109,10.9
2024-12-17 23:55:49,70,7.0
2024-12-17 23:55:50,61,6.1
2024-12-17 23:55:51,132,13.2
2024-12-17 23:55:52,76,7.6
2024-12-17 23:55:53,158,15.8
2024-12-17 23:55:54,51,5.1
2024-12-17 23:55:55,127,12.7
2024-12-17 23:55:56,131,13.1
2024-12-17 23:55:57,96,9.6
2024-12-17 23:55:58,105,10.5
2024-12-17 23:55:59,52,5.2
2024-12-17 23:56:00,107,10.7
2024-12-17 23:56:01,130,13.0
2024-12-17 23:56:02,72,7.2
2024-12-17 23:56:03,103,10.3
2024-12-17 23:56:04,85,8.5
2024-12-17 23:56:05,65,6.5
2024-12-17 23:56:06,139,13.9
2024-12-17 23:56:07,52,5.2
2024-12-17 23:56:08,102,10.2
2024-12-17 23:56:09,110,11.0
2024-12-17 23:56:10,76,7.6
2024-12-17 23:56:11,55,5.5
2024-12-17 23:56:12,150,15.0
2024-12-17 23:56:13,113,11.3
2024-12-17 23:56:14,128,12.8
2024-12-17 23:56:15,123,12.3
2024-12-17 23:56:16,57,5.7
2024-12-17 23:56:17,82,8.2
2024-12-17 23:56:18,103,10.3
2024-12-17 23:56:19,71,7.1
2024-12-17 23:56:20,74,7.4
2024-12-17 23:56:21,127,12.7
2024-12-17 23:56:22,145,14.5
2024-12-17 23:56:23,144,14.4
2024-12-17 23:56:24,143,14.3
2024-12-17 23:56:25,65,6.5
2024-12-17 23:56:26,113,11.3
2024-12-17 23:56:27,132,13.2
2024-12-17 23:56:28,53,5.3
2024-12-17 23:56:29,53,5.3
2024-12-17 23:56:30,121,12.1
2024-12-17 23:56:31,119,11.9
2024-12-17 23:56:32,56,5.6
2024-12-17 23:56:33,104,10.4
2024-12-17 23:56:34,145,14.5
2024-12-17 23:56:35,130,13.0
2024-12-17 23:56:36,148,14.8
2024-12-17 23:56:37,152,15.2
2024-12-17 23:56:38,158,15.8
2024-12-17 23:56:39,151,15.1
2024-12-17 23:56:40,159,15.9
2024-12-17 23:56:41,156,15.6
2024-12-17 23:56:42,95,9.5
2024-12-17 23:56:43,56,5.6
2024-12-17 23:56:44,56,5.6
2024-12-17 23:56:45,127,12.7
2024-12-17 23:56:46,148,14.8
2024-12-17 23:56:47,65,6.5
2024-12-17 23:56:48,152,15.2
2024-12-17 23:56:49,152,15.2
2024-12-17 23:56:50,106,10.6
2024-12-17 23:56:51,104,10.4
2024-12-17 23:56:52,103,10.3
2024-12-17 23:56:53,154,15.4
2024-12-17 23:56:54,60,6.0
2024-12-17 23:56:55,125,12.5
2024-12-17 23:56:56,90,9.0
2024-12-17 23:56:57,83,8.3
2024-12-17 23:56:58,86,8.6
2024-12-17 23:56:59,84,8.4
2024-12-17 23:57:00,71,7.1
2024-12-17 23:57:01,112,11.2
2024-12-17 23:57:02,107,10.7
2024-12-17 23:57:03,56,5.6
2024-12-17 23:57:04,92,9.2
2024-12-17 23:57:05,81,8.1
2024-12-17 23:57:06,74,7.4
2024-12-17 23:57:07,109,10.9
2024-12-17 23:57:08,135,13.5
2024-12-17 23:57:09,155,15.5
2024-12-17 23:57:10,53,5.3
2024-12-17 23:57:11,56,5.6
2024-12-17 23:57:12,94,9.4
2024-12-17 23:57:13,135,13.5
2024-12-17 23:57:14,97,9.7
2024-12-17 23:57:15,141,14.1
2024-12-17 23:57:16,107,10.7
2024-12-17 23:57:17,100,10.0
2024-12-17 23:57:18,87,8.7
2024-12-17 23:57:19,140,14.0
2024-12-17 23:57:20,127,12.7
2024-12-17 23:57:21,107,10.7
2024-12-17 23:57:22,63,6.3
2024-12-17 23:57:23,108,10.8
2024-12-17 23:57:24,149,14.9
2024-12-17 23:57:25,78,7.8
2024-12-17 23:57:26,128,12.8
2024-12-17 23:57:27,127,12.7
2024-12-17 23:57:28,126,12.6
2024-12-17 23:57:29,92,9.2
2024-12-17 23:57:30,83,8.3
2024-12-17 23:57:31,69,6.9
2024-12-17 23:57:32,116,11.6
2024-12-17 23:57:33,152,15.2
2024-12-17 23:57:34,56,5.6
2024-12-17 23:57:35,90,9.0
2024-12-17 23:57:36,135,13.5
2024-12-17 23:57:37,97,9.7
2024-12-17 23:57:38,51,5.1
2024-12-17 23:57:39,61,6.1
2024-12-17 23:57:40,123,12.3
2024-12-17 23:57:41,128,12.8
2024-12-17 23:57:42,122,12.2
2024-12-17 23:57:43,104,10.4
2024-12-17 23:57:44,118,11.8
2024-12-17 23:57:45,64,6.4
2024-12-17 23:57:46,65,6.5
2024-12-17 23:57:47,69,6.9
2024-12-17 23:57:48,115,11.5
2024-12-17 23:57:49,158,15.8
2024-12-17 23:57:50,90,9.0
2024-12-17 23:57:51,108,10.8
2024-12-17 23:57:52,142,14.2
2024-12-17 23:57:53,72,7.2
2024-12-17 23:57:54,61,6.1
2024-12-17 23:57:55,94,9.4
2024-12-17 23:57:56,93,9.3
2024-12-17 23:57:57,150,15.0
2024-12-17 23:57:58,153,15.3
2024-12-17 23:57:59,119,11.9
2024-12-17 23:58:00,59,5.9
2024-12-17 23:58:01,154,15.4
2024-12-17 23:58:02,77,7.7
2024-12-17 23:58:03,54,5.4
2024-12-17 23:58:04,71,7.1
2024-12-17 23:58:05,153,15.3
2024-12-17 23:58:06,129,12.9
2024-12-17 23:58:07,71,7.1
2024-12-17 23:58:08,124,12.4
2024-12-17 23:58:09,110,11.0
2024-12-17 23:58:10,66,6.6
2024-12-17 23:58:11,60,6.0
2024-12-17 23:58:12,79,7.9
2024-12-17 23:58:13,98,9.8
2024-12-17 23:58:14,150,15.0
2024-12-17 23:58:15,105,10.5
2024-12-17 23:58:16,117,11.7
2024-12-17 23:58:17,89,8.9
2024-12-17 23:58:18,133,13.3
2024-12-17 23:58:19,113,11.3
2024-12-17 23:58:20,82,8.2
2024-12-17 23:58:21,93,9.3
2024-12-17 23:58:22,143,14.3
2024-12-17 23:58:23,95,9.5
2024-12-17 23:58:24,114,11.4
2024-12-17 23:58:25,100,10.0
2024-12-17 23:58:26,66,6.6
2024-12-17 23:58:27,60,6.0
2024-12-17 23:58:28,99,9.9
2024-12-17 23:58:29,142,14.2
2024-12-17 23:58:30,150,15.0
2024-12-17 23:58:31,160,16.0
2024-12-17 23:58:32,121,12.1
2024-12-17 23:58:33,86,8.6
2024-12-17 23:58:34,88,8.8
2024-12-17 23:58:35,113,11.3
2024-12-17 23:58:36,101,10.1
2024-12-17 23:58:37,136,13.6
2024-12-17 23:58:38,81,8.1
2024-12-17 23:58:39,93,9.3
2024-12-17 23:58:40,136,13.6
2024-12-17 23:58:41,70,7.0
2024-12-17 23:58:42,78,7.8
2024-12-17 23:58:43,66,6.6
2024-12-17 23:58:44,54,5.4
2024-12-17 23:58:45,58,5.8
2024-12-17 23:58:46,59,5.9
2024-12-17 23:58:47,67,6.7
2024-12-17 23:58:48,88,8.8
2024-12-17 23:58:49,119,11.9
2024-12-17 23:58:50,134,13.4
2024-12-17 23:58:51,71,7.1
2024-12-17 23:58:52,153,15.3
2024-12-17 23:58:53,64,6.4
2024-12-17 23:58:54,88,8.8
2024-12-17 23:58:55,63,6.3
2024-12-17 23:58:56,152,15.2
2024-12-17 23:58:57,89,8.9
2024-12-17 23:58:58,73,7.3
2024-12-17 23:58:59,53,5.3
2024-12-17 23:59:00,107,10.7
2024-12-17 23:59:01,75,7.5
2024-12-17 23:59:02,66,6.6
2024-12-17 23:59:03,124,12.4
2024-12-17 23:59:04,127,12.7
2024-12-17 23:59:05,82,8.2
2024-12-17 23:59:06,112,11.2
2024-12-17 23:59:07,85,8.5
2024-12-17 23:59:08,58,5.8
2024-12-17 23:59:09,137,13.7
2024-12-17 23:59:10,62,6.2
2024-12-17 23:59:11,137,13.7
2024-12-17 23:59:12,151,15.1
2024-12-17 23:59:13,89,8.9
2024-12-17 23:59:14,66,6.6
2024-12-17 23:59:15,118,11.8
2024-12-17 23:59:16,104,10.4
2024-12-17 23:59:17,112,11.2
2024-12-17 23:59:18,130,13.0
2024-12-17 23:59:19,100,10.0
2024-12-17 23:59:20,80,8.0
2024-12-17 23:59:21,144,14.4
2024-12-17 23:59:22,122,12.2
2024-12-17 23:59:23,115,11.5
2024-12-17 23:59:24,67,6.7
2024-12-17 23:59:25,102,10.2
2024-12-17 23:59:26,148,14.8
2024-12-17 23:59:27,106,10.6
2024-12-17 23:59:28,117,11.7
2024-12-17 23:59:29,72,7.2
2024-12-17 23:59:30,69,6.9
2024-12-17 23:59:31,137,13.7
2024-12-17 23:59:32,152,15.2
2024-12-17 23:59:33,80,8.0
2024-12-17 23:59:34,82,8.2
2024-12-17 23:59:35,124,12.4
2024-12-17 23:59:36,94,9.4
2024-12-17 23:59:37,108,10.8
2024-12-17 23:59:38,60,6.0
2024-12-17 23:59:39,67,6.7
2024-12-17 23:59:40,58,5.8
2024-12-17 23:59:41,159,15.9
2024-12-17 23:59:42,120,12.0
2024-12-17 23:59:43,136,13.6
2024-12-17 23:59:44,125,12.5
2024-12-17 23:59:45,99,9.9
2024-12-17 23:59:46,97,9.7
2024-12-17 23:59:47,55,5.5
2024-12-17 23:59:48,89,8.9
2024-12-17 23:59:49,103,10.3
2024-12-17 23:59:50,135,13.5
2024-12-17 23:59:51,85,8.5
2024-12-17 23:59:52,124,12.4
2024-12-17 23:59:53,77,7.7
2024-12-17 23:59:54,100,10.0
2024-12-17 23:59:55,106,10.6
2024-12-17 23:59:56,98,9.8
2024-12-17 23:59:57,101,10.1
2024-12-17 23:59:58,83,8.3
2024-12-17 23:59:59,57,5.7
2024-12-18 00:00:00,79,7.9
2024-12-18 00:00:01,127,12.7
2024-12-18 00:00:02,51,5.1
2024-12-18 00:00:03,82,8.2
2024-12-18 00:00:04,82,8.2
2024-12-18 00:00:05,107,10.7
2024-12-18 00:00:06,153,15.3
2024-12-18 00:00:07,70,7.0
2024-12-18 00:00:08,88,8.8
2024-12-18 00:00:09,50,5.0
2024-12-18 00:00:10,61,6.1
2024-12-18 00:00:11,75,7.5
2024-12-18 00:00:12,65,6.5
2024-12-18 00:00:13,136,13.6
2024-12-18 00:00:14,74,7.4
2024-12-18 00:00:15,75,7.5
2024-12-18 00:00:16,112,11.2
2024-12-18 00:00:17,100,10.0
2024-12-18 00:00:18,116,11.6
2024-12-18 00:00:19,159,15.9
2024-12-18 00:00:20,63,6.3
2024-12-18 00:00:21,97,9.7
2024-12-18 00:00:22,80,8.0
2024-12-18 00:00:23,68,6.8
2024-12-18 00:00:24,96,9.6
2024-12-18 00:00:25,109,10.9
2024-12-18 00:00:26,78,7.8
2024-12-18 00:00:27,55,5.5
2024-12-18 00:00:28,138,13.8
2024-12-18 00:00:29,119,11.9
2024-12-18 00:00:30,57,5.7
2024-12-18 00:00:31,152,15.2
2024-12-18 00:00:32,61,6.1
2024-12-18 00:00:33,79,7.9
2024-12-18 00:00:34,85,8.5
2024-12-18 00:00:35,106,10.6
2024-12-18 00:00:36,94,9.4
2024-12-18 00:00:37,136,13.6
2024-12-18 00:00:38,56,5.6
2024-12-18 00:00:39,125,12.5
2024-12-18 00:00:40,75,7.5
2024-12-18 00:00:41,101,10.1
2024-12-18 00:00:42,78,7.8
2024-12-18 00:00:43,71,7.1
2024-12-18 00:00:44,56,5.6
2024-12-18 00:00:45,88,8.8
2024-12-18 00:00:46,156,15.6
2024-12-18 00:00:47,71,7.1
2024-12-18 00:00:48,91,9.1
2024-12-18 00:00:49,129,12.9
2024-12-18 00:00:50,127,12.7
2024-12-18 00:00:51,115,11.5
2024-12-18 00:00:52,66,6.6
2024-12-18 00:00:53,65,6.5
2024-12-18 00:00:54,108,10.8
2024-12-18 00:00:55,160,16.0
2024-12-18 00:00:56,149,14.9
2024-12-18 00:00:57,68,6.8
2024-12-18 00:00:58,107,10.7
2024-12-18 00:00:59,102,10.2
2024-12-18 00:01:00,151,15.1
2024-12-18 00:01:01,55,5.5
2024-12-18 00:01:02,54,5.4
2024-12-18 00:01:03,127,12.7
2024-12-18 00:01:04,67,6.7
2024-12-18 00:01:05,64,6.4
2024-12-18 00:01:06,98,9.8
2024-12-18 00:01:07,135,13.5
2024-12-18 00:01:08,123,12.3
2024-12-18 00:01:09,53,5.3
2024-12-18 00:01:10,57,5.7
2024-12-18 00:01:11,71,7.1
2024-12-18 00:01:12,146,14.6
2024-12-18 00:01:13,150,15.0
2024-12-18 00:01:14,50,5.0
2024-12-18 00:01:15,94,9.4
2024-12-18 00:01:16,126,12.6
2024-12-18 00:01:17,155,15.5
2024-12-18 00:01:18,104,10.4
2024-12-18 00:01:19,92,9.2
2024-12-18 00:01:20,143,14.3
2024-12-18 00:01:21,62,6.2
2024-12-18 00:01:22,158,15.8
2024-12-18 00:01:23,148,14.8
2024-12-18 00:01:24,56,5.6
2024-12-18 00:01:25,154,15.4
2024-12-18 00:01:26,133,13.3
2024-12-18 00:01:27,77,7.7
2024-12-18 00:01:28,85,8.5
2024-12-18 00:01:29,89,8.9
2024-12-18 00:01:30,100,10.0
2024-12-18 00:01:31,115,11.5
2024-12-18 00:01:32,120,12.0
2024-12-18 00:01:33,58,5.8
2024-12-18 00:01:34,158,15.8
2024-12-18 00:01:35,108,10.8
2024-12-18 00:01:36,135,13.5
2024-12-18 00:01:37,70,7.0
2024-12-18 00:01:38,90,9.0
2024-12-18 00:01:39,109,10.9
2024-12-18 00:01:40,86,8.6
2024-12-18 00:01:41,117,11.7
2024-12-18 00:01:42,93,9.3
2024-12-18 00:01:43,132,13.2
2024-12-18 00:01:44,144,14.4
2024-12-18 00:01:45,158,15.8
2024-12-18 00:01:46,90,9.0
2024-12-18 00:01:47,50,5.0
2024-12-18 00:01:48,133,13.3
2024-12-18 00:01:49,141,14.1
2024-12-18 00:01:50,110,11.0
2024-12-18 00:01:51,133,13.3
2024-12-18 00:01:52,140,14.0
2024-12-18 00:01:53,93,9.3
2024-12-18 00:01:54,140,14.0
2024-12-18 00:01:55,72,7.2
2024-12-18 00:01:56,55,5.5
2024-12-18 00:01:57,99,9.9
2024-12-18 00:01:58,59,5.9
2024-12-18 00:01:59,68,6.8
2024-12-18 00:02:00,160,16.0
2024-12-18 00:02:01,154,15.4
2024-12-18 00:02:02,143,14.3
2024-12-18 00:02:03,80,8.0
2024-12-18 00:02:04,89,8.9
2024-12-18 00:02:05,130,13.0
2024-12-18 00:02:06,146,14.6
2024-12-18 00:02:07,116,11.6
2024-12-18 00:02:08,152,15.2
2024-12-18 00:02:09,51,5.1
2024-12-18 00:02:10,64,6.4
2024-12-18 00:02:11,107,10.7
2024-12-18 00:02:12,109,10.9
2024-12-18 00:02:13,102,10.2
2024-12-18 00:02:14,95,9.5
2024-12-18 00:02:15,115,11.5
2024-12-18 00:02:16,157,15.7
2024-12-18 00:02:17,130,13.0
2024-12-18 00:02:18,160,16.0
2024-12-18 00:02:19,85,8.5
2024-12-18 00:02:20,135,13.5
2024-12-18 00:02:21,74,7.4
2024-12-18 00:02:22,145,14.5
2024-12-18 00:02:23,68,6.8
2024-12-18 00:02:24,96,9.6
2024-12-18 00:02:25,149,14.9
2024-12-18 00:02:26,75,7.5
2024-12-18 00:02:27,111,11.1
2024-12-18 00:02:28,147,14.7
2024-12-18 00:02:29,73,7.3
2024-12-18 00:02:30,134,13.4
2024-12-18 00:02:31,105,10.5
2024-12-18 00:02:32,92,9.2
2024-12-18 00:02:33,59,5.9
2024-12-18 00:02:34,58,5.8
2024-12-18 00:02:35,76,7.6
2024-12-18 00:02:36,100,10.0
2024-12-18 00:02:37,70,7.0
2024-12-18 00:02:38,156,15.6
2024-12-18 00:02:39,95,9.5
2024-12-18 00:02:40,65,6.5
2024-12-18 00:02:41,109,10.9
2024-12-18 00:02:42,141,14.1
2024-12-18 00:02:43,120,12.0
2024-12-18 00:02:44,100,10.0
2024-12-18 00:02:45,51,5.1
2024-12-18 00:02:46,63,6.3
2024-12-18 00:02:47,132,13.2
2024-12-18 00:02:48,111,11.1
2024-12-18 00:02:49,130,13.0
2024-12-18 00:02:50,124,12.4
2024-12-18 00:02:51,55,5.5
2024-12-18 00:02:52,77,7.7
2024-12-18 00:02:53,143,14.3
2024-12-18 00:02:54,57,5.7
2024-12-18 00:02:55,83,8.3
2024-12-18 00:02:56,121,12.1
2024-12-18 00:02:57,138,13.8
2024-12-18 00:02:58,97,9.7
2024-12-18 00:02:59,76,7.6
2024-12-18 00:03:00,57,5.7
2024-12-18 00:03:01,75,7.5
2024-12-18 00:03:02,130,13.0
2024-12-18 00:03:03,130,13.0
2024-12-18 00:03:04,69,6.9
2024-12-18 00:03:05,56,5.6
2024-12-18 00:03:06,59,5.9
2024-12-18 00:03:07,76,7.6
2024-12-18 00:03:08,146,14.6
2024-12-18 00:03:09,72,7.2
2024-12-18 00:03:10,81,8.1
2024-12-18 00:03:11,63,6.3
2024-12-18 00:03:12,81,8.1
2024-12-18 00:03:13,113,11.3
2024-12-18 00:03:14,83,8.3
2024-12-18 00:03:15,119,11.9
2024-12-18 00:03:16,122,12.2
2024-12-18 00:03:17,149,14.9
2024-12-18 00:03:18,115,11.5
2024-12-18 00:03:19,112,11.2
2024-12-18 00:03:20,51,5.1
2024-12-18 00:03:21,58,5.8
2024-12-18 00:03:22,133,13.3
2024-12-18 00:03:23,110,11.0
2024-12-18 00:03:24,135,13.5
2024-12-18 00:03:25,88,8.8
2024-12-18 00:03:26,135,13.5
2024-12-18 00:03:27,138,13.8
2024-12-18 00:03:28,120,12.0
2024-12-18 00:03:29,61,6.1
2024-12-18 00:03:30,82,8.2
2024-12-18 00:03:31,118,11.8
2024-12-18 00:03:32,137,13.7
2024-12-18 00:03:33,138,13.8
2024-12-18 00:03:34,98,9.8
2024-12-18 00:03:35,152,15.2
2024-12-18 00:03:36,87,8.7
2024-12-18 00:03:37,85,8.5
2024-12-18 00:03:38,156,15.6
2024-12-18 00:03:39,100,10.0
2024-12-18 00:03:40,106,10.6
2024-12-18 00:03:41,117,11.7
2024-12-18 00:03:42,65,6.5
2024-12-18 00:03:43,149,14.9
2024-12-18 00:03:44,113,11.3
2024-12-18 00:03:45,132,13.2
2024-12-18 00:03:46,136,13.6
2024-12-18 00:03:47,71,7.1
2024-12-18 00:03:48,54,5.4
2024-12-18 00:03:49,123,12.3
2024-12-18 00:03:50,61,6.1
2024-12-18 00:03:51,98,9.8
2024-12-18 00:03:52,51,5.1
2024-12-18 00:03:53,141,14.1
2024-12-18 00:03:54,94,9.4
2024-12-18 00:03:55,56,5.6
2024-12-18 00:03:56,70,7.0
2024-12-18 00:03:57,127,12.7
2024-12-18 00:03:58,128,12.8
2024-12-18 00:03:59,153,15.3
2024-12-18 00:04:00,84,8.4
2024-12-18 00:04:01,59,5.9
2024-12-18 00:04:02,84,8.4
2024-12-18 00:04:03,150,15.0
2024-12-18 00:04:04,114,11.4
2024-12-18 00:04:05,69,6.9
2024-12-18 00:04:06,84,8.4
2024-12-18 00:04:07,112,11.2
2024-12-18 00:04:08,154,15.4
2024-12-18 00:04:09,102,10.2
2024-12-18 00:04:10,108,10.8
2024-12-18 00:04:11,125,12.5
2024-12-18 00:04:12,144,14.4
2024-12-18 00:04:13,56,5.6
2024-12-18 00:04:14,113,11.3
2024-12-18 00:04:15,73,7.3
2024-12-18 00:04:16,88,8.8
2024-12-18 00:04:17,82,8.2
2024-12-18 00:04:18,75,7.5
2024-12-18 00:04:19,129,12.9
2024-12-18 00:04:20,144,14.4
2024-12-18 00:04:21,51,5.1
2024-12-18 00:04:22,56,5.6
2024-12-18 00:04:23,70,7.0
2024-12-18 00:04:24,59,5.9
2024-12-18 00:04:25,94,9.4
2024-12-18 00:04:26,62,6.2
2024-12-18 00:04:27,116,11.6
2024-12-18 00:04:28,67,6.7
2024-12-18 00:04:29,114,11.4
2024-12-18 00:04:30,71,7.1
2024-12-18 00:04:31,96,9.6
2024-12-18 00:04:32,131,13.1
2024-12-18 00:04:33,117,11.7
2024-12-18 00:04:34,72,7.2
2024-12-18 00:04:35,118,11.8
2024-12-18 00:04:36,70,7.0
2024-12-18 00:04:37,105,10.5
2024-12-18 00:04:38,137,13.7
2024-12-18 00:04:39,86,8.6
2024-12-18 00:04:40,107,10.7
2024-12-18 00:04:41,54,5.4
2024-12-18 00:04:42,103,10.3
2024-12-18 00:04:43,85,8.5
2024-12-18 00:04:44,71,7.1
2024-12-18 00:04:45,57,5.7
2024-12-18 00:04:46,66,6.6
2024-12-18 00:04:47,86,8.6
2024-12-18 00:04:48,60,6.0
2024-12-18 00:04:49,124,12.4
2024-12-18 00:04:50,85,8.5
2024-12-18 00:04:51,100,10.0
2024-12-18 00:04:52,134,13.4
2024-12-18 00:04:53,124,12.4
2024-12-18 00:04:54,50,5.0
2024-12-18 00:04:55,80,8.0
2024-12-18 00:04:56,76,7.6
2024-12-18 00:04:57,154,15.4
2024-12-18 00:04:58,101,10.1
2024-12-18 00:04:59,127,12.7
2024-12-18 00:05:00,148,14.8
2024-12-18 00:05:01,73,7.3
2024-12-18 00:05:02,50,5.0
2024-12-18 00:05:03,78,7.8
2024-12-18 00:05:04,101,10.1
2024-12-18 00:05:05,144,14.4
2024-12-18 00:05:06,82,8.2
2024-12-18 00:05:07,153,15.3
2024-12-18 00:05:08,95,9.5
2024-12-18 00:05:09,73,7.3
2024-12-18 00:05:10,94,9.4
2024-12-18 00:05:11,106,10.6
2024-12-18 00:05:12,56,5.6
2024-12-18 00:05:13,129,12.9
2024-12-18 00:05:14,81,8.1
2024-12-18 00:05:15,155,15.5
2024-12-18 00:05:16,66,6.6
2024-12-18 00:05:17,68,6.8
2024-12-18 00:05:18,88,8.8
2024-12-18 00:05:19,91,9.1
2024-12-18 00:05:20,52,5.2
2024-12-18 00:05:21,150,15.0
2024-12-18 00:05:22,105,10.5
2024-12-18 00:05:23,132,13.2
2024-12-18 00:05:24,65,6.5
2024-12-18 00:05:25,160,16.0
2024-12-18 00:05:26,92,9.2
2024-12-18 00:05:27,77,7.7
2024-12-18 00:05:28,69,6.9
2024-12-18 00:05:29,105,10.5
2024-12-18 00:05:30,134,13.4
2024-12-18 00:05:31,157,15.7
2024-12-18 00:05:32,118,11.8
2024-12-18 00:05:33,122,12.2
2024-12-18 00:05:34,146,14.6
2024-12-18 00:05:35,76,7.6
2024-12-18 00:05:36,125,12.5
2024-12-18 00:05:37,143,14.3
2024-12-18 00:05:38,72,7.2
2024-12-18 00:05:39,158,15.8
2024-12-18 00:05:40,151,15.1
2024-12-18 00:05:41,150,15.0
2024-12-18 00:05:42,78,7.8
2024-12-18 00:05:43,55,5.5
2024-12-18 00:05:44,141,14.1
2024-12-18 00:05:45,135,13.5
2024-12-18 00:05:46,105,10.5
2024-12-18 00:05:47,91,9.1
2024-12-18 00:05:48,121,12.1
2024-12-18 00:05:49,119,11.9
2024-12-18 00:05:50,66,6.6
2024-12-18 00:05:51,150,15.0
2024-12-18 00:05:52,68,6.8
2024-12-18 00:05:53,153,15.3
2024-12-18 00:05:54,159,15.9
2024-12-18 00:05:55,106,10.6
2024-12-18 00:05:56,60,6.0
2024-12-18 00:05:57,86,8.6
2024-12-18 00:05:58,91,9.1
2024-12-18 00:05:59,145,14.5
2024-12-18 00:06:00,67,6.7
2024-12-18 00:06:01,68,6.8
2024-12-18 00:06:02,93,9.3
2024-12-18 00:06:03,134,13.4
2024-12-18 00:06:04,53,5.3
2024-12-18 00:06:05,105,10.5
2024-12-18 00:06:06,71,7.1
2024-12-18 00:06:07,50,5.0
2024-12-18 00:06:08,133,13.3
2024-12-18 00:06:09,103,10.3
2024-12-18 00:06:10,117,11.7
2024-12-18 00:06:11,82,8.2
2024-12-18 00:06:12,98,9.8
2024-12-18 00:06:13,61,6.1
2024-12-18 00:06:14,99,9.9
2024-12-18 00:06:15,73,7.3
2024-12-18 00:06:16,111,11.1
2024-12-18 00:06:17,61,6.1
2024-12-18 00:06:18,74,7.4
2024-12-18 00:06:19,153,15.3
2024-12-18 00:06:20,64,6.4
2024-12-18 00:06:21,121,12.1
2024-12-18 00:06:22,51,5.1
2024-12-18 00:06:23,101,10.1
2024-12-18 00:06:24,84,8.4
2024-12-18 00:06:25,151,15.1
2024-12-18 00:06:26,134,13.4
2024-12-18 00:06:27,108,10.8
2024-12-18 00:06:28,113,11.3
2024-12-18 00:06:29,160,16.0
2024-12-18 00:06:30,125,12.5
2024-12-18 00:06:31,105,10.5
2024-12-18 00:06:32,84,8.4
2024-12-18 00:06:33,138,13.8
2024-12-18 00:06:34,122,12.2
2024-12-18 00:06:35,107,10.7
2024-12-18 00:06:36,66,6.6
2024-12-18 00:06:37,60,6.0
2024-12-18 00:06:38,77,7.7
2024-12-18 00:06:39,79,7.9
2024-12-18 00:06:40,53,5.3
2024-12-18 00:06:41,71,7.1
2024-12-18 00:06:42,59,5.9
2024-12-18 00:06:43,159,15.9
2024-12-18 00:06:44,152,15.2
2024-12-18 00:06:45,130,13.0
2024-12-18 00:06:46,103,10.3
2024-12-18 00:06:47,58,5.8
2024-12-18 00:06:48,64,6.4
2024-12-18 00:06:49,102,10.2
2024-12-18 00:06:50,115,11.5
2024-12-18 00:06:51,103,10.3
2024-12-18 00:06:52,61,6.1
2024-12-18 00:06:53,134,13.4
2024-12-18 00:06:54,116,11.6
2024-12-18 00:06:55,88,8.8
2024-12-18 00:06:56,159,15.9
2024-12-18 00:06:57,121,12.1
2024-12-18 00:06:58,156,15.6
2024-12-18 00:06:59,64,6.4
2024-12-18 00:07:00,133,13.3
2024-12-18 00:07:01,159,15.9
2024-12-18 00:07:02,121,12.1
2024-12-18 00:07:03,71,7.1
2024-12-18 00:07:04,72,7.2
2024-12-18 00:07:05,67,6.7
2024-12-18 00:07:06,149,14.9
2024-12-18 00:07:07,119,11.9
2024-12-18 00:07:08,112,11.2
2024-12-18 00:07:09,82,8.2
2024-12-18 00:07:10,112,11.2
2024-12-18 00:07:11,73,7.3
2024-12-18 00:07:12,55,5.5
2024-12-18 00:07:13,129,12.9
2024-12-18 00:07:14,114,11.4
2024-12-18 00:07:15,50,5.0
2024-12-18 00:07:16,101,10.1
2024-12-18 00:07:17,53,5.3
2024-12-18 00:07:18,155,15.5
2024-12-18 00:07:19,77,7.7
2024-12-18 00:07:20,52,5.2
2024-12-18 00:07:21,69,6.9
2024-12-18 00:07:22,60,6.0
2024-12-18 00:07:23,140,14.0
2024-12-18 00:07:24,86,8.6
2024-12-18 00:07:25,73,7.3
2024-12-18 00:07:26,54,5.4
2024-12-18 00:07:27,92,9.2
2024-12-18 00:07:28,86,8.6
2024-12-18 00:07:29,142,14.2
2024-12-18 00:07:30,129,12.9
2024-12-18 00:07:31,68,6.8
2024-12-18 00:07:32,82,8.2
2024-12-18 00:07:33,102,10.2
2024-12-18 00:07:34,73,7.3
2024-12-18 00:07:35,147,14.7
2024-12-18 00:07:36,159,15.9
2024-12-18 00:07:37,159,15.9
2024-12-18 00:07:38,75,7.5
2024-12-18 00:07:39,71,7.1
2024-12-18 00:07:40,84,8.4
2024-12-18 00:07:41,63,6.3
2024-12-18 00:07:42,114,11.4
2024-12-18 00:07:43,147,14.7
2024-12-18 00:07:44,66,6.6
2024-12-18 00:07:45,113,11.3
2024-12-18 00:07:46,72,7.2
2024-12-18 00:07:47,120,12.0
2024-12-18 00:07:48,66,6.6
2024-12-18 00:07:49,79,7.9
2024-12-18 00:07:50,53,5.3
2024-12-18 00:07:51,113,11.3
2024-12-18 00:07:52,86,8.6
2024-12-18 00:07:53,95,9.5
2024-12-18 00:07:54,73,7.3
2024-12-18 00:07:55,108,10.8
2024-12-18 00:07:56,74,7.4
2024-12-18 00:07:57,116,11.6
2024-12-18 00:07:58,53,5.3
2024-12-18 00:07:59,138,13.8
2024-12-18 00:08:00,98,9.8
2024-12-18 00:08:01,127,12.7
2024-12-18 00:08:02,96,9.6
2024-12-18 00:08:03,124,12.4
2024-12-18 00:08:04,127,12.7
2024-12-18 00:08:05,75,7.5
2024-12-18 00:08:06,56,5.6
2024-12-18 00:08:07,138,13.8
2024-12-18 00:08:08,89,8.9
2024-12-18 00:08:09,99,9.9
2024-12-18 00:08:10,89,8.9
2024-12-18 00:08:11,155,15.5
2024-12-18 00:08:12,74,7.4
2024-12-18 00:08:13,155,15.5
2024-12-18 00:08:14,155,15.5
2024-12-18 00:08:15,158,15.8
2024-12-18 00:08:16,81,8.1
2024-12-18 00:08:17,139,13.9
2024-12-18 00:08:18,133,13.3
2024-12-18 00:08:19,67,6.7
2024-12-18 00:08:20,57,5.7
2024-12-18 00:08:21,129,12.9
2024-12-18 00:08:22,147,14.7
2024-12-18 00:08:23,98,9.8
2024-12-18 00:08:24,114,11.4
2024-12-18 00:08:25,123,12.3
2024-12-18 00:08:26,104,10.4
2024-12-18 00:08:27,115,11.5
2024-12-18 00:08:28,67,6.7
2024-12-18 00:08:29,61,6.1
2024-12-18 00:08:30,91,9.1
2024-12-18 00:08:31,141,14.1
2024-12-18 00:08:32,84,8.4
2024-12-18 00:08:33,137,13.7
2024-12-18 00:08:34,135,13.5
2024-12-18 00:08:35,62,6.2
2024-12-18 00:08:36,108,10.8
2024-12-18 00:08:37,114,11.4
2024-12-18 00:08:38,56,5.6
2024-12-18 00:08:39,99,9.9
2024-12-18 00:08:40,109,10.9
2024-12-18 00:08:41,125,12.5
2024-12-18 00:08:42,72,7.2
2024-12-18 00:08:43,56,5.6
2024-12-18 00:08:44,82,8.2
2024-12-18 00:08:45,77,7.7
2024-12-18 00:08:46,133,13.3
2024-12-18 00:08:47,72,7.2
2024-12-18 00:08:48,56,5.6
2024-12-18 00:08:49,108,10.8
2024-12-18 00:08:50,113,11.3
2024-12-18 00:08:51,146,14.6
2024-12-18 00:08:52,53,5.3
2024-12-18 00:08:53,86,8.6
2024-12-18 00:08:54,86,8.6
2024-12-18 00:08:55,129,12.9
2024-12-18 00:08:56,76,7.6
2024-12-18 00:08:57,58,5.8
2024-12-18 00:08:58,106,10.6
2024-12-18 00:08:59,116,11.6
2024-12-18 00:09:00,120,12.0
2024-12-18 00:09:01,153,15.3
2024-12-18 00:09:02,106,10.6
2024-12-18 00:09:03,82,8.2
2024-12-18 00:09:04,68,6.8
2024-12-18 00:09:05,62,6.2
2024-12-18 00:09:06,121,12.1
2024-12-18 00:09:07,101,10.1
2024-12-18 00:09:08,79,7.9
2024-12-18 00:09:09,87,8.7
2024-12-18 00:09:10,122,12.2
2024-12-18 00:09:11,64,6.4
2024-12-18 00:09:12,68,6.8
2024-12-18 00:09:13,112,11.2
2024-12-18 00:09:14,81,8.1
2024-12-18 00:09:15,104,10.4
2024-12-18 00:09:16,98,9.8
2024-12-18 00:09:17,74,7.4
2024-12-18 00:09:18,150,15.0
2024-12-18 00:09:19,105,10.5
2024-12-18 00:09:20,85,8.5
2024-12-18 00:09:21,106,10.6
2024-12-18 00:09:22,92,9.2
2024-12-18 00:09:23,93,9.3
2024-12-18 00:09:24,90,9.0
2024-12-18 00:09:25,100,10.0
2024-12-18 00:09:26,116,11.6
2024-12-18 00:09:27,139,13.9
2024-12-18 00:09:28,130,13.0
2024-12-18 00:09:29,154,15.4
2024-12-18 00:09:30,109,10.9
2024-12-18 00:09:31,109,10.9
2024-12-18 00:09:32,63,6.3
2024-12-18 00:09:33,54,5.4
2024-12-18 00:09:34,150,15.0
2024-12-18 00:09:35,93,9.3
2024-12-18 00:09:36,104,10.4
2024-12-18 00:09:37,110,11.0
2024-12-18 00:09:38,118,11.8
2024-12-18 00:09:39,123,12.3
2024-12-18 00:09:40,117,11.7
2024-12-18 00:09:41,134,13.4
2024-12-18 00:09:42,72,7.2
2024-12-18 00:09:43,105,10.5
2024-12-18 00:09:44,114,11.4
2024-12-18 00:09:45,111,11.1
2024-12-18 00:09:46,113,11.3
2024-12-18 00:09:47,105,10.5
2024-12-18 00:09:48,71,7.1
2024-12-18 00:09:49,144,14.4
2024-12-18 00:09:50,94,9.4
2024-12-18 00:09:51,72,7.2
2024-12-18 00:09:52,124,12.4
2024-12-18 00:09:53,77,7.7
2024-12-18 00:09:54,134,13.4
2024-12-18 00:09:55,143,14.3
2024-12-18 00:09:56,128,12.8
2024-12-18 00:09:57,111,11.1
2024-12-18 00:09:58,160,16.0
2024-12-18 00:09:59,132,13.2
2024-12-18 00:10:00,112,11.2
2024-12-18 00:10:01,144,14.4
2024-12-18 00:10:02,111,11.1
2024-12-18 00:10:03,73,7.3
2024-12-18 00:10:04,102,10.2
2024-12-18 00:10:05,127,12.7
2024-12-18 00:10:06,75,7.5
2024-12-18 00:10:07,126,12.6
2024-12-18 00:10:08,123,12.3
2024-12-18 00:10:09,103,10.3
2024-12-18 00:10:10,144,14.4
2024-12-18 00:10:11,124,12.4
2024-12-18 00:10:12,157,15.7
2024-12-18 00:10:13,134,13.4
2024-12-18 00:10:14,96,9.6
2024-12-18 00:10:15,92,9.2
2024-12-18 00:10:16,146,14.6
2024-12-18 00:10:17,125,12.5
2024-12-18 00:10:18,126,12.6
2024-12-18 00:10:19,55,5.5
2024-12-18 00:10:20,81,8.1
2024-12-18 00:10:21,136,13.6
2024-12-18 00:10:22,135,13.5
2024-12-18 00:10:23,154,15.4
2024-12-18 00:10:24,125,12.5
2024-12-18 00:10:25,141,14.1
2024-12-18 00:10:26,113,11.3
2024-12-18 00:10:27,93,9.3
2024-12-18 00:10:28,104,10.4
2024-12-18 00:10:29,149,14.9
2024-12-18 00:10:30,125,12.5
2024-12-18 00:10:31,59,5.9
2024-12-18 00:10:32,104,10.4
2024-12-18 00:10:33,104,10.4
2024-12-18 00:10:34,156,15.6
2024-12-18 00:10:35,59,5.9
2024-12-18 00:10:36,139,13.9
2024-12-18 00:10:37,160,16.0
2024-12-18 00:10:38,145,14.5
2024-12-18 00:10:39,139,13.9
2024-12-18 00:10:40,75,7.5
2024-12-18 00:10:41,115,11.5
2024-12-18 00:10:42,140,14.0
2024-12-18 00:10:43,121,12.1
2024-12-18 00:10:44,147,14.7
2024-12-18 00:10:45,110,11.0
2024-12-18 00:10:46,134,13.4
2024-12-18 00:10:47,55,5.5
2024-12-18 00:10:48,132,13.2
2024-12-18 00:10:49,120,12.0
2024-12-18 00:10:50,121,12.1
2024-12-18 00:10:51,127,12.7
2024-12-18 00:10:52,153,15.3
2024-12-18 00:10:53,138,13.8
2024-12-18 00:10:54,80,8.0
2024-12-18 00:10:55,89,8.9
2024-12-18 00:10:56,118,11.8
2024-12-18 00:10:57,117,11.7
2024-12-18 00:10:58,64,6.4
2024-12-18 00:10:59,74,7.4
2024-12-18 00:11:00,64,6.4
2024-12-18 00:11:01,137,13.7
2024-12-18 00:11:02,160,16.0
2024-12-18 00:11:03,96,9.6
2024-12-18 00:11:04,50,5.0
2024-12-18 00:11:05,100,10.0
2024-12-18 00:11:06,98,9.8
2024-12-18 00:11:07,153,15.3
2024-12-18 00:11:08,68,6.8
2024-12-18 00:11:09,60,6.0
2024-12-18 00:11:10,100,10.0
2024-12-18 00:11:11,57,5.7
2024-12-18 00:11:12,70,7.0
2024-12-18 00:11:13,145,14.5
2024-12-18 00:11:14,124,12.4
2024-12-18 00:11:15,136,13.6
2024-12-18 00:11:16,118,11.8
2024-12-18 00:11:17,87,8.7
2024-12-18 00:11:18,146,14.6
2024-12-18 00:11:19,144,14.4
2024-12-18 00:11:20,159,15.9
2024-12-18 00:11:21,156,15.6
2024-12-18 00:11:22,62,6.2
2024-12-18 00:11:23,74,7.4
2024-12-18 00:11:24,68,6.8
2024-12-18 00:11:25,73,7.3
2024-12-18 00:11:26,133,13.3
2024-12-18 00:11:27,87,8.7
2024-12-18 00:11:28,102,10.2
2024-12-18 00:11:29,118,11.8
2024-12-18 00:11:30,150,15.0
2024-12-18 00:11:31,120,12.0
2024-12-18 00:11:32,158,15.8
2024-12-18 00:11:33,138,13.8
2024-12-18 00:11:34,151,15.1
2024-12-18 00:11:35,99,9.9
2024-12-18 00:11:36,108,10.8
2024-12-18 00:11:37,143,14.3
2024-12-18 00:11:38,154,15.4
2024-12-18 00:11:39,64,6.4
2024-12-18 00:11:40,71,7.1
2024-12-18 00:11:41,54,5.4
2024-12-18 00:11:42,123,12.3
2024-12-18 00:11:43,106,10.6
2024-12-18 00:11:44,104,10.4
2024-12-18 00:11:45,50,5.0
2024-12-18 00:11:46,123,12.3
2024-12-18 00:11:47,71,7.1
2024-12-18 00:11:48,137,13.7
2024-12-18 00:11:49,94,9.4
2024-12-18 00:11:50,99,9.9
2024-12-18 00:11:51,50,5.0
2024-12-18 00:11:52,74,7.4
2024-12-18 00:11:53,52,5.2
2024-12-18 00:11:54,110,11.0
2024-12-18 00:11:55,98,9.8
2024-12-18 00:11:56,66,6.6
2024-12-18 00:11:57,86,8.6
2024-12-18 00:11:58,90,9.0
2024-12-18 00:11:59,58,5.8
2024-12-18 00:12:00,99,9.9
2024-12-18 00:12:01,79,7.9
2024-12-18 00:12:02,130,13.0
2024-12-18 00:12:03,108,10.8
2024-12-18 00:12:04,52,5.2
2024-12-18 00:12:05,51,5.1
2024-12-18 00:12:06,83,8.3
2024-12-18 00:12:07,114,11.4
2024-12-18 00:12:08,74,7.4
2024-12-18 00:12:09,65,6.5
2024-12-18 00:12:10,153,15.3
2024-12-18 00:12:11,149,14.9
2024-12-18 00:12:12,125,12.5
2024-12-18 00:12:13,72,7.2
2024-12-18 00:12:14,159,15.9
2024-12-18 00:12:15,83,8.3
2024-12-18 00:12:16,141,14.1
2024-12-18 00:12:17,61,6.1
2024-12-18 00:12:18,83,8.3
2024-12-18 00:12:19,86,8.6
2024-12-18 00:12:20,102,10.2
2024-12-18 00:12:21,76,7.6
2024-12-18 00:12:22,126,12.6
2024-12-18 00:12:23,130,13.0
2024-12-18 00:12:24,137,13.7
2024-12-18 00:12:25,145,14.5
2024-12-18 00:12:26,65,6.5
2024-12-18 00:12:27,127,12.7
2024-12-18 00:12:28,157,15.7
2024-12-18 00:12:29,156,15.6
2024-12-18 00:12:30,97,9.7
2024-12-18 00:12:31,65,6.5
2024-12-18 00:12:32,154,15.4
2024-12-18 00:12:33,70,7.0
2024-12-18 00:12:34,99,9.9
2024-12-18 00:12:35,144,14.4
2024-12-18 00:12:36,66,6.6
2024-12-18 00:12:37,149,14.9
2024-12-18 00:12:38,72,7.2
2024-12-18 00:12:39,114,11.4
2024-12-18 00:12:40,136,13.6
2024-12-18 00:12:41,62,6.2
2024-12-18 00:12:42,59,5.9
2024-12-18 00:12:43,79,7.9
2024-12-18 00:12:44,62,6.2
2024-12-18 00:12:45,51,5.1
2024-12-18 00:12:46,50,5.0
2024-12-18 00:12:47,57,5.7
2024-12-18 00:12:48,101,10.1
2024-12-18 00:12:49,70,7.0
2024-12-18 00:12:50,50,5.0
2024-12-18 00:12:51,90,9.0
2024-12-18 00:12:52,81,8.1
2024-12-18 00:12:53,130,13.0
2024-12-18 00:12:54,68,6.8
2024-12-18 00:12:55,59,5.9
2024-12-18 00:12:56,98,9.8
2024-12-18 00:12:57,100,10.0
2024-12-18 00:12:58,85,8.5
2024-12-18 00:12:59,87,8.7
2024-12-18 00:13:00,71,7.1
2024-12-18 00:13:01,54,5.4
2024-12-18 00:13:02,59,5.9
2024-12-18 00:13:03,115,11.5
2024-12-18 00:13:04,148,14.8
2024-12-18 00:13:05,122,12.2
2024-12-18 00:13:06,84,8.4
2024-12-18 00:13:07,155,15.5
2024-12-18 00:13:08,117,11.7
2024-12-18 00:13:09,152,15.2
2024-12-18 00:13:10,52,5.2
2024-12-18 00:13:11,86,8.6
2024-12-18 00:13:12,51,5.1
2024-12-18 00:13:13,65,6.5
2024-12-18 00:13:14,57,5.7
2024-12-18 00:13:15,123,12.3
2024-12-18 00:13:16,108,10.8
2024-12-18 00:13:17,99,9.9
2024-12-18 00:13:18,98,9.8
2024-12-18 00:13:19,88,8.8
2024-12-18 00:13:20,136,13.6
2024-12-18 00:13:21,90,9.0
2024-12-18 00:13:22,73,7.3
2024-12-18 00:13:23,127,12.7
2024-12-18 00:13:24,120,12.0
2024-12-18 00:13:25,90,9.0
2024-12-18 00:13:26,114,11.4
2024-12-18 00:13:27,113,11.3
2024-12-18 00:13:28,56,5.6
2024-12-18 00:13:29,122,12.2
2024-12-18 00:13:30,61,6.1
2024-12-18 00:13:31,83,8.3
2024-12-18 00:13:32,64,6.4
2024-12-18 00:13:33,126,12.6
2024-12-18 00:13:34,103,10.3
2024-12-18 00:13:35,87,8.7
2024-12-18 00:13:36,109,10.9
2024-12-18 00:13:37,143,14.3
2024-12-18 00:13:38,97,9.7
2024-12-18 00:13:39,147,14.7
2024-12-18 00:13:40,98,9.8
2024-12-18 00:13:41,77,7.7
2024-12-18 00:13:42,123,12.3
2024-12-18 00:13:43,107,10.7
2024-12-18 00:13:44,121,12.1
2024-12-18 00:13:45,60,6.0
2024-12-18 00:13:46,75,7.5
2024-12-18 00:13:47,126,12.6
2024-12-18 00:13:48,121,12.1
2024-12-18 00:13:49,94,9.4
2024-12-18 00:13:50,139,13.9
2024-12-18 00:13:51,63,6.3
2024-12-18 00:13:52,146,14.6
2024-12-18 00:13:53,94,9.4
2024-12-18 00:13:54,151,15.1
2024-12-18 00:13:55,95,9.5
2024-12-18 00:13:56,106,10.6
2024-12-18 00:13:57,82,8.2
2024-12-18 00:13:58,137,13.7
2024-12-18 00:13:59,151,15.1
2024-12-18 00:14:00,83,8.3
2024-12-18 00:14:01,56,5.6
2024-12-18 00:14:02,72,7.2
2024-12-18 00:14:03,130,13.0
2024-12-18 00:14:04,86,8.6
2024-12-18 00:14:05,157,15.7
2024-12-18 00:14:06,79,7.9
2024-12-18 00:14:07,60,6.0
2024-12-18 00:14:08,73,7.3
2024-12-18 00:14:09,50,5.0
2024-12-18 00:14:10,138,13.8
2024-12-18 00:14:11,89,8.9
2024-12-18 00:14:12,99,9.9
2024-12-18 00:14:13,151,15.1
2024-12-18 00:14:14,143,14.3
2024-12-18 00:14:15,123,12.3
2024-12-18 00:14:16,123,12.3
2024-12-18 00:14:17,119,11.9
2024-12-18 00:14:18,98,9.8
2024-12-18 00:14:19,117,11.7
2024-12-18 00:14:20,95,9.5
2024-12-18 00:14:21,68,6.8
2024-12-18 00:14:22,122,12.2
2024-12-18 00:14:23,117,11.7
2024-12-18 00:14:24,111,11.1
2024-12-18 00:14:25,137,13.7
2024-12-18 00:14:26,81,8.1
2024-12-18 00:14:27,83,8.3
2024-12-18 00:14:28,99,9.9
2024-12-18 00:14:29,72,7.2
2024-12-18 00:14:30,87,8.7
2024-12-18 00:14:31,66,6.6
2024-12-18 00:14:32,58,5.8
2024-12-18 00:14:33,53,5.3
2024-12-18 00:14:34,87,8.7
2024-12-18 00:14:35,54,5.4
2024-12-18 00:14:36,57,5.7
2024-12-18 00:14:37,70,7.0
2024-12-18 00:14:38,153,15.3
2024-12-18 00:14:39,107,10.7
2024-12-18 00:14:40,159,15.9
2024-12-18 00:14:41,137,13.7
2024-12-18 00:14:42,96,9.6
2024-12-18 00:14:43,149,14.9
2024-12-18 00:14:44,110,11.0
2024-12-18 00:14:45,69,6.9
2024-12-18 00:14:46,154,15.4
2024-12-18 00:14:47,93,9.3
2024-12-18 00:14:48,65,6.5
2024-12-18 00:14:49,119,11.9
2024-12-18 00:14:50,112,11.2
2024-12-18 00:14:51,84,8.4
2024-12-18 00:14:52,153,15.3
2024-12-18 00:14:53,66,6.6
2024-12-18 00:14:54,53,5.3
2024-12-18 00:14:55,71,7.1
2024-12-18 00:14:56,103,10.3
2024-12-18 00:14:57,100,10.0
2024-12-18 00:14:58,139,13.9
2024-12-18 00:14:59,63,6.3
2024-12-18 00:15:00,122,12.2
2024-12-18 00:15:01,106,10.6
2024-12-18 00:15:02,134,13.4
2024-12-18 00:15:03,50,5.0
2024-12-18 00:15:04,140,14.0
2024-12-18 00:15:05,75,7.5
2024-12-18 00:15:06,73,7.3
2024-12-18 00:15:07,142,14.2
2024-12-18 00:15:08,127,12.7
2024-12-18 00:15:09,79,7.9
2024-12-18 00:15:10,107,10.7
2024-12-18 00:15:11,92,9.2
2024-12-18 00:15:12,97,9.7
2024-12-18 00:15:13,109,10.9
2024-12-18 00:15:14,52,5.2
2024-12-18 00:15:15,131,13.1
2024-12-18 00:15:16,142,14.2
2024-12-18 00:15:17,110,11.0
2024-12-18 00:15:18,119,11.9
2024-12-18 00:15:19,113,11.3
2024-12-18 00:15:20,86,8.6
2024-12-18 00:15:21,159,15.9
2024-12-18 00:15:22,64,6.4
2024-12-18 00:15:23,158,15.8
2024-12-18 00:15:24,65,6.5
2024-12-18 00:15:25,61,6.1
2024-12-18 00:15:26,57,5.7
2024-12-18 00:15:27,117,11.7
2024-12-18 00:15:28,88,8.8
2024-12-18 00:15:29,90,9.0
2024-12-18 00:15:30,50,5.0
2024-12-18 00:15:31,75,7.5
2024-12-18 00:15:32,78,7.8
2024-12-18 00:15:33,133,13.3
2024-12-18 00:15:34,100,10.0
2024-12-18 00:15:35,137,13.7
2024-12-18 00:15:36,123,12.3
2024-12-18 00:15:37,146,14.6
2024-12-18 00:15:38,71,7.1
2024-12-18 00:15:39,75,7.5
2024-12-18 00:15:40,59,5.9
2024-12-18 00:15:41,110,11.0
2024-12-18 00:15:42,97,9.7
2024-12-18 00:15:43,149,14.9
2024-12-18 00:15:44,131,13.1
2024-12-18 00:15:45,104,10.4
2024-12-18 00:15:46,50,5.0
2024-12-18 00:15:47,139,13.9
2024-12-18 00:15:48,117,11.7
2024-12-18 00:15:49,111,11.1
2024-12-18 00:15:50,103,10.3
2024-12-18 00:15:51,127,12.7
2024-12-18 00:15:52,68,6.8
2024-12-18 00:15:53,151,15.1
2024-12-18 00:15:54,119,11.9
2024-12-18 00:15:55,119,11.9
2024-12-18 00:15:56,133,13.3
2024-12-18 00:15:57,92,9.2
2024-12-18 00:15:58,114,11.4
2024-12-18 00:15:59,74,7.4
2024-12-18 00:16:00,91,9.1
2024-12-18 00:16:01,96,9.6
2024-12-18 00:16:02,102,10.2
2024-12-18 00:16:03,160,16.0
2024-12-18 00:16:04,151,15.1
2024-12-18 00:16:05,97,9.7
2024-12-18 00:16:06,75,7.5
2024-12-18 00:16:07,152,15.2
2024-12-18 00:16:08,61,6.1
2024-12-18 00:16:09,107,10.7
2024-12-18 00:16:10,157,15.7
2024-12-18 00:16:11,150,15.0
2024-12-18 00:16:12,125,12.5
2024-12-18 00:16:13,60,6.0
2024-12-18 00:16:14,103,10.3
2024-12-18 00:16:15,123,12.3
2024-12-18 00:16:16,82,8.2
2024-12-18 00:16:17,108,10.8
2024-12-18 00:16:18,108,10.8
2024-12-18 00:16:19,151,15.1
2024-12-18 00:16:20,63,6.3
2024-12-18 00:16:21,100,10.0
2024-12-18 00:16:22,92,9.2
2024-12-18 00:16:23,102,10.2
2024-12-18 00:16:24,133,13.3
2024-12-18 00:16:25,141,14.1
2024-12-18 00:16:26,130,13.0
2024-12-18 00:16:27,110,11.0
2024-12-18 00:16:28,93,9.3
2024-12-18 00:16:29,113,11.3
2024-12-18 00:16:30,80,8.0
2024-12-18 00:16:31,50,5.0
2024-12-18 00:16:32,115,11.5
2024-12-18 00:16:33,66,6.6
2024-12-18 00:16:34,133,13.3
2024-12-18 00:16:35,79,7.9
2024-12-18 00:16:36,95,9.5
2024-12-18 00:16:37,159,15.9
2024-12-18 00:16:38,119,11.9
2024-12-18 00:16:39,129,12.9
2024-12-18 00:16:40,124,12.4
2024-12-18 00:16:41,55,5.5
2024-12-18 00:16:42,139,13.9
2024-12-18 00:16:43,56,5.6
2024-12-18 00:16:44,123,12.3
2024-12-18 00:16:45,106,10.6
2024-12-18 00:16:46,65,6.5
2024-12-18 00:16:47,73,7.3
2024-12-18 00:16:48,126,12.6
2024-12-18 00:16:49,89,8.9
2024-12-18 00:16:50,135,13.5
2024-12-18 00:16:51,130,13.0
2024-12-18 00:16:52,110,11.0
2024-12-18 00:16:53,81,8.1
2024-12-18 00:16:54,113,11.3
2024-12-18 00:16:55,103,10.3
2024-12-18 00:16:56,102,10.2
2024-12-18 00:16:57,88,8.8
2024-12-18 00:16:58,81,8.1
2024-12-18 00:16:59,125,12.5
2024-12-18 00:17:00,85,8.5
2024-12-18 00:17:01,111,11.1
2024-12-18 00:17:02,69,6.9
2024-12-18 00:17:03,131,13.1
2024-12-18 00:17:04,116,11.6
2024-12-18 00:17:05,139,13.9
2024-12-18 00:17:06,122,12.2
2024-12-18 00:17:07,150,15.0
2024-12-18 00:17:08,85,8.5
2024-12-18 00:17:09,153,15.3
2024-12-18 00:17:10,160,16.0
2024-12-18 00:17:11,116,11.6
2024-12-18 00:17:12,81,8.1
2024-12-18 00:17:13,61,6.1
2024-12-18 00:17:14,64,6.4
2024-12-18 00:17:15,158,15.8
2024-12-18 00:17:16,158,15.8
2024-12-18 00:17:17,104,10.4
2024-12-18 00:17:18,113,11.3
2024-12-18 00:17:19,134,13.4
2024-12-18 00:17:20,129,12.9
2024-12-18 00:17:21,139,13.9
2024-12-18 00:17:22,79,7.9
2024-12-18 00:17:23,131,13.1
2024-12-18 00:17:24,75,7.5
2024-12-18 00:17:25,138,13.8
2024-12-18 00:17:26,60,6.0
2024-12-18 00:17:27,67,6.7
2024-12-18 00:17:28,157,15.7
2024-12-18 00:17:29,122,12.2
2024-12-18 00:17:30,144,14.4
2024-12-18 00:17:31,119,11.9
2024-12-18 00:17:32,135,13.5
2024-12-18 00:17:33,92,9.2
2024-12-18 00:17:34,146,14.6
2024-12-18 00:17:35,154,15.4
2024-12-18 00:17:36,137,13.7
2024-12-18 00:17:37,154,15.4
2024-12-18 00:17:38,100,10.0
2024-12-18 00:17:39,150,15.0
2024-12-18 00:17:40,71,7.1
2024-12-18 00:17:41,50,5.0
2024-12-18 00:17:42,111,11.1
2024-12-18 00:17:43,156,15.6
2024-12-18 00:17:44,108,10.8
2024-12-18 00:17:45,97,9.7
2024-12-18 00:17:46,70,7.0
2024-12-18 00:17:47,97,9.7
2024-12-18 00:17:48,132,13.2
2024-12-18 00:17:49,61,6.1
2024-12-18 00:17:50,123,12.3
2024-12-18 00:17:51,54,5.4
2024-12-18 00:17:52,136,13.6
2024-12-18 00:17:53,57,5.7
2024-12-18 00:17:54,106,10.6
2024-12-18 00:17:55,145,14.5
2024-12-18 00:17:56,133,13.3
2024-12-18 00:17:57,79,7.9
2024-12-18 00:17:58,70,7.0
2024-12-18 00:17:59,129,12.9
2024-12-18 00:18:00,60,6.0
2024-12-18 00:18:01,100,10.0
2024-12-18 00:18:02,110,11.0
2024-12-18 00:18:03,73,7.3
2024-12-18 00:18:04,159,15.9
2024-12-18 00:18:05,141,14.1
2024-12-18 00:18:06,64,6.4
2024-12-18 00:18:07,155,15.5
2024-12-18 00:18:08,141,14.1
2024-12-18 00:18:09,130,13.0
2024-12-18 00:18:10,132,13.2
2024-12-18 00:18:11,119,11.9
2024-12-18 00:18:12,102,10.2
2024-12-18 00:18:13,69,6.9
2024-12-18 00:18:14,72,7.2
2024-12-18 00:18:15,74,7.4
2024-12-18 00:18:16,56,5.6
2024-12-18 00:18:17,139,13.9
2024-12-18 00:18:18,135,13.5
2024-12-18 00:18:19,100,10.0
2024-12-18 00:18:20,130,13.0
2024-12-18 00:18:21,74,7.4
2024-12-18 00:18:22,105,10.5
2024-12-18 00:18:23,68,6.8
2024-12-18 00:18:24,137,13.7
2024-12-18 00:18:25,94,9.4
2024-12-18 00:18:26,139,13.9
2024-12-18 00:18:27,60,6.0
2024-12-18 00:18:28,79,7.9
2024-12-18 00:18:29,122,12.2
2024-12-18 00:18:30,130,13.0
2024-12-18 00:18:31,50,5.0
2024-12-18 00:18:32,141,14.1
2024-12-18 00:18:33,80,8.0
2024-12-18 00:18:34,74,7.4
2024-12-18 00:18:35,79,7.9
2024-12-18 00:18:36,92,9.2
2024-12-18 00:18:37,125,12.5
2024-12-18 00:18:38,127,12.7
2024-12-18 00:18:39,70,7.0
2024-12-18 00:18:40,82,8.2
2024-12-18 00:18:41,146,14.6
2024-12-18 00:18:42,143,14.3
2024-12-18 00:18:43,132,13.2
2024-12-18 00:18:44,98,9.8
2024-12-18 00:18:45,142,14.2
2024-12-18 00:18:46,155,15.5
2024-12-18 00:18:47,108,10.8
2024-12-18 00:18:48,141,14.1
2024-12-18 00:18:49,115,11.5
2024-12-18 00:18:50,56,5.6
2024-12-18 00:18:51,98,9.8
2024-12-18 00:18:52,81,8.1
2024-12-18 00:18:53,106,10.6
2024-12-18 00:18:54,107,10.7
2024-12-18 00:18:55,134,13.4
2024-12-18 00:18:56,67,6.7
2024-12-18 00:18:57,72,7.2
2024-12-18 00:18:58,95,9.5
2024-12-18 00:18:59,156,15.6
2024-12-18 00:19:00,77,7.7
2024-12-18 00:19:01,138,13.8
2024-12-18 00:19:02,112,11.2
2024-12-18 00:19:03,82,8.2
2024-12-18 00:19:04,50,5.0
2024-12-18 00:19:05,69,6.9
2024-12-18 00:19:06,144,14.4
2024-12-18 00:19:07,99,9.9
2024-12-18 00:19:08,106,10.6
2024-12-18 00:19:09,156,15.6
2024-12-18 00:19:10,80,8.0
2024-12-18 00:19:11,135,13.5
2024-12-18 00:19:12,154,15.4
2024-12-18 00:19:13,106,10.6
2024-12-18 00:19:14,79,7.9
2024-12-18 00:19:15,80,8.0
2024-12-18 00:19:16,50,5.0
2024-12-18 00:19:17,65,6.5
2024-12-18 00:19:18,102,10.2
2024-12-18 00:19:19,98,9.8
2024-12-18 00:19:20,94,9.4
2024-12-18 00:19:21,76,7.6
2024-12-18 00:19:22,119,11.9
2024-12-18 00:19:23,85,8.5
2024-12-18 00:19:24,108,10.8
2024-12-18 00:19:25,61,6.1
2024-12-18 00:19:26,85,8.5
2024-12-18 00:19:27,63,6.3
2024-12-18 00:19:28,68,6.8
2024-12-18 00:19:29,151,15.1
2024-12-18 00:19:30,69,6.9
2024-12-18 00:19:31,57,5.7
2024-12-18 00:19:32,84,8.4
2024-12-18 00:19:33,135,13.5
2024-12-18 00:19:34,103,10.3
2024-12-18 00:19:35,108,10.8
2024-12-18 00:19:36,92,9.2
2024-12-18 00:19:37,92,9.2
2024-12-18 00:19:38,68,6.8
2024-12-18 00:19:39,107,10.7
2024-12-18 00:19:40,132,13.2
2024-12-18 00:19:41,152,15.2
2024-12-18 00:19:42,64,6.4
2024-12-18 00:19:43,138,13.8
2024-12-18 00:19:44,103,10.3
2024-12-18 00:19:45,107,10.7
2024-12-18 00:19:46,127,12.7
2024-12-18 00:19:47,145,14.5
2024-12-18 00:19:48,134,13.4
2024-12-18 00:19:49,66,6.6
2024-12-18 00:19:50,62,6.2
2024-12-18 00:19:51,115,11.5
2024-12-18 00:19:52,134,13.4
2024-12-18 00:19:53,101,10.1
2024-12-18 00:19:54,128,12.8
2024-12-18 00:19:55,130,13.0
2024-12-18 00:19:56,158,15.8
2024-12-18 00:19:57,74,7.4
2024-12-18 00:19:58,142,14.2
2024-12-18 00:19:59,93,9.3
2024-12-18 00:20:00,155,15.5
2024-12-18 00:20:01,68,6.8
2024-12-18 00:20:02,90,9.0
2024-12-18 00:20:03,99,9.9
2024-12-18 00:20:04,53,5.3
2024-12-18 00:20:05,140,14.0
2024-12-18 00:20:06,159,15.9
2024-12-18 00:20:07,50,5.0
2024-12-18 00:20:08,81,8.1
2024-12-18 00:20:09,95,9.5
2024-12-18 00:20:10,89,8.9
2024-12-18 00:20:11,139,13.9
2024-12-18 00:20:12,87,8.7
2024-12-18 00:20:13,83,8.3
2024-12-18 00:20:14,157,15.7
2024-12-18 00:20:15,84,8.4
2024-12-18 00:20:16,56,5.6
2024-12-18 00:20:17,98,9.8
2024-12-18 00:20:18,146,14.6
2024-12-18 00:20:19,130,13.0
2024-12-18 00:20:20,149,14.9
2024-12-18 00:20:21,100,10.0
2024-12-18 00:20:22,72,7.2
2024-12-18 00:20:23,67,6.7
2024-12-18 00:20:24,55,5.5
2024-12-18 00:20:25,50,5.0
2024-12-18 00:20:26,111,11.1
2024-12-18 00:20:27,123,12.3
2024-12-18 00:20:28,115,11.5
2024-12-18 00:20:29,81,8.1
2024-12-18 00:20:30,143,14.3
2024-12-18 00:20:31,71,7.1
2024-12-18 00:20:32,90,9.0
2024-12-18 00:20:33,148,14.8
2024-12-18 00:20:34,57,5.7
2024-12-18 00:20:35,56,5.6
2024-12-18 00:20:36,63,6.3
2024-12-18 00:20:37,71,7.1
2024-12-18 00:20:38,118,11.8
2024-12-18 00:20:39,151,15.1
2024-12-18 00:20:40,155,15.5
2024-12-18 00:20:41,128,12.8
2024-12-18 00:20:42,126,12.6
2024-12-18 00:20:43,68,6.8
2024-12-18 00:20:44,139,13.9
2024-12-18 00:20:45,62,6.2
2024-12-18 00:20:46,133,13.3
2024-12-18 00:20:47,95,9.5
2024-12-18 00:20:48,137,13.7
2024-12-18 00:20:49,53,5.3
2024-12-18 00:20:50,93,9.3
2024-12-18 00:20:51,135,13.5
2024-12-18 00:20:52,160,16.0
2024-12-18 00:20:53,124,12.4
2024-12-18 00:20:54,142,14.2
2024-12-18 00:20:55,147,14.7
2024-12-18 00:20:56,146,14.6
2024-12-18 00:20:57,107,10.7
2024-12-18 00:20:58,57,5.7
2024-12-18 00:20:59,138,13.8
2024-12-18 00:21:00,57,5.7
2024-12-18 00:21:01,78,7.8
2024-12-18 00:21:02,63,6.3
2024-12-18 00:21:03,80,8.0
2024-12-18 00:21:04,121,12.1
2024-12-18 00:21:05,96,9.6
2024-12-18 00:21:06,96,9.6
2024-12-18 00:21:07,88,8.8
2024-12-18 00:21:08,112,11.2
2024-12-18 00:21:09,92,9.2
2024-12-18 00:21:10,90,9.0
2024-12-18 00:21:11,52,5.2
2024-12-18 00:21:12,105,10.5
2024-12-18 00:21:13,106,10.6
2024-12-18 00:21:14,101,10.1
2024-12-18 00:21:15,158,15.8
2024-12-18 00:21:16,105,10.5
2024-12-18 00:21:17,160,16.0
2024-12-18 00:21:18,71,7.1
2024-12-18 00:21:19,154,15.4
2024-12-18 00:21:20,56,5.6
2024-12-18 00:21:21,131,13.1
2024-12-18 00:21:22,68,6.8
2024-12-18 00:21:23,149,14.9
2024-12-18 00:21:24,71,7.1
2024-12-18 00:21:25,63,6.3
2024-12-18 00:21:26,94,9.4
2024-12-18 00:21:27,158,15.8
2024-12-18 00:21:28,121,12.1
2024-12-18 00:21:29,152,15.2
2024-12-18 00:21:30,123,12.3
2024-12-18 00:21:31,135,13.5
2024-12-18 00:21:32,117,11.7
2024-12-18 00:21:33,122,12.2
2024-12-18 00:21:34,63,6.3
2024-12-18 00:21:35,121,12.1
2024-12-18 00:21:36,134,13.4
2024-12-18 00:21:37,58,5.8
2024-12-18 00:21:38,69,6.9
2024-12-18 00:21:39,138,13.8
2024-12-18 00:21:40,124,12.4
2024-12-18 00:21:41,52,5.2
2024-12-18 00:21:42,96,9.6
2024-12-18 00:21:43,78,7.8
2024-12-18 00:21:44,93,9.3
2024-12-18 00:21:45,58,5.8
2024-12-18 00:21:46,61,6.1
2024-12-18 00:21:47,99,9.9
2024-12-18 00:21:48,54,5.4
2024-12-18 00:21:49,114,11.4
2024-12-18 00:21:50,142,14.2
2024-12-18 00:21:51,92,9.2
2024-12-18 00:21:52,63,6.3
2024-12-18 00:21:53,103,10.3
2024-12-18 00:21:54,135,13.5
2024-12-18 00:21:55,102,10.2
2024-12-18 00:21:56,78,7.8
2024-12-18 00:21:57,60,6.0
2024-12-18 00:21:58,122,12.2
2024-12-18 00:21:59,110,11.0
2024-12-18 00:22:00,132,13.2
2024-12-18 00:22:01,72,7.2
2024-12-18 00:22:02,128,12.8
2024-12-18 00:22:03,73,7.3
2024-12-18 00:22:04,119,11.9
2024-12-18 00:22:05,112,11.2
2024-12-18 00:22:06,138,13.8
2024-12-18 00:22:07,124,12.4
2024-12-18 00:22:08,54,5.4
2024-12-18 00:22:09,142,14.2
2024-12-18 00:22:10,58,5.8
2024-12-18 00:22:11,84,8.4
2024-12-18 00:22:12,120,12.0
2024-12-18 00:22:13,52,5.2
2024-12-18 00:22:14,76,7.6
2024-12-18 00:22:15,58,5.8
2024-12-18 00:22:16,98,9.8
2024-12-18 00:22:17,100,10.0
2024-12-18 00:22:18,68,6.8
2024-12-18 00:22:19,119,11.9
2024-12-18 00:22:20,134,13.4
2024-12-18 00:22:21,125,12.5
2024-12-18 00:22:22,157,15.7
2024-12-18 00:22:23,150,15.0
2024-12-18 00:22:24,130,13.0
2024-12-18 00:22:25,139,13.9
2024-12-18 00:22:26,134,13.4
2024-12-18 00:22:27,109,10.9
2024-12-18 00:22:28,74,7.4
2024-12-18 00:22:29,119,11.9
2024-12-18 00:22:30,141,14.1
2024-12-18 00:22:31,131,13.1
2024-12-18 00:22:32,119,11.9
2024-12-18 00:22:33,146,14.6
2024-12-18 00:22:34,105,10.5
2024-12-18 00:22:35,54,5.4
2024-12-18 00:22:36,138,13.8
2024-12-18 00:22:37,95,9.5
2024-12-18 00:22:38,87,8.7
2024-12-18 00:22:39,91,9.1
2024-12-18 00:22:40,96,9.6
2024-12-18 00:22:41,114,11.4
2024-12-18 00:22:42,132,13.2
2024-12-18 00:22:43,101,10.1
2024-12-18 00:22:44,79,7.9
2024-12-18 00:22:45,146,14.6
2024-12-18 00:22:46,111,11.1
2024-12-18 00:22:47,112,11.2
2024-12-18 00:22:48,141,14.1
2024-12-18 00:22:49,119,11.9
2024-12-18 00:22:50,73,7.3
2024-12-18 00:22:51,82,8.2
2024-12-18 00:22:52,106,10.6
2024-12-18 00:22:53,75,7.5
2024-12-18 00:22:54,93,9.3
2024-12-18 00:22:55,99,9.9
2024-12-18 00:22:56,57,5.7
2024-12-18 00:22:57,116,11.6
2024-12-18 00:22:58,157,15.7
2024-12-18 00:22:59,138,13.8
2024-12-18 00:23:00,69,6.9
2024-12-18 00:23:01,102,10.2
2024-12-18 00:23:02,56,5.6
2024-12-18 00:23:03,52,5.2
2024-12-18 00:23:04,76,7.6
2024-12-18 00:23:05,73,7.3
2024-12-18 00:23:06,160,16.0
2024-12-18 00:23:07,85,8.5
2024-12-18 00:23:08,88,8.8
2024-12-18 00:23:09,113,11.3
2024-12-18 00:23:10,83,8.3
2024-12-18 00:23:11,134,13.4
2024-12-18 00:23:12,118,11.8
2024-12-18 00:23:13,148,14.8
2024-12-18 00:23:14,63,6.3
2024-12-18 00:23:15,56,5.6
2024-12-18 00:23:16,103,10.3
2024-12-18 00:23:17,138,13.8
2024-12-18 00:23:18,124,12.4
2024-12-18 00:23:19,139,13.9
2024-12-18 00:23:20,117,11.7
2024-12-18 00:23:21,122,12.2
2024-12-18 00:23:22,102,10.2
2024-12-18 00:23:23,77,7.7
2024-12-18 00:23:24,159,15.9
2024-12-18 00:23:25,60,6.0
2024-12-18 00:23:26,133,13.3
2024-12-18 00:23:27,90,9.0
2024-12-18 00:23:28,102,10.2
2024-12-18 00:23:29,56,5.6
2024-12-18 00:23:30,60,6.0
2024-12-18 00:23:31,108,10.8
2024-12-18 00:23:32,155,15.5
2024-12-18 00:23:33,122,12.2
2024-12-18 00:23:34,106,10.6
2024-12-18 00:23:35,87,8.7
2024-12-18 00:23:36,71,7.1
2024-12-18 00:23:37,65,6.5
2024-12-18 00:23:38,127,12.7
2024-12-18 00:23:39,114,11.4
2024-12-18 00:23:40,158,15.8
2024-12-18 00:23:41,92,9.2
2024-12-18 00:23:42,113,11.3
2024-12-18 00:23:43,120,12.0
2024-12-18 00:23:44,121,12.1
2024-12-18 00:23:45,146,14.6
2024-12-18 00:23:46,85,8.5
2024-12-18 00:23:47,73,7.3
2024-12-18 00:23:48,57,5.7
2024-12-18 00:23:49,127,12.7
2024-12-18 00:23:50,125,12.5
2024-12-18 00:23:51,109,10.9
2024-12-18 00:23:52,101,10.1
2024-12-18 00:23:53,156,15.6
2024-12-18 00:23:54,151,15.1
2024-12-18 00:23:55,135,13.5
2024-12-18 00:23:56,106,10.6
2024-12-18 00:23:57,72,7.2
2024-12-18 00:23:58,56,5.6
2024-12-18 00:23:59,150,15.0
2024-12-18 00:24:00,141,14.1
2024-12-18 00:24:01,86,8.6
2024-12-18 00:24:02,89,8.9
2024-12-18 00:24:03,114,11.4
2024-12-18 00:24:04,81,8.1
2024-12-18 00:24:05,68,6.8
2024-12-18 00:24:06,50,5.0
2024-12-18 00:24:07,135,13.5
2024-12-18 00:24:08,124,12.4
2024-12-18 00:24:09,146,14.6
2024-12-18 00:24:10,137,13.7
2024-12-18 00:24:11,67,6.7
2024-12-18 00:24:12,142,14.2
2024-12-18 00:24:13,71,7.1
2024-12-18 00:24:14,110,11.0
2024-12-18 00:24:15,69,6.9
2024-12-18 00:24:16,86,8.6
2024-12-18 00:24:17,97,9.7
2024-12-18 00:24:18,103,10.3
2024-12-18 00:24:19,157,15.7
2024-12-18 00:24:20,54,5.4
2024-12-18 00:24:21,151,15.1
2024-12-18 00:24:22,116,11.6
2024-12-18 00:24:23,121,12.1
2024-12-18 00:24:24,72,7.2
2024-12-18 00:24:25,82,8.2
2024-12-18 00:24:26,113,11.3
2024-12-18 00:24:27,78,7.8
2024-12-18 00:24:28,138,13.8
2024-12-18 00:24:29,53,5.3
2024-12-18 00:24:30,118,11.8
2024-12-18 00:24:31,59,5.9
2024-12-18 00:24:32,93,9.3
2024-12-18 00:24:33,145,14.5
2024-12-18 00:24:34,74,7.4
2024-12-18 00:24:35,115,11.5
2024-12-18 00:24:36,126,12.6
2024-12-18 00:24:37,53,5.3
2024-12-18 00:24:38,84,8.4
2024-12-18 00:24:39,84,8.4
2024-12-18 00:24:40,94,9.4
2024-12-18 00:24:41,113,11.3
2024-12-18 00:24:42,147,14.7
2024-12-18 00:24:43,51,5.1
2024-12-18 00:24:44,72,7.2
2024-12-18 00:24:45,85,8.5
2024-12-18 00:24:46,71,7.1
2024-12-18 00:24:47,127,12.7
2024-12-18 00:24:48,81,8.1
2024-12-18 00:24:49,95,9.5
2024-12-18 00:24:50,127,12.7
2024-12-18 00:24:51,160,16.0
2024-12-18 00:24:52,135,13.5
2024-12-18 00:24:53,125,12.5
2024-12-18 00:24:54,74,7.4
2024-12-18 00:24:55,74,7.4
2024-12-18 00:24:56,140,14.0
2024-12-18 00:24:57,150,15.0
2024-12-18 00:24:58,133,13.3
2024-12-18 00:24:59,143,14.3
2024-12-18 00:25:00,59,5.9
2024-12-18 00:25:01,137,13.7
2024-12-18 00:25:02,131,13.1
2024-12-18 00:25:03,82,8.2
2024-12-18 00:25:04,121,12.1
2024-12-18 00:25:05,100,10.0
2024-12-18 00:25:06,69,6.9
2024-12-18 00:25:07,66,6.6
2024-12-18 00:25:08,90,9.0
2024-12-18 00:25:09,52,5.2
2024-12-18 00:25:10,110,11.0
2024-12-18 00:25:11,64,6.4
2024-12-18 00:25:12,62,6.2
2024-12-18 00:25:13,65,6.5
2024-12-18 00:25:14,129,12.9
2024-12-18 00:25:15,87,8.7
2024-12-18 00:25:16,55,5.5
2024-12-18 00:25:17,67,6.7
2024-12-18 00:25:18,91,9.1
2024-12-18 00:25:19,98,9.8
2024-12-18 00:25:20,89,8.9
2024-12-18 00:25:21,63,6.3
2024-12-18 00:25:22,62,6.2
2024-12-18 00:25:23,146,14.6
2024-12-18 00:25:24,111,11.1
2024-12-18 00:25:25,153,15.3
2024-12-18 00:25:26,80,8.0
2024-12-18 00:25:27,87,8.7
2024-12-18 00:25:28,149,14.9
2024-12-18 00:25:29,157,15.7
2024-12-18 00:25:30,131,13.1
2024-12-18 00:25:31,73,7.3
2024-12-18 00:25:32,71,7.1
2024-12-18 00:25:33,96,9.6
2024-12-18 00:25:34,99,9.9
2024-12-18 00:25:35,121,12.1
2024-12-18 00:25:36,156,15.6
2024-12-18 00:25:37,144,14.4
2024-12-18 00:25:38,79,7.9
2024-12-18 00:25:39,73,7.3
2024-12-18 00:25:40,82,8.2
2024-12-18 00:25:41,142,14.2
2024-12-18 00:25:42,155,15.5
2024-12-18 00:25:43,88,8.8
2024-12-18 00:25:44,85,8.5
2024-12-18 00:25:45,138,13.8
2024-12-18 00:25:46,127,12.7
2024-12-18 00:25:47,117,11.7
2024-12-18 00:25:48,74,7.4
2024-12-18 00:25:49,73,7.3
2024-12-18 00:25:50,120,12.0
2024-12-18 00:25:51,60,6.0
2024-12-18 00:25:52,127,12.7
2024-12-18 00:25:53,103,10.3
2024-12-18 00:25:54,50,5.0
2024-12-18 00:25:55,67,6.7
2024-12-18 00:25:56,157,15.7
2024-12-18 00:25:57,102,10.2
2024-12-18 00:25:58,157,15.7
2024-12-18 00:25:59,65,6.5
2024-12-18 00:26:00,117,11.7
2024-12-18 00:26:01,82,8.2
2024-12-18 00:26:02,152,15.2
2024-12-18 00:26:03,91,9.1
2024-12-18 00:26:04,106,10.6
2024-12-18 00:26:05,93,9.3
2024-12-18 00:26:06,100,10.0
2024-12-18 00:26:07,126,12.6
2024-12-18 00:26:08,74,7.4
2024-12-18 00:26:09,56,5.6
2024-12-18 00:26:10,135,13.5
2024-12-18 00:26:11,135,13.5
2024-12-18 00:26:12,127,12.7
2024-12-18 00:26:13,121,12.1
2024-12-18 00:26:14,144,14.4
2024-12-18 00:26:15,109,10.9
2024-12-18 00:26:16,68,6.8
2024-12-18 00:26:17,106,10.6
2024-12-18 00:26:18,158,15.8
2024-12-18 00:26:19,75,7.5
2024-12-18 00:26:20,86,8.6
2024-12-18 00:26:21,142,14.2
2024-12-18 00:26:22,114,11.4
2024-12-18 00:26:23,60,6.0
2024-12-18 00:26:24,150,15.0
2024-12-18 00:26:25,66,6.6
2024-12-18 00:26:26,55,5.5
2024-12-18 00:26:27,129,12.9
2024-12-18 00:26:28,56,5.6
2024-12-18 00:26:29,62,6.2
2024-12-18 00:26:30,74,7.4
2024-12-18 00:26:31,107,10.7
2024-12-18 00:26:32,105,10.5
2024-12-18 00:26:33,94,9.4
2024-12-18 00:26:34,81,8.1
2024-12-18 00:26:35,53,5.3
2024-12-18 00:26:36,53,5.3
2024-12-18 00:26:37,81,8.1
2024-12-18 00:26:38,142,14.2
2024-12-18 00:26:39,135,13.5
2024-12-18 00:26:40,153,15.3
2024-12-18 00:26:41,158,15.8
2024-12-18 00:26:42,93,9.3
2024-12-18 00:26:43,60,6.0
2024-12-18 00:26:44,76,7.6
2024-12-18 00:26:45,108,10.8
2024-12-18 00:26:46,126,12.6
2024-12-18 00:26:47,55,5.5
2024-12-18 00:26:48,104,10.4
2024-12-18 00:26:49,100,10.0
2024-12-18 00:26:50,90,9.0
2024-12-18 00:26:51,147,14.7
2024-12-18 00:26:52,58,5.8
2024-12-18 00:26:53,128,12.8
2024-12-18 00:26:54,74,7.4
2024-12-18 00:26:55,129,12.9
2024-12-18 00:26:56,119,11.9
2024-12-18 00:26:57,102,10.2
2024-12-18 00:26:58,88,8.8
2024-12-18 00:26:59,51,5.1
2024-12-18 00:27:00,50,5.0
2024-12-18 00:27:01,142,14.2
2024-12-18 00:27:02,83,8.3
2024-12-18 00:27:03,89,8.9
2024-12-18 00:27:04,55,5.5
2024-12-18 00:27:05,122,12.2
2024-12-18 00:27:06,86,8.6
2024-12-18 00:27:07,134,13.4
2024-12-18 00:27:08,94,9.4
2024-12-18 00:27:09,112,11.2
2024-12-18 00:27:10,89,8.9
2024-12-18 00:27:11,125,12.5
2024-12-18 00:27:12,147,14.7
2024-12-18 00:27:13,104,10.4
2024-12-18 00:27:14,84,8.4
2024-12-18 00:27:15,71,7.1
2024-12-18 00:27:16,62,6.2
2024-12-18 00:27:17,104,10.4
2024-12-18 00:27:18,126,12.6
2024-12-18 00:27:19,79,7.9
2024-12-18 00:27:20,103,10.3
2024-12-18 00:27:21,110,11.0
2024-12-18 00:27:22,97,9.7
2024-12-18 00:27:23,109,10.9
2024-12-18 00:27:24,54,5.4
2024-12-18 00:27:25,89,8.9
2024-12-18 00:27:26,122,12.2
2024-12-18 00:27:27,57,5.7
2024-12-18 00:27:28,103,10.3
2024-12-18 00:27:29,61,6.1
2024-12-18 00:27:30,115,11.5
2024-12-18 00:27:31,63,6.3
2024-12-18 00:27:32,137,13.7
2024-12-18 00:27:33,59,5.9
2024-12-18 00:27:34,118,11.8
2024-12-18 00:27:35,154,15.4
2024-12-18 00:27:36,92,9.2
2024-12-18 00:27:37,101,10.1
2024-12-18 00:27:38,106,10.6
2024-12-18 00:27:39,112,11.2
2024-12-18 00:27:40,59,5.9
2024-12-18 00:27:41,51,5.1
2024-12-18 00:27:42,152,15.2
2024-12-18 00:27:43,130,13.0
2024-12-18 00:27:44,115,11.5
2024-12-18 00:27:45,69,6.9
2024-12-18 00:27:46,143,14.3
2024-12-18 00:27:47,82,8.2
2024-12-18 00:27:48,132,13.2
2024-12-18 00:27:49,115,11.5
2024-12-18 00:27:50,140,14.0
2024-12-18 00:27:51,71,7.1
2024-12-18 00:27:52,124,12.4
2024-12-18 00:27:53,151,15.1
2024-12-18 00:27:54,160,16.0
2024-12-18 00:27:55,79,7.9
2024-12-18 00:27:56,134,13.4
2024-12-18 00:27:57,83,8.3
2024-12-18 00:27:58,111,11.1
2024-12-18 00:27:59,119,11.9
2024-12-18 00:28:00,121,12.1
2024-12-18 00:28:01,122,12.2
2024-12-18 00:28:02,95,9.5
2024-12-18 00:28:03,138,13.8
2024-12-18 00:28:04,68,6.8
2024-12-18 00:28:05,101,10.1
2024-12-18 00:28:06,94,9.4
2024-12-18 00:28:07,86,8.6
2024-12-18 00:28:08,95,9.5
2024-12-18 00:28:09,69,6.9
2024-12-18 00:28:10,53,5.3
2024-12-18 00:28:11,118,11.8
2024-12-18 00:28:12,159,15.9
2024-12-18 00:28:13,89,8.9
2024-12-18 00:28:14,131,13.1
2024-12-18 00:28:15,101,10.1
2024-12-18 00:28:16,70,7.0
2024-12-18 00:28:17,65,6.5
2024-12-18 00:28:18,123,12.3
2024-12-18 00:28:19,56,5.6
2024-12-18 00:28:20,118,11.8
2024-12-18 00:28:21,106,10.6
2024-12-18 00:28:22,92,9.2
2024-12-18 00:28:23,51,5.1
2024-12-18 00:28:24,58,5.8
2024-12-18 00:28:25,65,6.5
2024-12-18 00:28:26,62,6.2
2024-12-18 00:28:27,124,12.4
2024-12-18 00:28:28,81,8.1
2024-12-18 00:28:29,131,13.1
2024-12-18 00:28:30,110,11.0
2024-12-18 00:28:31,97,9.7
2024-12-18 00:28:32,53,5.3
2024-12-18 00:28:33,151,15.1
2024-12-18 00:28:34,77,7.7
2024-12-18 00:28:35,88,8.8
2024-12-18 00:28:36,50,5.0
2024-12-18 00:28:37,100,10.0
2024-12-18 00:28:38,141,14.1
2024-12-18 00:28:39,60,6.0
2024-12-18 00:28:40,64,6.4
2024-12-18 00:28:41,145,14.5
2024-12-18 00:28:42,133,13.3
2024-12-18 00:28:43,88,8.8
2024-12-18 00:28:44,133,13.3
2024-12-18 00:28:45,147,14.7
2024-12-18 00:28:46,92,9.2
2024-12-18 00:28:47,88,8.8
2024-12-18 00:28:48,83,8.3
2024-12-18 00:28:49,99,9.9
2024-12-18 00:28:50,127,12.7
2024-12-18 00:28:51,144,14.4
2024-12-18 00:28:52,146,14.6
2024-12-18 00:28:53,138,13.8
2024-12-18 00:28:54,127,12.7
2024-12-18 00:28:55,143,14.3
2024-12-18 00:28:56,136,13.6
2024-12-18 00:28:57,115,11.5
2024-12-18 00:28:58,53,5.3
2024-12-18 00:28:59,89,8.9
2024-12-18 00:29:00,138,13.8
2024-12-18 00:29:01,104,10.4
2024-12-18 00:29:02,121,12.1
2024-12-18 00:29:03,85,8.5
2024-12-18 00:29:04,89,8.9
2024-12-18 00:29:05,148,14.8
2024-12-18 00:29:06,149,14.9
2024-12-18 00:29:07,89,8.9
2024-12-18 00:29:08,65,6.5
2024-12-18 00:29:09,117,11.7
2024-12-18 00:29:10,157,15.7
2024-12-18 00:29:11,155,15.5
2024-12-18 00:29:12,94,9.4
2024-12-18 00:29:13,64,6.4
2024-12-18 00:29:14,160,16.0
2024-12-18 00:29:15,129,12.9
2024-12-18 00:29:16,96,9.6
2024-12-18 00:29:17,146,14.6
2024-12-18 00:29:18,88,8.8
2024-12-18 00:29:19,73,7.3
2024-12-18 00:29:20,147,14.7
2024-12-18 00:29:21,128,12.8
2024-12-18 00:29:22,132,13.2
2024-12-18 00:29:23,130,13.0
2024-12-18 00:29:24,68,6.8
2024-12-18 00:29:25,105,10.5
2024-12-18 00:29:26,80,8.0
2024-12-18 00:29:27,53,5.3
2024-12-18 00:29:28,119,11.9
2024-12-18 00:29:29,53,5.3
2024-12-18 00:29:30,115,11.5
2024-12-18 00:29:31,61,6.1
2024-12-18 00:29:32,131,13.1
2024-12-18 00:29:33,63,6.3
2024-12-18 00:29:34,128,12.8
2024-12-18 00:29:35,156,15.6
2024-12-18 00:29:36,118,11.8
2024-12-18 00:29:37,85,8.5
2024-12-18 00:29:38,97,9.7
2024-12-18 00:29:39,80,8.0
2024-12-18 00:29:40,104,10.4
2024-12-18 00:29:41,112,11.2
2024-12-18 00:29:42,155,15.5
2024-12-18 00:29:43,105,10.5
2024-12-18 00:29:44,149,14.9
2024-12-18 00:29:45,98,9.8
2024-12-18 00:29:46,77,7.7
2024-12-18 00:29:47,128,12.8
2024-12-18 00:29:48,57,5.7
2024-12-18 00:29:49,111,11.1
2024-12-18 00:29:50,109,10.9
2024-12-18 00:29:51,104,10.4
2024-12-18 00:29:52,56,5.6
2024-12-18 00:29:53,56,5.6
2024-12-18 00:29:54,101,10.1
2024-12-18 00:29:55,151,15.1
2024-12-18 00:29:56,129,12.9
2024-12-18 00:29:57,70,7.0
2024-12-18 00:29:58,81,8.1
2024-12-18 00:29:59,108,10.8
2024-12-18 00:30:00,111,11.1
2024-12-18 00:30:01,147,14.7
2024-12-18 00:30:02,68,6.8
2024-12-18 00:30:03,127,12.7
2024-12-18 00:30:04,87,8.7
2024-12-18 00:30:05,147,14.7
2024-12-18 00:30:06,89,8.9
2024-12-18 00:30:07,59,5.9
2024-12-18 00:30:08,55,5.5
2024-12-18 00:30:09,148,14.8
2024-12-18 00:30:10,101,10.1
2024-12-18 00:30:11,96,9.6
2024-12-18 00:30:12,129,12.9
2024-12-18 00:30:13,102,10.2
2024-12-18 00:30:14,129,12.9
2024-12-18 00:30:15,90,9.0
2024-12-18 00:30:16,90,9.0
2024-12-18 00:30:17,119,11.9
2024-12-18 00:30:18,106,10.6
2024-12-18 00:30:19,133,13.3
2024-12-18 00:30:20,159,15.9
2024-12-18 00:30:21,147,14.7
2024-12-18 00:30:22,88,8.8
2024-12-18 00:30:23,70,7.0
2024-12-18 00:30:24,156,15.6
2024-12-18 00:30:25,155,15.5
2024-12-18 00:30:26,54,5.4
2024-12-18 00:30:27,147,14.7
2024-12-18 00:30:28,113,11.3
2024-12-18 00:30:29,58,5.8
2024-12-18 00:30:30,68,6.8
2024-12-18 00:30:31,69,6.9
2024-12-18 00:30:32,96,9.6
2024-12-18 00:30:33,86,8.6
2024-12-18 00:30:34,137,13.7
2024-12-18 00:30:35,153,15.3
2024-12-18 00:30:36,66,6.6
2024-12-18 00:30:37,117,11.7
2024-12-18 00:30:38,100,10.0
2024-12-18 00:30:39,101,10.1
2024-12-18 00:30:40,77,7.7
2024-12-18 00:30:41,62,6.2
2024-12-18 00:30:42,63,6.3
2024-12-18 00:30:43,72,7.2
2024-12-18 00:30:44,112,11.2
2024-12-18 00:30:45,76,7.6
2024-12-18 00:30:46,74,7.4
2024-12-18 00:30:47,58,5.8
2024-12-18 00:30:48,119,11.9
2024-12-18 00:30:49,110,11.0
2024-12-18 00:30:50,147,14.7
2024-12-18 00:30:51,112,11.2
2024-12-18 00:30:52,69,6.9
2024-12-18 00:30:53,125,12.5
2024-12-18 00:30:54,109,10.9
2024-12-18 00:30:55,94,9.4
2024-12-18 00:30:56,154,15.4
2024-12-18 00:30:57,151,15.1
2024-12-18 00:30:58,117,11.7
2024-12-18 00:30:59,86,8.6
2024-12-18 00:31:00,74,7.4
2024-12-18 00:31:01,138,13.8
2024-12-18 00:31:02,96,9.6
2024-12-18 00:31:03,65,6.5
2024-12-18 00:31:04,68,6.8
2024-12-18 00:31:05,65,6.5
2024-12-18 00:31:06,160,16.0
2024-12-18 00:31:07,104,10.4
2024-12-18 00:31:08,132,13.2
2024-12-18 00:31:09,115,11.5
2024-12-18 00:31:10,66,6.6
2024-12-18 00:31:11,73,7.3
2024-12-18 00:31:12,158,15.8
2024-12-18 00:31:13,89,8.9
2024-12-18 00:31:14,111,11.1
2024-12-18 00:31:15,131,13.1
2024-12-18 00:31:16,104,10.4
2024-12-18 00:31:17,143,14.3
2024-12-18 00:31:18,101,10.1
2024-12-18 00:31:19,142,14.2
2024-12-18 00:31:20,111,11.1
2024-12-18 00:31:21,120,12.0
2024-12-18 00:31:22,156,15.6
2024-12-18 00:31:23,79,7.9
2024-12-18 00:31:24,145,14.5
2024-12-18 00:31:25,71,7.1
2024-12-18 00:31:26,150,15.0
2024-12-18 00:31:27,50,5.0
2024-12-18 00:31:28,121,12.1
2024-12-18 00:31:29,144,14.4
2024-12-18 00:31:30,120,12.0
2024-12-18 00:31:31,133,13.3
2024-12-18 00:31:32,116,11.6
2024-12-18 00:31:33,141,14.1
2024-12-18 00:31:34,145,14.5
2024-12-18 00:31:35,79,7.9
2024-12-18 00:31:36,106,10.6
2024-12-18 00:31:37,103,10.3
2024-12-18 00:31:38,67,6.7
2024-12-18 00:31:39,58,5.8
2024-12-18 00:31:40,149,14.9
2024-12-18 00:31:41,97,9.7
2024-12-18 00:31:42,69,6.9
2024-12-18 00:31:43,111,11.1
2024-12-18 00:31:44,103,10.3
2024-12-18 00:31:45,78,7.8
2024-12-18 00:31:46,65,6.5
2024-12-18 00:31:47,50,5.0
2024-12-18 00:31:48,82,8.2
2024-12-18 00:31:49,101,10.1
2024-12-18 00:31:50,62,6.2
2024-12-18 00:31:51,131,13.1
2024-12-18 00:31:52,87,8.7
2024-12-18 00:31:53,101,10.1
2024-12-18 00:31:54,66,6.6
2024-12-18 00:31:55,81,8.1
2024-12-18 00:31:56,120,12.0
2024-12-18 00:31:57,98,9.8
2024-12-18 00:31:58,96,9.6
2024-12-18 00:31:59,89,8.9
2024-12-18 00:32:00,136,13.6
2024-12-18 00:32:01,96,9.6
2024-12-18 00:32:02,150,15.0
2024-12-18 00:32:03,151,15.1
2024-12-18 00:32:04,149,14.9
2024-12-18 00:32:05,102,10.2
2024-12-18 00:32:06,81,8.1
2024-12-18 00:32:07,98,9.8
2024-12-18 00:32:08,60,6.0
2024-12-18 00:32:09,122,12.2
2024-12-18 00:32:10,63,6.3
2024-12-18 00:32:11,81,8.1
2024-12-18 00:32:12,126,12.6
2024-12-18 00:32:13,116,11.6
2024-12-18 00:32:14,90,9.0
2024-12-18 00:32:15,155,15.5
2024-12-18 00:32:16,138,13.8
2024-12-18 00:32:17,117,11.7
2024-12-18 00:32:18,156,15.6
2024-12-18 00:32:19,141,14.1
2024-12-18 00:32:20,52,5.2
2024-12-18 00:32:21,72,7.2
2024-12-18 00:32:22,117,11.7
2024-12-18 00:32:23,131,13.1
2024-12-18 00:32:24,140,14.0
2024-12-18 00:32:25,118,11.8
2024-12-18 00:32:26,90,9.0
2024-12-18 00:32:27,54,5.4
2024-12-18 00:32:28,80,8.0
2024-12-18 00:32:29,64,6.4
2024-12-18 00:32:30,130,13.0
2024-12-18 00:32:31,59,5.9
2024-12-18 00:32:32,133,13.3
2024-12-18 00:32:33,83,8.3
2024-12-18 00:32:34,154,15.4
2024-12-18 00:32:35,74,7.4
2024-12-18 00:32:36,80,8.0
2024-12-18 00:32:37,159,15.9
2024-12-18 00:32:38,141,14.1
2024-12-18 00:32:39,64,6.4
2024-12-18 00:32:40,54,5.4
2024-12-18 00:32:41,67,6.7
2024-12-18 00:32:42,145,14.5
2024-12-18 00:32:43,70,7.0
2024-12-18 00:32:44,150,15.0
2024-12-18 00:32:45,77,7.7
2024-12-18 00:32:46,73,7.3
2024-12-18 00:32:47,56,5.6
2024-12-18 00:32:48,62,6.2
2024-12-18 00:32:49,51,5.1
2024-12-18 00:32:50,81,8.1
2024-12-18 00:32:51,87,8.7
2024-12-18 00:32:52,79,7.9
2024-12-18 00:32:53,63,6.3
2024-12-18 00:32:54,97,9.7
2024-12-18 00:32:55,132,13.2
2024-12-18 00:32:56,92,9.2
2024-12-18 00:32:57,103,10.3
2024-12-18 00:32:58,109,10.9
2024-12-18 00:32:59,112,11.2
2024-12-18 00:33:00,81,8.1
2024-12-18 00:33:01,102,10.2
2024-12-18 00:33:02,109,10.9
2024-12-18 00:33:03,64,6.4
2024-12-18 00:33:04,81,8.1
2024-12-18 00:33:05,94,9.4
2024-12-18 00:33:06,72,7.2
2024-12-18 00:33:07,153,15.3
2024-12-18 00:33:08,121,12.1
2024-12-18 00:33:09,94,9.4
2024-12-18 00:33:10,153,15.3
2024-12-18 00:33:11,52,5.2
2024-12-18 00:33:12,104,10.4
2024-12-18 00:33:13,72,7.2
2024-12-18 00:33:14,103,10.3
2024-12-18 00:33:15,121,12.1
2024-12-18 00:33:16,154,15.4
2024-12-18 00:33:17,52,5.2
2024-12-18 00:33:18,135,13.5
2024-12-18 00:33:19,64,6.4
2024-12-18 00:33:20,112,11.2
2024-12-18 00:33:21,101,10.1
2024-12-18 00:33:22,137,13.7
2024-12-18 00:33:23,104,10.4
2024-12-18 00:33:24,144,14.4
2024-12-18 00:33:25,139,13.9
2024-12-18 00:33:26,96,9.6
2024-12-18 00:33:27,83,8.3
2024-12-18 00:33:28,91,9.1
2024-12-18 00:33:29,113,11.3
2024-12-18 00:33:30,50,5.0
2024-12-18 00:33:31,61,6.1
2024-12-18 00:33:32,150,15.0
2024-12-18 00:33:33,79,7.9
2024-12-18 00:33:34,93,9.3
2024-12-18 00:33:35,116,11.6
2024-12-18 00:33:36,102,10.2
2024-12-18 00:33:37,73,7.3
2024-12-18 00:33:38,129,12.9
2024-12-18 00:33:39,53,5.3
2024-12-18 00:33:40,64,6.4
2024-12-18 00:33:41,66,6.6
2024-12-18 00:33:42,100,10.0
2024-12-18 00:33:43,103,10.3
2024-12-18 00:33:44,159,15.9
2024-12-18 00:33:45,80,8.0
2024-12-18 00:33:46,109,10.9
2024-12-18 00:33:47,93,9.3
2024-12-18 00:33:48,143,14.3
2024-12-18 00:33:49,130,13.0
2024-12-18 00:33:50,54,5.4
2024-12-18 00:33:51,121,12.1
2024-12-18 00:33:52,67,6.7
2024-12-18 00:33:53,132,13.2
2024-12-18 00:33:54,71,7.1
2024-12-18 00:33:55,100,10.0
2024-12-18 00:33:56,120,12.0
2024-12-18 00:33:57,57,5.7
2024-12-18 00:33:58,99,9.9
2024-12-18 00:33:59,113,11.3
2024-12-18 00:34:00,72,7.2
2024-12-18 00:34:01,137,13.7
2024-12-18 00:34:02,53,5.3
2024-12-18 00:34:03,91,9.1
2024-12-18 00:34:04,65,6.5
2024-12-18 00:34:05,144,14.4
2024-12-18 00:34:06,121,12.1
2024-12-18 00:34:07,141,14.1
2024-12-18 00:34:08,156,15.6
2024-12-18 00:34:09,102,10.2
2024-12-18 00:34:10,144,14.4
2024-12-18 00:34:11,141,14.1
2024-12-18 00:34:12,77,7.7
2024-12-18 00:34:13,66,6.6
2024-12-18 00:34:14,65,6.5
2024-12-18 00:34:15,148,14.8
2024-12-18 00:34:16,155,15.5
2024-12-18 00:34:17,99,9.9
2024-12-18 00:34:18,144,14.4
2024-12-18 00:34:19,134,13.4
2024-12-18 00:34:20,95,9.5
2024-12-18 00:34:21,153,15.3
2024-12-18 00:34:22,75,7.5
2024-12-18 00:34:23,55,5.5
2024-12-18 00:34:24,125,12.5
2024-12-18 00:34:25,136,13.6
2024-12-18 00:34:26,151,15.1
2024-12-18 00:34:27,54,5.4
2024-12-18 00:34:28,149,14.9
2024-12-18 00:34:29,125,12.5
2024-12-18 00:34:30,121,12.1
2024-12-18 00:34:31,124,12.4
2024-12-18 00:34:32,71,7.1
2024-12-18 00:34:33,93,9.3
2024-12-18 00:34:34,135,13.5
2024-12-18 00:34:35,128,12.8
2024-12-18 00:34:36,99,9.9
2024-12-18 00:34:37,91,9.1
2024-12-18 00:34:38,55,5.5
2024-12-18 00:34:39,64,6.4
2024-12-18 00:34:40,88,8.8
2024-12-18 00:34:41,102,10.2
2024-12-18 00:34:42,84,8.4
2024-12-18 00:34:43,150,15.0
2024-12-18 00:34:44,116,11.6
2024-12-18 00:34:45,156,15.6
2024-12-18 00:34:46,88,8.8
2024-12-18 00:34:47,115,11.5
2024-12-18 00:34:48,135,13.5
2024-12-18 00:34:49,155,15.5
2024-12-18 00:34:50,100,10.0
2024-12-18 00:34:51,130,13.0
2024-12-18 00:34:52,118,11.8
2024-12-18 00:34:53,108,10.8
2024-12-18 00:34:54,120,12.0
2024-12-18 00:34:55,59,5.9
2024-12-18 00:34:56,65,6.5
2024-12-18 00:34:57,64,6.4
2024-12-18 00:34:58,126,12.6
2024-12-18 00:34:59,105,10.5
2024-12-18 00:35:00,159,15.9
2024-12-18 00:35:01,150,15.0
2024-12-18 00:35:02,75,7.5
2024-12-18 00:35:03,95,9.5
2024-12-18 00:35:04,148,14.8
2024-12-18 00:35:05,140,14.0
2024-12-18 00:35:06,63,6.3
2024-12-18 00:35:07,114,11.4
2024-12-18 00:35:08,149,14.9
2024-12-18 00:35:09,84,8.4
2024-12-18 00:35:10,52,5.2
2024-12-18 00:35:11,99,9.9
2024-12-18 00:35:12,66,6.6
2024-12-18 00:35:13,96,9.6
2024-12-18 00:35:14,63,6.3
2024-12-18 00:35:15,57,5.7
2024-12-18 00:35:16,75,7.5
2024-12-18 00:35:17,69,6.9
2024-12-18 00:35:18,96,9.6
2024-12-18 00:35:19,62,6.2
2024-12-18 00:35:20,84,8.4
2024-12-18 00:35:21,142,14.2
2024-12-18 00:35:22,94,9.4
2024-12-18 00:35:23,67,6.7
2024-12-18 00:35:24,104,10.4
2024-12-18 00:35:25,51,5.1
2024-12-18 00:35:26,129,12.9
2024-12-18 00:35:27,130,13.0
2024-12-18 00:35:28,149,14.9
2024-12-18 00:35:29,62,6.2
2024-12-18 00:35:30,150,15.0
2024-12-18 00:35:31,104,10.4
2024-12-18 00:35:32,118,11.8
2024-12-18 00:35:33,64,6.4
2024-12-18 00:35:34,99,9.9
2024-12-18 00:35:35,95,9.5
2024-12-18 00:35:36,146,14.6
2024-12-18 00:35:37,134,13.4
2024-12-18 00:35:38,96,9.6
2024-12-18 00:35:39,105,10.5
2024-12-18 00:35:40,73,7.3
2024-12-18 00:35:41,54,5.4
2024-12-18 00:35:42,140,14.0
2024-12-18 00:35:43,113,11.3
2024-12-18 00:35:44,53,5.3
2024-12-18 00:35:45,79,7.9
2024-12-18 00:35:46,135,13.5
2024-12-18 00:35:47,104,10.4
2024-12-18 00:35:48,106,10.6
2024-12-18 00:35:49,108,10.8
2024-12-18 00:35:50,144,14.4
2024-12-18 00:35:51,127,12.7
2024-12-18 00:35:52,147,14.7
2024-12-18 00:35:53,86,8.6
2024-12-18 00:35:54,152,15.2
2024-12-18 00:35:55,132,13.2
2024-12-18 00:35:56,86,8.6
2024-12-18 00:35:57,67,6.7
2024-12-18 00:35:58,54,5.4
2024-12-18 00:35:59,78,7.8
2024-12-18 00:36:00,92,9.2
2024-12-18 00:36:01,102,10.2
2024-12-18 00:36:02,144,14.4
2024-12-18 00:36:03,124,12.4
2024-12-18 00:36:04,86,8.6
2024-12-18 00:36:05,77,7.7
2024-12-18 00:36:06,71,7.1
2024-12-18 00:36:07,153,15.3
2024-12-18 00:36:08,110,11.0
2024-12-18 00:36:09,142,14.2
2024-12-18 00:36:10,90,9.0
2024-12-18 00:36:11,118,11.8
2024-12-18 00:36:12,126,12.6
2024-12-18 00:36:13,113,11.3
2024-12-18 00:36:14,60,6.0
2024-12-18 00:36:15,146,14.6
2024-12-18 00:36:16,71,7.1
2024-12-18 00:36:17,80,8.0
2024-12-18 00:36:18,111,11.1
2024-12-18 00:36:19,132,13.2
2024-12-18 00:36:20,80,8.0
2024-12-18 00:36:21,100,10.0
2024-12-18 00:36:22,150,15.0
2024-12-18 00:36:23,141,14.1
2024-12-18 00:36:24,84,8.4
2024-12-18 00:36:25,79,7.9
2024-12-18 00:36:26,58,5.8
2024-12-18 00:36:27,58,5.8
2024-12-18 00:36:28,149,14.9
2024-12-18 00:36:29,112,11.2
2024-12-18 00:36:30,88,8.8
2024-12-18 00:36:31,76,7.6
2024-12-18 00:36:32,61,6.1
2024-12-18 00:36:33,107,10.7
2024-12-18 00:36:34,111,11.1
2024-12-18 00:36:35,112,11.2
2024-12-18 00:36:36,101,10.1
2024-12-18 00:36:37,83,8.3
2024-12-18 00:36:38,75,7.5
2024-12-18 00:36:39,65,6.5
2024-12-18 00:36:40,124,12.4
2024-12-18 00:36:41,81,8.1
2024-12-18 00:36:42,54,5.4
2024-12-18 00:36:43,57,5.7
2024-12-18 00:36:44,79,7.9
2024-12-18 00:36:45,95,9.5
2024-12-18 00:36:46,83,8.3
2024-12-18 00:36:47,126,12.6
2024-12-18 00:36:48,65,6.5
2024-12-18 00:36:49,60,6.0
2024-12-18 00:36:50,108,10.8
2024-12-18 00:36:51,156,15.6
2024-12-18 00:36:52,94,9.4
2024-12-18 00:36:53,118,11.8
2024-12-18 00:36:54,154,15.4
2024-12-18 00:36:55,160,16.0
2024-12-18 00:36:56,112,11.2
2024-12-18 00:36:57,86,8.6
2024-12-18 00:36:58,89,8.9
2024-12-18 00:36:59,142,14.2
2024-12-18 00:37:00,143,14.3
2024-12-18 00:37:01,90,9.0
2024-12-18 00:37:02,102,10.2
2024-12-18 00:37:03,96,9.6
2024-12-18 00:37:04,112,11.2
2024-12-18 00:37:05,67,6.7
2024-12-18 00:37:06,101,10.1
2024-12-18 00:37:07,158,15.8
2024-12-18 00:37:08,124,12.4
2024-12-18 00:37:09,106,10.6
2024-12-18 00:37:10,84,8.4
2024-12-18 00:37:11,66,6.6
2024-12-18 00:37:12,126,12.6
2024-12-18 00:37:13,68,6.8
2024-12-18 00:37:14,150,15.0
2024-12-18 00:37:15,51,5.1
2024-12-18 00:37:16,98,9.8
2024-12-18 00:37:17,120,12.0
2024-12-18 00:37:18,80,8.0
2024-12-18 00:37:19,130,13.0
2024-12-18 00:37:20,134,13.4
2024-12-18 00:37:21,99,9.9
2024-12-18 00:37:22,87,8.7
2024-12-18 00:37:23,150,15.0
2024-12-18 00:37:24,61,6.1
2024-12-18 00:37:25,100,10.0
2024-12-18 00:37:26,155,15.5
2024-12-18 00:37:27,91,9.1
2024-12-18 00:37:28,66,6.6
2024-12-18 00:37:29,144,14.4
2024-12-18 00:37:30,115,11.5
2024-12-18 00:37:31,151,15.1
2024-12-18 00:37:32,98,9.8
2024-12-18 00:37:33,125,12.5
2024-12-18 00:37:34,102,10.2
2024-12-18 00:37:35,120,12.0
2024-12-18 00:37:36,70,7.0
2024-12-18 00:37:37,128,12.8
2024-12-18 00:37:38,124,12.4
2024-12-18 00:37:39,115,11.5
2024-12-18 00:37:40,59,5.9
2024-12-18 00:37:41,58,5.8
2024-12-18 00:37:42,157,15.7
2024-12-18 00:37:43,147,14.7
2024-12-18 00:37:44,149,14.9
2024-12-18 00:37:45,91,9.1
2024-12-18 00:37:46,122,12.2
2024-12-18 00:37:47,111,11.1
2024-12-18 00:37:48,89,8.9
2024-12-18 00:37:49,111,11.1
2024-12-18 00:37:50,83,8.3
2024-12-18 00:37:51,114,11.4
2024-12-18 00:37:52,114,11.4
2024-12-18 00:37:53,84,8.4
2024-12-18 00:37:54,85,8.5
2024-12-18 00:37:55,85,8.5
2024-12-18 00:37:56,86,8.6
2024-12-18 00:37:57,142,14.2
2024-12-18 00:37:58,126,12.6
2024-12-18 00:37:59,63,6.3
2024-12-18 00:38:00,126,12.6
2024-12-18 00:38:01,108,10.8
2024-12-18 00:38:02,54,5.4
2024-12-18 00:38:03,152,15.2
2024-12-18 00:38:04,69,6.9
2024-12-18 00:38:05,111,11.1
2024-12-18 00:38:06,97,9.7
2024-12-18 00:38:07,54,5.4
2024-12-18 00:38:08,103,10.3
2024-12-18 00:38:09,92,9.2
2024-12-18 00:38:10,107,10.7
2024-12-18 00:38:11,106,10.6
2024-12-18 00:38:12,106,10.6
2024-12-18 00:38:13,98,9.8
2024-12-18 00:38:14,119,11.9
2024-12-18 00:38:15,93,9.3
2024-12-18 00:38:16,123,12.3
2024-12-18 00:38:17,114,11.4
2024-12-18 00:38:18,63,6.3
2024-12-18 00:38:19,71,7.1
2024-12-18 00:38:20,124,12.4
2024-12-18 00:38:21,84,8.4
2024-12-18 00:38:22,133,13.3
2024-12-18 00:38:23,157,15.7
2024-12-18 00:38:24,54,5.4
2024-12-18 00:38:25,95,9.5
2024-12-18 00:38:26,139,13.9
2024-12-18 00:38:27,133,13.3
2024-12-18 00:38:28,57,5.7
2024-12-18 00:38:29,100,10.0
2024-12-18 00:38:30,97,9.7
2024-12-18 00:38:31,149,14.9
2024-12-18 00:38:32,54,5.4
2024-12-18 00:38:33,84,8.4
2024-12-18 00:38:34,134,13.4
2024-12-18 00:38:35,65,6.5
2024-12-18 00:38:36,132,13.2
2024-12-18 00:38:37,149,14.9
2024-12-18 00:38:38,140,14.0
2024-12-18 00:38:39,90,9.0
2024-12-18 00:38:40,112,11.2
2024-12-18 00:38:41,62,6.2
2024-12-18 00:38:42,120,12.0
2024-12-18 00:38:43,130,13.0
2024-12-18 00:38:44,66,6.6
2024-12-18 00:38:45,59,5.9
2024-12-18 00:38:46,120,12.0
2024-12-18 00:38:47,127,12.7
2024-12-18 00:38:48,75,7.5
2024-12-18 00:38:49,80,8.0
2024-12-18 00:38:50,156,15.6
2024-12-18 00:38:51,116,11.6
2024-12-18 00:38:52,74,7.4
2024-12-18 00:38:53,121,12.1
2024-12-18 00:38:54,143,14.3
2024-12-18 00:38:55,74,7.4
2024-12-18 00:38:56,71,7.1
2024-12-18 00:38:57,87,8.7
2024-12-18 00:38:58,135,13.5
2024-12-18 00:38:59,144,14.4
2024-12-18 00:39:00,110,11.0
2024-12-18 00:39:01,139,13.9
2024-12-18 00:39:02,69,6.9
2024-12-18 00:39:03,136,13.6
2024-12-18 00:39:04,128,12.8
2024-12-18 00:39:05,133,13.3
2024-12-18 00:39:06,156,15.6
2024-12-18 00:39:07,68,6.8
2024-12-18 00:39:08,106,10.6
2024-12-18 00:39:09,80,8.0
2024-12-18 00:39:10,104,10.4
2024-12-18 00:39:11,126,12.6
2024-12-18 00:39:12,157,15.7
2024-12-18 00:39:13,85,8.5
2024-12-18 00:39:14,60,6.0
2024-12-18 00:39:15,112,11.2
2024-12-18 00:39:16,76,7.6
2024-12-18 00:39:17,91,9.1
2024-12-18 00:39:18,159,15.9
2024-12-18 00:39:19,105,10.5
2024-12-18 00:39:20,60,6.0
2024-12-18 00:39:21,94,9.4
2024-12-18 00:39:22,93,9.3
2024-12-18 00:39:23,134,13.4
2024-12-18 00:39:24,86,8.6
2024-12-18 00:39:25,85,8.5
2024-12-18 00:39:26,55,5.5
2024-12-18 00:39:27,102,10.2
2024-12-18 00:39:28,69,6.9
2024-12-18 00:39:29,138,13.8
2024-12-18 00:39:30,70,7.0
2024-12-18 00:39:31,55,5.5
2024-12-18 00:39:32,71,7.1
2024-12-18 00:39:33,107,10.7
2024-12-18 00:39:34,157,15.7
2024-12-18 00:39:35,157,15.7
2024-12-18 00:39:36,156,15.6
2024-12-18 00:39:37,120,12.0
2024-12-18 00:39:38,67,6.7
2024-12-18 00:39:39,145,14.5
2024-12-18 00:39:40,102,10.2
2024-12-18 00:39:41,154,15.4
2024-12-18 00:39:42,103,10.3
2024-12-18 00:39:43,115,11.5
2024-12-18 00:39:44,100,10.0
2024-12-18 00:39:45,66,6.6
2024-12-18 00:39:46,110,11.0
2024-12-18 00:39:47,145,14.5
2024-12-18 00:39:48,147,14.7
2024-12-18 00:39:49,118,11.8
2024-12-18 00:39:50,81,8.1
2024-12-18 00:39:51,94,9.4
2024-12-18 00:39:52,114,11.4
2024-12-18 00:39:53,67,6.7
2024-12-18 00:39:54,89,8.9
2024-12-18 00:39:55,112,11.2
2024-12-18 00:39:56,100,10.0
2024-12-18 00:39:57,60,6.0
2024-12-18 00:39:58,97,9.7
2024-12-18 00:39:59,85,8.5
2024-12-18 00:40:00,125,12.5
2024-12-18 00:40:01,78,7.8
2024-12-18 00:40:02,85,8.5
2024-12-18 00:40:03,61,6.1
2024-12-18 00:40:04,131,13.1
2024-12-18 00:40:05,101,10.1
2024-12-18 00:40:06,160,16.0
2024-12-18 00:40:07,71,7.1
2024-12-18 00:40:08,57,5.7
2024-12-18 00:40:09,147,14.7
2024-12-18 00:40:10,98,9.8
2024-12-18 00:40:11,90,9.0
2024-12-18 00:40:12,65,6.5
2024-12-18 00:40:13,64,6.4
2024-12-18 00:40:14,95,9.5
2024-12-18 00:40:15,135,13.5
2024-12-18 00:40:16,115,11.5
2024-12-18 00:40:17,130,13.0
2024-12-18 00:40:18,120,12.0
2024-12-18 00:40:19,155,15.5
2024-12-18 00:40:20,144,14.4
2024-12-18 00:40:21,75,7.5
2024-12-18 00:40:22,51,5.1
2024-12-18 00:40:23,136,13.6
2024-12-18 00:40:24,96,9.6
2024-12-18 00:40:25,97,9.7
2024-12-18 00:40:26,131,13.1
2024-12-18 00:40:27,76,7.6
2024-12-18 00:40:28,123,12.3
2024-12-18 00:40:29,121,12.1
2024-12-18 00:40:30,83,8.3
2024-12-18 00:40:31,52,5.2
2024-12-18 00:40:32,115,11.5
2024-12-18 00:40:33,84,8.4
2024-12-18 00:40:34,92,9.2
2024-12-18 00:40:35,98,9.8
2024-12-18 00:40:36,93,9.3
2024-12-18 00:40:37,151,15.1
2024-12-18 00:40:38,123,12.3
2024-12-18 00:40:39,97,9.7
2024-12-18 00:40:40,111,11.1
2024-12-18 00:40:41,84,8.4
2024-12-18 00:40:42,62,6.2
2024-12-18 00:40:43,72,7.2
2024-12-18 00:40:44,98,9.8
2024-12-18 00:40:45,101,10.1
2024-12-18 00:40:46,85,8.5
2024-12-18 00:40:47,108,10.8
2024-12-18 00:40:48,159,15.9
2024-12-18 00:40:49,86,8.6
2024-12-18 00:40:50,82,8.2
2024-12-18 00:40:51,78,7.8
2024-12-18 00:40:52,135,13.5
2024-12-18 00:40:53,143,14.3
2024-12-18 00:40:54,60,6.0
2024-12-18 00:40:55,149,14.9
2024-12-18 00:40:56,160,16.0
2024-12-18 00:40:57,147,14.7
2024-12-18 00:40:58,150,15.0
2024-12-18 00:40:59,132,13.2
2024-12-18 00:41:00,94,9.4
2024-12-18 00:41:01,65,6.5
2024-12-18 00:41:02,149,14.9
2024-12-18 00:41:03,83,8.3
2024-12-18 00:41:04,124,12.4
2024-12-18 00:41:05,159,15.9
2024-12-18 00:41:06,137,13.7
2024-12-18 00:41:07,55,5.5
2024-12-18 00:41:08,109,10.9
2024-12-18 00:41:09,125,12.5
2024-12-18 00:41:10,62,6.2
2024-12-18 00:41:11,81,8.1
2024-12-18 00:41:12,56,5.6
2024-12-18 00:41:13,51,5.1
2024-12-18 00:41:14,119,11.9
2024-12-18 00:41:15,91,9.1
2024-12-18 00:41:16,89,8.9
2024-12-18 00:41:17,152,15.2
2024-12-18 00:41:18,129,12.9
2024-12-18 00:41:19,156,15.6
2024-12-18 00:41:20,113,11.3
2024-12-18 00:41:21,118,11.8
2024-12-18 00:41:22,135,13.5
2024-12-18 00:41:23,132,13.2
2024-12-18 00:41:24,148,14.8
2024-12-18 00:41:25,107,10.7
2024-12-18 00:41:26,155,15.5
2024-12-18 00:41:27,144,14.4
2024-12-18 00:41:28,143,14.3
2024-12-18 00:41:29,128,12.8
2024-12-18 00:41:30,96,9.6
2024-12-18 00:41:31,160,16.0
2024-12-18 00:41:32,58,5.8
2024-12-18 00:41:33,133,13.3
2024-12-18 00:41:34,154,15.4
2024-12-18 00:41:35,91,9.1
2024-12-18 00:41:36,95,9.5
2024-12-18 00:41:37,125,12.5
2024-12-18 00:41:38,60,6.0
2024-12-18 00:41:39,98,9.8
2024-12-18 00:41:40,80,8.0
2024-12-18 00:41:41,79,7.9
2024-12-18 00:41:42,107,10.7
2024-12-18 00:41:43,70,7.0
2024-12-18 00:41:44,72,7.2
2024-12-18 00:41:45,138,13.8
2024-12-18 00:41:46,84,8.4
2024-12-18 00:41:47,106,10.6
2024-12-18 00:41:48,133,13.3
2024-12-18 00:41:49,94,9.4
2024-12-18 00:41:50,143,14.3
2024-12-18 00:41:51,97,9.7
2024-12-18 00:41:52,83,8.3
2024-12-18 00:41:53,67,6.7
2024-12-18 00:41:54,86,8.6
2024-12-18 00:41:55,66,6.6
2024-12-18 00:41:56,157,15.7
2024-12-18 00:41:57,73,7.3
2024-12-18 00:41:58,127,12.7
2024-12-18 00:41:59,145,14.5
2024-12-18 00:42:00,98,9.8
2024-12-18 00:42:01,83,8.3
2024-12-18 00:42:02,53,5.3
2024-12-18 00:42:03,63,6.3
2024-12-18 00:42:04,160,16.0
2024-12-18 00:42:05,70,7.0
2024-12-18 00:42:06,67,6.7
2024-12-18 00:42:07,67,6.7
2024-12-18 00:42:08,52,5.2
2024-12-18 00:42:09,137,13.7
2024-12-18 00:42:10,61,6.1
2024-12-18 00:42:11,124,12.4
2024-12-18 00:42:12,53,5.3
2024-12-18 00:42:13,71,7.1
2024-12-18 00:42:14,61,6.1
2024-12-18 00:42:15,147,14.7
2024-12-18 00:42:16,104,10.4
2024-12-18 00:42:17,121,12.1
2024-12-18 00:42:18,133,13.3
2024-12-18 00:42:19,106,10.6
2024-12-18 00:42:20,80,8.0
2024-12-18 00:42:21,134,13.4
2024-12-18 00:42:22,78,7.8
2024-12-18 00:42:23,144,14.4
2024-12-18 00:42:24,101,10.1
2024-12-18 00:42:25,71,7.1
2024-12-18 00:42:26,108,10.8
2024-12-18 00:42:27,92,9.2
2024-12-18 00:42:28,125,12.5
2024-12-18 00:42:29,113,11.3
2024-12-18 00:42:30,107,10.7
2024-12-18 00:42:31,111,11.1
2024-12-18 00:42:32,52,5.2
2024-12-18 00:42:33,145,14.5
2024-12-18 00:42:34,51,5.1
2024-12-18 00:42:35,74,7.4
2024-12-18 00:42:36,78,7.8
2024-12-18 00:42:37,160,16.0
2024-12-18 00:42:38,67,6.7
2024-12-18 00:42:39,140,14.0
2024-12-18 00:42:40,129,12.9
2024-12-18 00:42:41,80,8.0
2024-12-18 00:42:42,70,7.0
2024-12-18 00:42:43,149,14.9
2024-12-18 00:42:44,135,13.5
2024-12-18 00:42:45,135,13.5
2024-12-18 00:42:46,97,9.7
2024-12-18 00:42:47,103,10.3
2024-12-18 00:42:48,94,9.4
2024-12-18 00:42:49,134,13.4
2024-12-18 00:42:50,128,12.8
2024-12-18 00:42:51,140,14.0
2024-12-18 00:42:52,129,12.9
2024-12-18 00:42:53,140,14.0
2024-12-18 00:42:54,102,10.2
2024-12-18 00:42:55,84,8.4
2024-12-18 00:42:56,88,8.8
2024-12-18 00:42:57,65,6.5
2024-12-18 00:42:58,119,11.9
2024-12-18 00:42:59,128,12.8
2024-12-18 00:43:00,156,15.6
2024-12-18 00:43:01,105,10.5
2024-12-18 00:43:02,86,8.6
2024-12-18 00:43:03,146,14.6
2024-12-18 00:43:04,151,15.1
2024-12-18 00:43:05,57,5.7
2024-12-18 00:43:06,101,10.1
2024-12-18 00:43:07,143,14.3
2024-12-18 00:43:08,155,15.5
2024-12-18 00:43:09,66,6.6
2024-12-18 00:43:10,97,9.7
2024-12-18 00:43:11,84,8.4
2024-12-18 00:43:12,52,5.2
2024-12-18 00:43:13,129,12.9
2024-12-18 00:43:14,149,14.9
2024-12-18 00:43:15,73,7.3
2024-12-18 00:43:16,53,5.3
2024-12-18 00:43:17,105,10.5
2024-12-18 00:43:18,160,16.0
2024-12-18 00:43:19,93,9.3
2024-12-18 00:43:20,142,14.2
2024-12-18 00:43:21,127,12.7
2024-12-18 00:43:22,81,8.1
2024-12-18 00:43:23,115,11.5
2024-12-18 00:43:24,134,13.4
2024-12-18 00:43:25,51,5.1
2024-12-18 00:43:26,108,10.8
2024-12-18 00:43:27,56,5.6
2024-12-18 00:43:28,123,12.3
2024-12-18 00:43:29,77,7.7
2024-12-18 00:43:30,74,7.4
2024-12-18 00:43:31,100,10.0
2024-12-18 00:43:32,65,6.5
2024-12-18 00:43:33,111,11.1
2024-12-18 00:43:34,107,10.7
2024-12-18 00:43:35,64,6.4
2024-12-18 00:43:36,95,9.5
2024-12-18 00:43:37,109,10.9
2024-12-18 00:43:38,159,15.9
2024-12-18 00:43:39,101,10.1
2024-12-18 00:43:40,159,15.9
2024-12-18 00:43:41,114,11.4
2024-12-18 00:43:42,123,12.3
2024-12-18 00:43:43,54,5.4
2024-12-18 00:43:44,95,9.5
2024-12-18 00:43:45,78,7.8
2024-12-18 00:43:46,59,5.9
2024-12-18 00:43:47,59,5.9
2024-12-18 00:43:48,101,10.1
2024-12-18 00:43:49,112,11.2
2024-12-18 00:43:50,118,11.8
2024-12-18 00:43:51,101,10.1
2024-12-18 00:43:52,79,7.9
2024-12-18 00:43:53,83,8.3
2024-12-18 00:43:54,99,9.9
2024-12-18 00:43:55,84,8.4
2024-12-18 00:43:56,134,13.4
2024-12-18 00:43:57,111,11.1
2024-12-18 00:43:58,147,14.7
2024-12-18 00:43:59,85,8.5
2024-12-18 00:44:00,96,9.6
2024-12-18 00:44:01,76,7.6
2024-12-18 00:44:02,125,12.5
2024-12-18 00:44:03,52,5.2
2024-12-18 00:44:04,130,13.0
2024-12-18 00:44:05,67,6.7
2024-12-18 00:44:06,101,10.1
2024-12-18 00:44:07,89,8.9
2024-12-18 00:44:08,82,8.2
2024-12-18 00:44:09,88,8.8
2024-12-18 00:44:10,109,10.9
2024-12-18 00:44:11,74,7.4
2024-12-18 00:44:12,95,9.5
2024-12-18 00:44:13,140,14.0
2024-12-18 00:44:14,106,10.6
2024-12-18 00:44:15,127,12.7
2024-12-18 00:44:16,91,9.1
2024-12-18 00:44:17,55,5.5
2024-12-18 00:44:18,106,10.6
2024-12-18 00:44:19,99,9.9
2024-12-18 00:44:20,72,7.2
2024-12-18 00:44:21,137,13.7
2024-12-18 00:44:22,115,11.5
2024-12-18 00:44:23,59,5.9
2024-12-18 00:44:24,90,9.0
2024-12-18 00:44:25,63,6.3
2024-12-18 00:44:26,158,15.8
2024-12-18 00:44:27,120,12.0
2024-12-18 00:44:28,111,11.1
2024-12-18 00:44:29,70,7.0
2024-12-18 00:44:30,135,13.5
2024-12-18 00:44:31,72,7.2
2024-12-18 00:44:32,134,13.4
2024-12-18 00:44:33,74,7.4
2024-12-18 00:44:34,146,14.6
2024-12-18 00:44:35,107,10.7
2024-12-18 00:44:36,87,8.7
2024-12-18 00:44:37,133,13.3
2024-12-18 00:44:38,149,14.9
2024-12-18 00:44:39,53,5.3
2024-12-18 00:44:40,86,8.6
2024-12-18 00:44:41,66,6.6
2024-12-18 00:44:42,121,12.1
2024-12-18 00:44:43,107,10.7
2024-12-18 00:44:44,143,14.3
2024-12-18 00:44:45,60,6.0
2024-12-18 00:44:46,54,5.4
2024-12-18 00:44:47,98,9.8
2024-12-18 00:44:48,60,6.0
2024-12-18 00:44:49,53,5.3
2024-12-18 00:44:50,65,6.5
2024-12-18 00:44:51,77,7.7
2024-12-18 00:44:52,65,6.5
2024-12-18 00:44:53,121,12.1
2024-12-18 00:44:54,148,14.8
2024-12-18 00:44:55,67,6.7
2024-12-18 00:44:56,159,15.9
2024-12-18 00:44:57,94,9.4
2024-12-18 00:44:58,103,10.3
2024-12-18 00:44:59,98,9.8
2024-12-18 00:45:00,54,5.4
2024-12-18 00:45:01,85,8.5
2024-12-18 00:45:02,77,7.7
2024-12-18 00:45:03,114,11.4
2024-12-18 00:45:04,133,13.3
2024-12-18 00:45:05,64,6.4
2024-12-18 00:45:06,90,9.0
2024-12-18 00:45:07,105,10.5
2024-12-18 00:45:08,142,14.2
2024-12-18 00:45:09,133,13.3
2024-12-18 00:45:10,141,14.1
2024-12-18 00:45:11,82,8.2
2024-12-18 00:45:12,84,8.4
2024-12-18 00:45:13,119,11.9
2024-12-18 00:45:14,148,14.8
2024-12-18 00:45:15,97,9.7
2024-12-18 00:45:16,61,6.1
2024-12-18 00:45:17,97,9.7
2024-12-18 00:45:18,84,8.4
2024-12-18 00:45:19,156,15.6
2024-12-18 00:45:20,60,6.0
2024-12-18 00:45:21,127,12.7
2024-12-18 00:45:22,107,10.7
2024-12-18 00:45:23,129,12.9
2024-12-18 00:45:24,57,5.7
2024-12-18 00:45:25,95,9.5
2024-12-18 00:45:26,152,15.2
2024-12-18 00:45:27,112,11.2
2024-12-18 00:45:28,111,11.1
2024-12-18 00:45:29,106,10.6
2024-12-18 00:45:30,159,15.9
2024-12-18 00:45:31,87,8.7
2024-12-18 00:45:32,72,7.2
2024-12-18 00:45:33,78,7.8
2024-12-18 00:45:34,114,11.4
2024-12-18 00:45:35,154,15.4
2024-12-18 00:45:36,125,12.5
2024-12-18 00:45:37,119,11.9
2024-12-18 00:45:38,81,8.1
2024-12-18 00:45:39,126,12.6
2024-12-18 00:45:40,61,6.1
2024-12-18 00:45:41,157,15.7
2024-12-18 00:45:42,156,15.6
2024-12-18 00:45:43,60,6.0
2024-12-18 00:45:44,157,15.7
2024-12-18 00:45:45,88,8.8
2024-12-18 00:45:46,108,10.8
2024-12-18 00:45:47,149,14.9
2024-12-18 00:45:48,121,12.1
2024-12-18 00:45:49,81,8.1
2024-12-18 00:45:50,148,14.8
2024-12-18 00:45:51,79,7.9
2024-12-18 00:45:52,123,12.3
2024-12-18 00:45:53,119,11.9
2024-12-18 00:45:54,102,10.2
2024-12-18 00:45:55,153,15.3
2024-12-18 00:45:56,128,12.8
2024-12-18 00:45:57,136,13.6
2024-12-18 00:45:58,153,15.3
2024-12-18 00:45:59,72,7.2
2024-12-18 00:46:00,138,13.8
2024-12-18 00:46:01,55,5.5
2024-12-18 00:46:02,129,12.9
2024-12-18 00:46:03,77,7.7
2024-12-18 00:46:04,138,13.8
2024-12-18 00:46:05,156,15.6
2024-12-18 00:46:06,111,11.1
2024-12-18 00:46:07,92,9.2
2024-12-18 00:46:08,52,5.2
2024-12-18 00:46:09,52,5.2
2024-12-18 00:46:10,151,15.1
2024-12-18 00:46:11,152,15.2
2024-12-18 00:46:12,117,11.7
2024-12-18 00:46:13,100,10.0
2024-12-18 00:46:14,96,9.6
2024-12-18 00:46:15,154,15.4
2024-12-18 00:46:16,122,12.2
2024-12-18 00:46:17,145,14.5
2024-12-18 00:46:18,68,6.8
2024-12-18 00:46:19,116,11.6
2024-12-18 00:46:20,100,10.0
2024-12-18 00:46:21,82,8.2
2024-12-18 00:46:22,146,14.6
2024-12-18 00:46:23,102,10.2
2024-12-18 00:46:24,95,9.5
2024-12-18 00:46:25,99,9.9
2024-12-18 00:46:26,149,14.9
2024-12-18 00:46:27,93,9.3
2024-12-18 00:46:28,116,11.6
2024-12-18 00:46:29,54,5.4
2024-12-18 00:46:30,52,5.2
2024-12-18 00:46:31,157,15.7
2024-12-18 00:46:32,155,15.5
2024-12-18 00:46:33,126,12.6
2024-12-18 00:46:34,124,12.4
2024-12-18 00:46:35,58,5.8
2024-12-18 00:46:36,154,15.4
2024-12-18 00:46:37,128,12.8
2024-12-18 00:46:38,69,6.9
2024-12-18 00:46:39,55,5.5
2024-12-18 00:46:40,100,10.0
2024-12-18 00:46:41,111,11.1
2024-12-18 00:46:42,146,14.6
2024-12-18 00:46:43,109,10.9
2024-12-18 00:46:44,67,6.7
2024-12-18 00:46:45,63,6.3
2024-12-18 00:46:46,160,16.0
2024-12-18 00:46:47,136,13.6
2024-12-18 00:46:48,124,12.4
2024-12-18 00:46:49,133,13.3
2024-12-18 00:46:50,140,14.0
2024-12-18 00:46:51,146,14.6
2024-12-18 00:46:52,150,15.0
2024-12-18 00:46:53,71,7.1
2024-12-18 00:46:54,82,8.2
2024-12-18 00:46:55,83,8.3
2024-12-18 00:46:56,157,15.7
2024-12-18 00:46:57,67,6.7
2024-12-18 00:46:58,94,9.4
2024-12-18 00:46:59,112,11.2
2024-12-18 00:47:00,122,12.2
2024-12-18 00:47:01,70,7.0
2024-12-18 00:47:02,114,11.4
2024-12-18 00:47:03,65,6.5
2024-12-18 00:47:04,154,15.4
2024-12-18 00:47:05,70,7.0
2024-12-18 00:47:06,149,14.9
2024-12-18 00:47:07,80,8.0
2024-12-18 00:47:08,75,7.5
2024-12-18 00:47:09,138,13.8
2024-12-18 00:47:10,122,12.2
2024-12-18 00:47:11,150,15.0
2024-12-18 00:47:12,140,14.0
2024-12-18 00:47:13,154,15.4
2024-12-18 00:47:14,125,12.5
2024-12-18 00:47:15,90,9.0
2024-12-18 00:47:16,134,13.4
2024-12-18 00:47:17,53,5.3
2024-12-18 00:47:18,75,7.5
2024-12-18 00:47:19,137,13.7
2024-12-18 00:47:20,132,13.2
2024-12-18 00:47:21,137,13.7
2024-12-18 00:47:22,139,13.9
2024-12-18 00:47:23,66,6.6
2024-12-18 00:47:24,129,12.9
2024-12-18 00:47:25,159,15.9
2024-12-18 00:47:26,66,6.6
2024-12-18 00:47:27,62,6.2
2024-12-18 00:47:28,86,8.6
2024-12-18 00:47:29,114,11.4
2024-12-18 00:47:30,90,9.0
2024-12-18 00:47:31,137,13.7
2024-12-18 00:47:32,158,15.8
2024-12-18 00:47:33,88,8.8
2024-12-18 00:47:34,68,6.8
2024-12-18 00:47:35,66,6.6
2024-12-18 00:47:36,154,15.4
2024-12-18 00:47:37,96,9.6
2024-12-18 00:47:38,64,6.4
2024-12-18 00:47:39,76,7.6
2024-12-18 00:47:40,153,15.3
2024-12-18 00:47:41,83,8.3
2024-12-18 00:47:42,55,5.5
2024-12-18 00:47:43,148,14.8
2024-12-18 00:47:44,78,7.8
2024-12-18 00:47:45,118,11.8
2024-12-18 00:47:46,93,9.3
2024-12-18 00:47:47,132,13.2
2024-12-18 00:47:48,50,5.0
2024-12-18 00:47:49,112,11.2
2024-12-18 00:47:50,97,9.7
2024-12-18 00:47:51,122,12.2
2024-12-18 00:47:52,85,8.5
2024-12-18 00:47:53,61,6.1
2024-12-18 00:47:54,72,7.2
2024-12-18 00:47:55,82,8.2
2024-12-18 00:47:56,154,15.4
2024-12-18 00:47:57,143,14.3
2024-12-18 00:47:58,82,8.2
2024-12-18 00:47:59,111,11.1
2024-12-18 00:48:00,159,15.9
2024-12-18 00:48:01,159,15.9
2024-12-18 00:48:02,136,13.6
2024-12-18 00:48:03,158,15.8
2024-12-18 00:48:04,105,10.5
2024-12-18 00:48:05,78,7.8
2024-12-18 00:48:06,61,6.1
2024-12-18 00:48:07,160,16.0
2024-12-18 00:48:08,153,15.3
2024-12-18 00:48:09,102,10.2
2024-12-18 00:48:10,53,5.3
2024-12-18 00:48:11,127,12.7
2024-12-18 00:48:12,91,9.1
2024-12-18 00:48:13,102,10.2
2024-12-18 00:48:14,121,12.1
2024-12-18 00:48:15,136,13.6
2024-12-18 00:48:16,153,15.3
2024-12-18 00:48:17,64,6.4
2024-12-18 00:48:18,97,9.7
2024-12-18 00:48:19,145,14.5
2024-12-18 00:48:20,133,13.3
2024-12-18 00:48:21,69,6.9
2024-12-18 00:48:22,83,8.3
2024-12-18 00:48:23,61,6.1
2024-12-18 00:48:24,72,7.2
2024-12-18 00:48:25,147,14.7
2024-12-18 00:48:26,89,8.9
2024-12-18 00:48:27,82,8.2
2024-12-18 00:48:28,158,15.8
2024-12-18 00:48:29,129,12.9
2024-12-18 00:48:30,103,10.3
2024-12-18 00:48:31,104,10.4
2024-12-18 00:48:32,113,11.3
2024-12-18 00:48:33,138,13.8
2024-12-18 00:48:34,144,14.4
2024-12-18 00:48:35,68,6.8
2024-12-18 00:48:36,76,7.6
2024-12-18 00:48:37,60,6.0
2024-12-18 00:48:38,121,12.1
2024-12-18 00:48:39,112,11.2
2024-12-18 00:48:40,71,7.1
2024-12-18 00:48:41,116,11.6
2024-12-18 00:48:42,74,7.4
2024-12-18 00:48:43,147,14.7
2024-12-18 00:48:44,71,7.1
2024-12-18 00:48:45,148,14.8
2024-12-18 00:48:46,124,12.4
2024-12-18 00:48:47,114,11.4
2024-12-18 00:48:48,76,7.6
2024-12-18 00:48:49,131,13.1
2024-12-18 00:48:50,61,6.1
2024-12-18 00:48:51,84,8.4
2024-12-18 00:48:52,86,8.6
2024-12-18 00:48:53,94,9.4
2024-12-18 00:48:54,58,5.8
2024-12-18 00:48:55,90,9.0
2024-12-18 00:48:56,73,7.3
2024-12-18 00:48:57,123,12.3
2024-12-18 00:48:58,103,10.3
2024-12-18 00:48:59,150,15.0
2024-12-18 00:49:00,103,10.3
2024-12-18 00:49:01,116,11.6
2024-12-18 00:49:02,53,5.3
2024-12-18 00:49:03,68,6.8
2024-12-18 00:49:04,64,6.4
2024-12-18 00:49:05,141,14.1
2024-12-18 00:49:06,94,9.4
2024-12-18 00:49:07,85,8.5
2024-12-18 00:49:08,115,11.5
2024-12-18 00:49:09,115,11.5
2024-12-18 00:49:10,108,10.8
2024-12-18 00:49:11,148,14.8
2024-12-18 00:49:12,154,15.4
2024-12-18 00:49:13,110,11.0
2024-12-18 00:49:14,155,15.5
2024-12-18 00:49:15,94,9.4
2024-12-18 00:49:16,62,6.2
2024-12-18 00:49:17,95,9.5
2024-12-18 00:49:18,58,5.8
2024-12-18 00:49:19,107,10.7
2024-12-18 00:49:20,152,15.2
2024-12-18 00:49:21,149,14.9
2024-12-18 00:49:22,146,14.6
2024-12-18 00:49:23,157,15.7
2024-12-18 00:49:24,64,6.4
2024-12-18 00:49:25,60,6.0
2024-12-18 00:49:26,68,6.8
2024-12-18 00:49:27,85,8.5
2024-12-18 00:49:28,160,16.0
2024-12-18 00:49:29,128,12.8
2024-12-18 00:49:30,55,5.5
2024-12-18 00:49:31,90,9.0
2024-12-18 00:49:32,98,9.8
2024-12-18 00:49:33,140,14.0
2024-12-18 00:49:34,92,9.2
2024-12-18 00:49:35,103,10.3
2024-12-18 00:49:36,81,8.1
2024-12-18 00:49:37,141,14.1
2024-12-18 00:49:38,78,7.8
2024-12-18 00:49:39,50,5.0
2024-12-18 00:49:40,96,9.6
2024-12-18 00:49:41,94,9.4
2024-12-18 00:49:42,68,6.8
2024-12-18 00:49:43,155,15.5
2024-12-18 00:49:44,87,8.7
2024-12-18 00:49:45,99,9.9
2024-12-18 00:49:46,87,8.7
2024-12-18 00:49:47,73,7.3
2024-12-18 00:49:48,64,6.4
2024-12-18 00:49:49,80,8.0
2024-12-18 00:49:50,72,7.2
2024-12-18 00:49:51,157,15.7
2024-12-18 00:49:52,82,8.2
2024-12-18 00:49:53,93,9.3
2024-12-18 00:49:54,64,6.4
2024-12-18 00:49:55,114,11.4
2024-12-18 00:49:56,70,7.0
2024-12-18 00:49:57,126,12.6
2024-12-18 00:49:58,132,13.2
2024-12-18 00:49:59,135,13.5
2024-12-18 00:50:00,126,12.6
2024-12-18 00:50:01,96,9.6
2024-12-18 00:50:02,79,7.9
2024-12-18 00:50:03,126,12.6
2024-12-18 00:50:04,136,13.6
2024-12-18 00:50:05,122,12.2
2024-12-18 00:50:06,108,10.8
2024-12-18 00:50:07,108,10.8
2024-12-18 00:50:08,101,10.1
2024-12-18 00:50:09,106,10.6
2024-12-18 00:50:10,127,12.7
2024-12-18 00:50:11,62,6.2
2024-12-18 00:50:12,70,7.0
2024-12-18 00:50:13,138,13.8
2024-12-18 00:50:14,120,12.0
2024-12-18 00:50:15,59,5.9
2024-12-18 00:50:16,140,14.0
2024-12-18 00:50:17,87,8.7
2024-12-18 00:50:18,142,14.2
2024-12-18 00:50:19,77,7.7
2024-12-18 00:50:20,160,16.0
2024-12-18 00:50:21,83,8.3
2024-12-18 00:50:22,79,7.9
2024-12-18 00:50:23,87,8.7
2024-12-18 00:50:24,130,13.0
2024-12-18 00:50:25,87,8.7
2024-12-18 00:50:26,68,6.8
2024-12-18 00:50:27,83,8.3
2024-12-18 00:50:28,78,7.8
2024-12-18 00:50:29,129,12.9
2024-12-18 00:50:30,58,5.8
2024-12-18 00:50:31,82,8.2
2024-12-18 00:50:32,150,15.0
2024-12-18 00:50:33,61,6.1
2024-12-18 00:50:34,129,12.9
2024-12-18 00:50:35,119,11.9
2024-12-18 00:50:36,126,12.6
2024-12-18 00:50:37,54,5.4
2024-12-18 00:50:38,154,15.4
2024-12-18 00:50:39,148,14.8
2024-12-18 00:50:40,123,12.3
2024-12-18 00:50:41,141,14.1
2024-12-18 00:50:42,75,7.5
2024-12-18 00:50:43,81,8.1
2024-12-18 00:50:44,52,5.2
2024-12-18 00:50:45,135,13.5
2024-12-18 00:50:46,150,15.0
2024-12-18 00:50:47,80,8.0
2024-12-18 00:50:48,133,13.3
2024-12-18 00:50:49,66,6.6
2024-12-18 00:50:50,104,10.4
2024-12-18 00:50:51,139,13.9
2024-12-18 00:50:52,57,5.7
2024-12-18 00:50:53,114,11.4
2024-12-18 00:50:54,53,5.3
2024-12-18 00:50:55,98,9.8
2024-12-18 00:50:56,99,9.9
2024-12-18 00:50:57,83,8.3
2024-12-18 00:50:58,110,11.0
2024-12-18 00:50:59,57,5.7
2024-12-18 00:51:00,65,6.5
2024-12-18 00:51:01,92,9.2
2024-12-18 00:51:02,63,6.3
2024-12-18 00:51:03,104,10.4
2024-12-18 00:51:04,98,9.8
2024-12-18 00:51:05,80,8.0
2024-12-18 00:51:06,107,10.7
2024-12-18 00:51:07,109,10.9
2024-12-18 00:51:08,77,7.7
2024-12-18 00:51:09,76,7.6
2024-12-18 00:51:10,79,7.9
2024-12-18 00:51:11,124,12.4
2024-12-18 00:51:12,138,13.8
2024-12-18 00:51:13,99,9.9
2024-12-18 00:51:14,127,12.7
2024-12-18 00:51:15,155,15.5
2024-12-18 00:51:16,76,7.6
2024-12-18 00:51:17,78,7.8
2024-12-18 00:51:18,54,5.4
2024-12-18 00:51:19,137,13.7
2024-12-18 00:51:20,119,11.9
2024-12-18 00:51:21,62,6.2
2024-12-18 00:51:22,83,8.3
2024-12-18 00:51:23,78,7.8
2024-12-18 00:51:24,116,11.6
2024-12-18 00:51:25,61,6.1
2024-12-18 00:51:26,90,9.0
2024-12-18 00:51:27,102,10.2
2024-12-18 00:51:28,64,6.4
2024-12-18 00:51:29,68,6.8
2024-12-18 00:51:30,63,6.3
2024-12-18 00:51:31,68,6.8
2024-12-18 00:51:32,129,12.9
2024-12-18 00:51:33,89,8.9
2024-12-18 00:51:34,81,8.1
2024-12-18 00:51:35,111,11.1
2024-12-18 00:51:36,143,14.3
2024-12-18 00:51:37,130,13.0
2024-12-18 00:51:38,138,13.8
2024-12-18 00:51:39,51,5.1
2024-12-18 00:51:40,153,15.3
2024-12-18 00:51:41,137,13.7
2024-12-18 00:51:42,124,12.4
2024-12-18 00:51:43,56,5.6
2024-12-18 00:51:44,141,14.1
2024-12-18 00:51:45,132,13.2
2024-12-18 00:51:46,68,6.8
2024-12-18 00:51:47,77,7.7
2024-12-18 00:51:48,63,6.3
2024-12-18 00:51:49,65,6.5
2024-12-18 00:51:50,129,12.9
2024-12-18 00:51:51,72,7.2
2024-12-18 00:51:52,149,14.9
2024-12-18 00:51:53,77,7.7
2024-12-18 00:51:54,68,6.8
2024-12-18 00:51:55,107,10.7
2024-12-18 00:51:56,93,9.3
2024-12-18 00:51:57,67,6.7
2024-12-18 00:51:58,128,12.8
2024-12-18 00:51:59,80,8.0
2024-12-18 00:52:00,92,9.2
2024-12-18 00:52:01,90,9.0
2024-12-18 00:52:02,68,6.8
2024-12-18 00:52:03,102,10.2
2024-12-18 00:52:04,66,6.6
2024-12-18 00:52:05,63,6.3
2024-12-18 00:52:06,129,12.9
2024-12-18 00:52:07,50,5.0
2024-12-18 00:52:08,150,15.0
2024-12-18 00:52:09,91,9.1
2024-12-18 00:52:10,83,8.3
2024-12-18 00:52:11,113,11.3
2024-12-18 00:52:12,82,8.2
2024-12-18 00:52:13,79,7.9
2024-12-18 00:52:14,58,5.8
2024-12-18 00:52:15,63,6.3
2024-12-18 00:52:16,88,8.8
2024-12-18 00:52:17,134,13.4
2024-12-18 00:52:18,92,9.2
2024-12-18 00:52:19,56,5.6
2024-12-18 00:52:20,67,6.7
2024-12-18 00:52:21,55,5.5
2024-12-18 00:52:22,141,14.1
2024-12-18 00:52:23,63,6.3
2024-12-18 00:52:24,82,8.2
2024-12-18 00:52:25,102,10.2
2024-12-18 00:52:26,121,12.1
2024-12-18 00:52:27,137,13.7
2024-12-18 00:52:28,106,10.6
2024-12-18 00:52:29,61,6.1
2024-12-18 00:52:30,63,6.3
2024-12-18 00:52:31,123,12.3
2024-12-18 00:52:32,155,15.5
2024-12-18 00:52:33,122,12.2
2024-12-18 00:52:34,81,8.1
2024-12-18 00:52:35,56,5.6
2024-12-18 00:52:36,86,8.6
2024-12-18 00:52:37,62,6.2
2024-12-18 00:52:38,106,10.6
2024-12-18 00:52:39,70,7.0
2024-12-18 00:52:40,76,7.6
2024-12-18 00:52:41,144,14.4
2024-12-18 00:52:42,111,11.1
2024-12-18 00:52:43,147,14.7
2024-12-18 00:52:44,137,13.7
2024-12-18 00:52:45,50,5.0
2024-12-18 00:52:46,54,5.4
2024-12-18 00:52:47,104,10.4
2024-12-18 00:52:48,129,12.9
2024-12-18 00:52:49,92,9.2
2024-12-18 00:52:50,160,16.0
2024-12-18 00:52:51,158,15.8
2024-12-18 00:52:52,113,11.3
2024-12-18 00:52:53,131,13.1
2024-12-18 00:52:54,146,14.6
2024-12-18 00:52:55,119,11.9
2024-12-18 00:52:56,105,10.5
2024-12-18 00:52:57,132,13.2
2024-12-18 00:52:58,56,5.6
2024-12-18 00:52:59,68,6.8
2024-12-18 00:53:00,56,5.6
2024-12-18 00:53:01,66,6.6
2024-12-18 00:53:02,147,14.7
2024-12-18 00:53:03,105,10.5
2024-12-18 00:53:04,84,8.4
2024-12-18 00:53:05,142,14.2
2024-12-18 00:53:06,63,6.3
2024-12-18 00:53:07,135,13.5
2024-12-18 00:53:08,138,13.8
2024-12-18 00:53:09,117,11.7
2024-12-18 00:53:10,56,5.6
2024-12-18 00:53:11,143,14.3
2024-12-18 00:53:12,66,6.6
2024-12-18 00:53:13,150,15.0
2024-12-18 00:53:14,75,7.5
2024-12-18 00:53:15,129,12.9
2024-12-18 00:53:16,61,6.1
2024-12-18 00:53:17,126,12.6
2024-12-18 00:53:18,78,7.8
2024-12-18 00:53:19,116,11.6
2024-12-18 00:53:20,136,13.6
2024-12-18 00:53:21,96,9.6
2024-12-18 00:53:22,50,5.0
2024-12-18 00:53:23,120,12.0
2024-12-18 00:53:24,130,13.0
2024-12-18 00:53:25,110,11.0
2024-12-18 00:53:26,136,13.6
2024-12-18 00:53:27,116,11.6
2024-12-18 00:53:28,116,11.6
2024-12-18 00:53:29,50,5.0
2024-12-18 00:53:30,56,5.6
2024-12-18 00:53:31,68,6.8
2024-12-18 00:53:32,88,8.8
2024-12-18 00:53:33,80,8.0
2024-12-18 00:53:34,146,14.6
2024-12-18 00:53:35,122,12.2
2024-12-18 00:53:36,89,8.9
2024-12-18 00:53:37,56,5.6
2024-12-18 00:53:38,128,12.8
2024-12-18 00:53:39,63,6.3
2024-12-18 00:53:40,74,7.4
2024-12-18 00:53:41,124,12.4
2024-12-18 00:53:42,138,13.8
2024-12-18 00:53:43,136,13.6
2024-12-18 00:53:44,146,14.6
2024-12-18 00:53:45,144,14.4
2024-12-18 00:53:46,120,12.0
2024-12-18 00:53:47,146,14.6
2024-12-18 00:53:48,64,6.4
2024-12-18 00:53:49,85,8.5
2024-12-18 00:53:50,74,7.4
2024-12-18 00:53:51,139,13.9
2024-12-18 00:53:52,60,6.0
2024-12-18 00:53:53,107,10.7
2024-12-18 00:53:54,121,12.1
2024-12-18 00:53:55,91,9.1
2024-12-18 00:53:56,160,16.0
2024-12-18 00:53:57,61,6.1
2024-12-18 00:53:58,66,6.6
2024-12-18 00:53:59,120,12.0
2024-12-18 00:54:00,102,10.2
2024-12-18 00:54:01,101,10.1
2024-12-18 00:54:02,121,12.1
2024-12-18 00:54:03,142,14.2
2024-12-18 00:54:04,130,13.0
2024-12-18 00:54:05,115,11.5
2024-12-18 00:54:06,159,15.9
2024-12-18 00:54:07,144,14.4
2024-12-18 00:54:08,60,6.0
2024-12-18 00:54:09,159,15.9
2024-12-18 00:54:10,146,14.6
2024-12-18 00:54:11,113,11.3
2024-12-18 00:54:12,95,9.5
2024-12-18 00:54:13,64,6.4
2024-12-18 00:54:14,98,9.8
2024-12-18 00:54:15,89,8.9
2024-12-18 00:54:16,86,8.6
2024-12-18 00:54:17,94,9.4
2024-12-18 00:54:18,113,11.3
2024-12-18 00:54:19,87,8.7
2024-12-18 00:54:20,111,11.1
2024-12-18 00:54:21,152,15.2
2024-12-18 00:54:22,76,7.6
2024-12-18 00:54:23,86,8.6
2024-12-18 00:54:24,93,9.3
2024-12-18 00:54:25,56,5.6
2024-12-18 00:54:26,113,11.3
2024-12-18 00:54:27,128,12.8
2024-12-18 00:54:28,151,15.1
2024-12-18 00:54:29,59,5.9
2024-12-18 00:54:30,100,10.0
2024-12-18 00:54:31,111,11.1
2024-12-18 00:54:32,64,6.4
2024-12-18 00:54:33,68,6.8
2024-12-18 00:54:34,51,5.1
2024-12-18 00:54:35,99,9.9
2024-12-18 00:54:36,51,5.1
2024-12-18 00:54:37,70,7.0
2024-12-18 00:54:38,118,11.8
2024-12-18 00:54:39,112,11.2
2024-12-18 00:54:40,71,7.1
2024-12-18 00:54:41,146,14.6
2024-12-18 00:54:42,54,5.4
2024-12-18 00:54:43,123,12.3
2024-12-18 00:54:44,96,9.6
2024-12-18 00:54:45,145,14.5
2024-12-18 00:54:46,115,11.5
2024-12-18 00:54:47,138,13.8
2024-12-18 00:54:48,94,9.4
2024-12-18 00:54:49,118,11.8
2024-12-18 00:54:50,86,8.6
2024-12-18 00:54:51,82,8.2
2024-12-18 00:54:52,110,11.0
2024-12-18 00:54:53,151,15.1
2024-12-18 00:54:54,63,6.3
2024-12-18 00:54:55,146,14.6
2024-12-18 00:54:56,139,13.9
2024-12-18 00:54:57,144,14.4
2024-12-18 00:54:58,74,7.4
2024-12-18 00:54:59,160,16.0
2024-12-18 00:55:00,129,12.9
2024-12-18 00:55:01,126,12.6
2024-12-18 00:55:02,127,12.7
2024-12-18 00:55:03,108,10.8
2024-12-18 00:55:04,147,14.7
2024-12-18 00:55:05,103,10.3
2024-12-18 00:55:06,127,12.7
2024-12-18 00:55:07,155,15.5
2024-12-18 00:55:08,86,8.6
2024-12-18 00:55:09,118,11.8
2024-12-18 00:55:10,96,9.6
2024-12-18 00:55:11,133,13.3
2024-12-18 00:55:12,79,7.9
2024-12-18 00:55:13,104,10.4
2024-12-18 00:55:14,101,10.1
2024-12-18 00:55:15,110,11.0
2024-12-18 00:55:16,100,10.0
2024-12-18 00:55:17,151,15.1
2024-12-18 00:55:18,146,14.6
2024-12-18 00:55:19,64,6.4
2024-12-18 00:55:20,71,7.1
2024-12-18 00:55:21,160,16.0
2024-12-18 00:55:22,107,10.7
2024-12-18 00:55:23,100,10.0
2024-12-18 00:55:24,121,12.1
2024-12-18 00:55:25,126,12.6
2024-12-18 00:55:26,105,10.5
2024-12-18 00:55:27,106,10.6
2024-12-18 00:55:28,139,13.9
2024-12-18 00:55:29,133,13.3
2024-12-18 00:55:30,80,8.0
2024-12-18 00:55:31,136,13.6
2024-12-18 00:55:32,120,12.0
2024-12-18 00:55:33,127,12.7
2024-12-18 00:55:34,99,9.9
2024-12-18 00:55:35,68,6.8
2024-12-18 00:55:36,89,8.9
2024-12-18 00:55:37,115,11.5
2024-12-18 00:55:38,140,14.0
2024-12-18 00:55:39,158,15.8
2024-12-18 00:55:40,116,11.6
2024-12-18 00:55:41,136,13.6
2024-12-18 00:55:42,125,12.5
2024-12-18 00:55:43,147,14.7
2024-12-18 00:55:44,126,12.6
2024-12-18 00:55:45,74,7.4
2024-12-18 00:55:46,102,10.2
2024-12-18 00:55:47,79,7.9
2024-12-18 00:55:48,50,5.0
2024-12-18 00:55:49,150,15.0
2024-12-18 00:55:50,119,11.9
2024-12-18 00:55:51,98,9.8
2024-12-18 00:55:52,126,12.6
2024-12-18 00:55:53,146,14.6
2024-12-18 00:55:54,99,9.9
2024-12-18 00:55:55,53,5.3
2024-12-18 00:55:56,81,8.1
2024-12-18 00:55:57,158,15.8
2024-12-18 00:55:58,142,14.2
2024-12-18 00:55:59,66,6.6
2024-12-18 00:56:00,56,5.6
2024-12-18 00:56:01,123,12.3
2024-12-18 00:56:02,85,8.5
2024-12-18 00:56:03,68,6.8
2024-12-18 00:56:04,126,12.6
2024-12-18 00:56:05,124,12.4
2024-12-18 00:56:06,74,7.4
2024-12-18 00:56:07,125,12.5
2024-12-18 00:56:08,73,7.3
2024-12-18 00:56:09,99,9.9
2024-12-18 00:56:10,160,16.0
2024-12-18 00:56:11,128,12.8
2024-12-18 00:56:12,119,11.9
2024-12-18 00:56:13,126,12.6
2024-12-18 00:56:14,152,15.2
2024-12-18 00:56:15,69,6.9
2024-12-18 00:56:16,156,15.6
2024-12-18 00:56:17,75,7.5
2024-12-18 00:56:18,74,7.4
2024-12-18 00:56:19,121,12.1
2024-12-18 00:56:20,115,11.5
2024-12-18 00:56:21,75,7.5
2024-12-18 00:56:22,67,6.7
2024-12-18 00:56:23,78,7.8
2024-12-18 00:56:24,80,8.0
2024-12-18 00:56:25,157,15.7
2024-12-18 00:56:26,160,16.0
2024-12-18 00:56:27,56,5.6
2024-12-18 00:56:28,99,9.9
2024-12-18 00:56:29,98,9.8
2024-12-18 00:56:30,160,16.0
2024-12-18 00:56:31,56,5.6
2024-12-18 00:56:32,74,7.4
2024-12-18 00:56:33,153,15.3
2024-12-18 00:56:34,71,7.1
2024-12-18 00:56:35,50,5.0
2024-12-18 00:56:36,119,11.9
2024-12-18 00:56:37,53,5.3
2024-12-18 00:56:38,73,7.3
2024-12-18 00:56:39,52,5.2
2024-12-18 00:56:40,106,10.6
2024-12-18 00:56:41,83,8.3
2024-12-18 00:56:42,92,9.2
2024-12-18 00:56:43,109,10.9
2024-12-18 00:56:44,84,8.4
2024-12-18 00:56:45,79,7.9
2024-12-18 00:56:46,134,13.4
2024-12-18 00:56:47,129,12.9
2024-12-18 00:56:48,119,11.9
2024-12-18 00:56:49,82,8.2
2024-12-18 00:56:50,99,9.9
2024-12-18 00:56:51,113,11.3
2024-12-18 00:56:52,51,5.1
2024-12-18 00:56:53,58,5.8
2024-12-18 00:56:54,65,6.5
2024-12-18 00:56:55,151,15.1
2024-12-18 00:56:56,85,8.5
2024-12-18 00:56:57,124,12.4
2024-12-18 00:56:58,135,13.5
2024-12-18 00:56:59,119,11.9
2024-12-18 00:57:00,65,6.5
2024-12-18 00:57:01,153,15.3
2024-12-18 00:57:02,86,8.6
2024-12-18 00:57:03,63,6.3
2024-12-18 00:57:04,59,5.9
2024-12-18 00:57:05,109,10.9
2024-12-18 00:57:06,97,9.7
2024-12-18 00:57:07,124,12.4
2024-12-18 00:57:08,78,7.8
2024-12-18 00:57:09,153,15.3
2024-12-18 00:57:10,98,9.8
2024-12-18 00:57:11,61,6.1
2024-12-18 00:57:12,96,9.6
2024-12-18 00:57:13,92,9.2
2024-12-18 00:57:14,135,13.5
2024-12-18 00:57:15,101,10.1
2024-12-18 00:57:16,125,12.5
2024-12-18 00:57:17,79,7.9
2024-12-18 00:57:18,139,13.9
2024-12-18 00:57:19,147,14.7
2024-12-18 00:57:20,139,13.9
2024-12-18 00:57:21,55,5.5
2024-12-18 00:57:22,65,6.5
2024-12-18 00:57:23,145,14.5
2024-12-18 00:57:24,148,14.8
2024-12-18 00:57:25,69,6.9
2024-12-18 00:57:26,111,11.1
2024-12-18 00:57:27,149,14.9
2024-12-18 00:57:28,55,5.5
2024-12-18 00:57:29,57,5.7
2024-12-18 00:57:30,151,15.1
2024-12-18 00:57:31,123,12.3
2024-12-18 00:57:32,77,7.7
2024-12-18 00:57:33,54,5.4
2024-12-18 00:57:34,114,11.4
2024-12-18 00:57:35,140,14.0
2024-12-18 00:57:36,108,10.8
2024-12-18 00:57:37,89,8.9
2024-12-18 00:57:38,152,15.2
2024-12-18 00:57:39,61,6.1
2024-12-18 00:57:40,150,15.0
2024-12-18 00:57:41,56,5.6
2024-12-18 00:57:42,131,13.1
2024-12-18 00:57:43,159,15.9
2024-12-18 00:57:44,112,11.2
2024-12-18 00:57:45,148,14.8
2024-12-18 00:57:46,154,15.4
2024-12-18 00:57:47,140,14.0
2024-12-18 00:57:48,65,6.5
2024-12-18 00:57:49,83,8.3
2024-12-18 00:57:50,147,14.7
2024-12-18 00:57:51,101,10.1
2024-12-18 00:57:52,110,11.0
2024-12-18 00:57:53,132,13.2
2024-12-18 00:57:54,117,11.7
2024-12-18 00:57:55,151,15.1
2024-12-18 00:57:56,135,13.5
2024-12-18 00:57:57,117,11.7
2024-12-18 00:57:58,68,6.8
2024-12-18 00:57:59,109,10.9
2024-12-18 00:58:00,75,7.5
2024-12-18 00:58:01,121,12.1
2024-12-18 00:58:02,150,15.0
2024-12-18 00:58:03,155,15.5
2024-12-18 00:58:04,123,12.3
2024-12-18 00:58:05,112,11.2
2024-12-18 00:58:06,104,10.4
2024-12-18 00:58:07,68,6.8
2024-12-18 00:58:08,90,9.0
2024-12-18 00:58:09,129,12.9
2024-12-18 00:58:10,103,10.3
2024-12-18 00:58:11,67,6.7
2024-12-18 00:58:12,66,6.6
2024-12-18 00:58:13,107,10.7
2024-12-18 00:58:14,135,13.5
2024-12-18 00:58:15,121,12.1
2024-12-18 00:58:16,159,15.9
2024-12-18 00:58:17,61,6.1
2024-12-18 00:58:18,159,15.9
2024-12-18 00:58:19,73,7.3
2024-12-18 00:58:20,82,8.2
2024-12-18 00:58:21,114,11.4
2024-12-18 00:58:22,128,12.8
2024-12-18 00:58:23,154,15.4
2024-12-18 00:58:24,147,14.7
2024-12-18 00:58:25,86,8.6
2024-12-18 00:58:26,158,15.8
2024-12-18 00:58:27,67,6.7
2024-12-18 00:58:28,146,14.6
2024-12-18 00:58:29,81,8.1
2024-12-18 00:58:30,114,11.4
2024-12-18 00:58:31,82,8.2
2024-12-18 00:58:32,60,6.0
2024-12-18 00:58:33,150,15.0
2024-12-18 00:58:34,121,12.1
2024-12-18 00:58:35,159,15.9
2024-12-18 00:58:36,59,5.9
2024-12-18 00:58:37,88,8.8
2024-12-18 00:58:38,116,11.6
2024-12-18 00:58:39,58,5.8
2024-12-18 00:58:40,109,10.9
2024-12-18 00:58:41,113,11.3
2024-12-18 00:58:42,154,15.4
2024-12-18 00:58:43,58,5.8
2024-12-18 00:58:44,131,13.1
2024-12-18 00:58:45,98,9.8
2024-12-18 00:58:46,113,11.3
2024-12-18 00:58:47,106,10.6
2024-12-18 00:58:48,135,13.5
2024-12-18 00:58:49,58,5.8
2024-12-18 00:58:50,115,11.5
2024-12-18 00:58:51,51,5.1
2024-12-18 00:58:52,153,15.3
2024-12-18 00:58:53,141,14.1
2024-12-18 00:58:54,131,13.1
2024-12-18 00:58:55,52,5.2
2024-12-18 00:58:56,117,11.7
2024-12-18 00:58:57,130,13.0
2024-12-18 00:58:58,144,14.4
2024-12-18 00:58:59,104,10.4
2024-12-18 00:59:00,130,13.0
2024-12-18 00:59:01,159,15.9
2024-12-18 00:59:02,122,12.2
2024-12-18 00:59:03,96,9.6
2024-12-18 00:59:04,140,14.0
2024-12-18 00:59:05,137,13.7
2024-12-18 00:59:06,100,10.0
2024-12-18 00:59:07,114,11.4
2024-12-18 00:59:08,86,8.6
2024-12-18 00:59:09,71,7.1
2024-12-18 00:59:10,122,12.2
2024-12-18 00:59:11,144,14.4
2024-12-18 00:59:12,136,13.6
2024-12-18 00:59:13,139,13.9
2024-12-18 00:59:14,87,8.7
2024-12-18 00:59:15,78,7.8
2024-12-18 00:59:16,105,10.5
2024-12-18 00:59:17,120,12.0
2024-12-18 00:59:18,92,9.2
2024-12-18 00:59:19,77,7.7
2024-12-18 00:59:20,125,12.5
2024-12-18 00:59:21,144,14.4
2024-12-18 00:59:22,84,8.4
2024-12-18 00:59:23,70,7.0
2024-12-18 00:59:24,156,15.6
2024-12-18 00:59:25,68,6.8
2024-12-18 00:59:26,94,9.4
2024-12-18 00:59:27,95,9.5
2024-12-18 00:59:28,100,10.0
2024-12-18 00:59:29,138,13.8
2024-12-18 00:59:30,85,8.5
2024-12-18 00:59:31,124,12.4
2024-12-18 00:59:32,93,9.3
2024-12-18 00:59:33,159,15.9
2024-12-18 00:59:34,147,14.7
2024-12-18 00:59:35,145,14.5
2024-12-18 00:59:36,92,9.2
2024-12-18 00:59:37,141,14.1
2024-12-18 00:59:38,158,15.8
2024-12-18 00:59:39,87,8.7
2024-12-18 00:59:40,80,8.0
2024-12-18 00:59:41,110,11.0
2024-12-18 00:59:42,137,13.7
2024-12-18 00:59:43,62,6.2
2024-12-18 00:59:44,66,6.6
2024-12-18 00:59:45,83,8.3
2024-12-18 00:59:46,156,15.6
2024-12-18 00:59:47,92,9.2
2024-12-18 00:59:48,91,9.1
2024-12-18 00:59:49,83,8.3
2024-12-18 00:59:50,122,12.2
2024-12-18 00:59:51,111,11.1
2024-12-18 00:59:52,152,15.2
2024-12-18 00:59:53,127,12.7
2024-12-18 00:59:54,75,7.5
2024-12-18 00:59:55,51,5.1
2024-12-18 00:59:56,68,6.8
2024-12-18 00:59:57,91,9.1
2024-12-18 00:59:58,52,5.2
2024-12-18 00:59:59,146,14.6
2024-12-18 01:00:00,78,7.8
2024-12-18 01:00:01,131,13.1
2024-12-18 01:00:02,146,14.6
2024-12-18 01:00:03,70,7.0
2024-12-18 01:00:04,145,14.5
2024-12-18 01:00:05,75,7.5
2024-12-18 01:00:06,111,11.1
2024-12-18 01:00:07,137,13.7
2024-12-18 01:00:08,53,5.3
2024-12-18 01:00:09,116,11.6
2024-12-18 01:00:10,120,12.0
2024-12-18 01:00:11,65,6.5
2024-12-18 01:00:12,78,7.8
2024-12-18 01:00:13,116,11.6
2024-12-18 01:00:14,103,10.3
2024-12-18 01:00:15,133,13.3
2024-12-18 01:00:16,72,7.2
2024-12-18 01:00:17,58,5.8
2024-12-18 01:00:18,121,12.1
2024-12-18 01:00:19,150,15.0
2024-12-18 01:00:20,146,14.6
2024-12-18 01:00:21,118,11.8
2024-12-18 01:00:22,102,10.2
2024-12-18 01:00:23,61,6.1
2024-12-18 01:00:24,53,5.3
2024-12-18 01:00:25,112,11.2
2024-12-18 01:00:26,135,13.5
2024-12-18 01:00:27,72,7.2
2024-12-18 01:00:28,74,7.4
2024-12-18 01:00:29,105,10.5
2024-12-18 01:00:30,127,12.7
2024-12-18 01:00:31,71,7.1
2024-12-18 01:00:32,78,7.8
2024-12-18 01:00:33,154,15.4
2024-12-18 01:00:34,99,9.9
2024-12-18 01:00:35,61,6.1
2024-12-18 01:00:36,110,11.0
2024-12-18 01:00:37,57,5.7
2024-12-18 01:00:38,112,11.2
2024-12-18 01:00:39,66,6.6
2024-12-18 01:00:40,140,14.0
2024-12-18 01:00:41,117,11.7
2024-12-18 01:00:42,151,15.1
2024-12-18 01:00:43,118,11.8
2024-12-18 01:00:44,61,6.1
2024-12-18 01:00:45,126,12.6
2024-12-18 01:00:46,90,9.0
2024-12-18 01:00:47,50,5.0
2024-12-18 01:00:48,115,11.5
2024-12-18 01:00:49,87,8.7
2024-12-18 01:00:50,111,11.1
2024-12-18 01:00:51,129,12.9
2024-12-18 01:00:52,65,6.5
2024-12-18 01:00:53,68,6.8
2024-12-18 01:00:54,118,11.8
2024-12-18 01:00:55,74,7.4
2024-12-18 01:00:56,146,14.6
2024-12-18 01:00:57,122,12.2
2024-12-18 01:00:58,98,9.8
2024-12-18 01:00:59,149,14.9
2024-12-18 01:01:00,132,13.2
2024-12-18 01:01:01,117,11.7
2024-12-18 01:01:02,104,10.4
2024-12-18 01:01:03,117,11.7
2024-12-18 01:01:04,143,14.3
2024-12-18 01:01:05,117,11.7
2024-12-18 01:01:06,56,5.6
2024-12-18 01:01:07,71,7.1
2024-12-18 01:01:08,89,8.9
2024-12-18 01:01:09,62,6.2
2024-12-18 01:01:10,156,15.6
2024-12-18 01:01:11,120,12.0
2024-12-18 01:01:12,71,7.1
2024-12-18 01:01:13,119,11.9
2024-12-18 01:01:14,86,8.6
2024-12-18 01:01:15,147,14.7
2024-12-18 01:01:16,66,6.6
2024-12-18 01:01:17,125,12.5
2024-12-18 01:01:18,95,9.5
2024-12-18 01:01:19,65,6.5
2024-12-18 01:01:20,100,10.0
2024-12-18 01:01:21,84,8.4
2024-12-18 01:01:22,91,9.1
2024-12-18 01:01:23,148,14.8
2024-12-18 01:01:24,113,11.3
2024-12-18 01:01:25,152,15.2
2024-12-18 01:01:26,111,11.1
2024-12-18 01:01:27,136,13.6
2024-12-18 01:01:28,154,15.4
2024-12-18 01:01:29,71,7.1
2024-12-18 01:01:30,68,6.8
2024-12-18 01:01:31,93,9.3
2024-12-18 01:01:32,85,8.5
2024-12-18 01:01:33,108,10.8
2024-12-18 01:01:34,107,10.7
2024-12-18 01:01:35,142,14.2
2024-12-18 01:01:36,159,15.9
2024-12-18 01:01:37,153,15.3
2024-12-18 01:01:38,99,9.9
2024-12-18 01:01:39,144,14.4
2024-12-18 01:01:40,104,10.4
2024-12-18 01:01:41,57,5.7
2024-12-18 01:01:42,97,9.7
2024-12-18 01:01:43,90,9.0
2024-12-18 01:01:44,115,11.5
2024-12-18 01:01:45,84,8.4
2024-12-18 01:01:46,160,16.0
2024-12-18 01:01:47,86,8.6
2024-12-18 01:01:48,54,5.4
2024-12-18 01:01:49,73,7.3
2024-12-18 01:01:50,126,12.6
2024-12-18 01:01:51,61,6.1
2024-12-18 01:01:52,152,15.2
2024-12-18 01:01:53,98,9.8
2024-12-18 01:01:54,105,10.5
2024-12-18 01:01:55,55,5.5
2024-12-18 01:01:56,109,10.9
2024-12-18 01:01:57,88,8.8
2024-12-18 01:01:58,117,11.7
2024-12-18 01:01:59,70,7.0
2024-12-18 01:02:00,95,9.5
2024-12-18 01:02:01,83,8.3
2024-12-18 01:02:02,54,5.4
2024-12-18 01:02:03,142,14.2
2024-12-18 01:02:04,87,8.7
2024-12-18 01:02:05,141,14.1
2024-12-18 01:02:06,154,15.4
2024-12-18 01:02:07,94,9.4
2024-12-18 01:02:08,120,12.0
2024-12-18 01:02:09,104,10.4
2024-12-18 01:02:10,96,9.6
2024-12-18 01:02:11,71,7.1
2024-12-18 01:02:12,155,15.5
2024-12-18 01:02:13,116,11.6
2024-12-18 01:02:14,83,8.3
2024-12-18 01:02:15,113,11.3
2024-12-18 01:02:16,74,7.4
2024-12-18 01:02:17,103,10.3
2024-12-18 01:02:18,156,15.6
2024-12-18 01:02:19,64,6.4
2024-12-18 01:02:20,102,10.2
2024-12-18 01:02:21,85,8.5
2024-12-18 01:02:22,92,9.2
2024-12-18 01:02:23,155,15.5
2024-12-18 01:02:24,126,12.6
2024-12-18 01:02:25,68,6.8
2024-12-18 01:02:26,53,5.3
2024-12-18 01:02:27,105,10.5
2024-12-18 01:02:28,135,13.5
2024-12-18 01:02:29,81,8.1
2024-12-18 01:02:30,62,6.2
2024-12-18 01:02:31,123,12.3
2024-12-18 01:02:32,72,7.2
2024-12-18 01:02:33,130,13.0
2024-12-18 01:02:34,109,10.9
2024-12-18 01:02:35,59,5.9
2024-12-18 01:02:36,114,11.4
2024-12-18 01:02:37,158,15.8
2024-12-18 01:02:38,56,5.6
2024-12-18 01:02:39,119,11.9
2024-12-18 01:02:40,76,7.6
2024-12-18 01:02:41,120,12.0
2024-12-18 01:02:42,139,13.9
2024-12-18 01:02:43,122,12.2
2024-12-18 01:02:44,156,15.6
2024-12-18 01:02:45,151,15.1
2024-12-18 01:02:46,69,6.9
2024-12-18 01:02:47,100,10.0
2024-12-18 01:02:48,81,8.1
2024-12-18 01:02:49,88,8.8
2024-12-18 01:02:50,110,11.0
2024-12-18 01:02:51,99,9.9
2024-12-18 01:02:52,114,11.4
2024-12-18 01:02:53,156,15.6
2024-12-18 01:02:54,114,11.4
2024-12-18 01:02:55,90,9.0
2024-12-18 01:02:56,143,14.3
2024-12-18 01:02:57,103,10.3
2024-12-18 01:02:58,59,5.9
2024-12-18 01:02:59,112,11.2
2024-12-18 01:03:00,145,14.5
2024-12-18 01:03:01,140,14.0
2024-12-18 01:03:02,51,5.1
2024-12-18 01:03:03,106,10.6
2024-12-18 01:03:04,61,6.1
2024-12-18 01:03:05,129,12.9
2024-12-18 01:03:06,110,11.0
2024-12-18 01:03:07,136,13.6
2024-12-18 01:03:08,144,14.4
2024-12-18 01:03:09,66,6.6
2024-12-18 01:03:10,81,8.1
2024-12-18 01:03:11,135,13.5
2024-12-18 01:03:12,110,11.0
2024-12-18 01:03:13,143,14.3
2024-12-18 01:03:14,139,13.9
2024-12-18 01:03:15,68,6.8
2024-12-18 01:03:16,106,10.6
2024-12-18 01:03:17,64,6.4
2024-12-18 01:03:18,129,12.9
2024-12-18 01:03:19,143,14.3
2024-12-18 01:03:20,147,14.7
2024-12-18 01:03:21,114,11.4
2024-12-18 01:03:22,79,7.9
2024-12-18 01:03:23,133,13.3
2024-12-18 01:03:24,53,5.3
2024-12-18 01:03:25,135,13.5
2024-12-18 01:03:26,140,14.0
2024-12-18 01:03:27,81,8.1
2024-12-18 01:03:28,89,8.9
2024-12-18 01:03:29,78,7.8
2024-12-18 01:03:30,74,7.4
2024-12-18 01:03:31,116,11.6
2024-12-18 01:03:32,72,7.2
2024-12-18 01:03:33,93,9.3
2024-12-18 01:03:34,100,10.0
2024-12-18 01:03:35,106,10.6
2024-12-18 01:03:36,150,15.0
2024-12-18 01:03:37,116,11.6
2024-12-18 01:03:38,91,9.1
2024-12-18 01:03:39,141,14.1
2024-12-18 01:03:40,143,14.3
2024-12-18 01:03:41,87,8.7
2024-12-18 01:03:42,158,15.8
2024-12-18 01:03:43,157,15.7
2024-12-18 01:03:44,144,14.4
2024-12-18 01:03:45,68,6.8
2024-12-18 01:03:46,141,14.1
2024-12-18 01:03:47,102,10.2
2024-12-18 01:03:48,124,12.4
2024-12-18 01:03:49,150,15.0
2024-12-18 01:03:50,91,9.1
2024-12-18 01:03:51,126,12.6
2024-12-18 01:03:52,101,10.1
2024-12-18 01:03:53,59,5.9
2024-12-18 01:03:54,155,15.5
2024-12-18 01:03:55,93,9.3
2024-12-18 01:03:56,131,13.1
2024-12-18 01:03:57,98,9.8
2024-12-18 01:03:58,119,11.9
2024-12-18 01:03:59,130,13.0
2024-12-18 01:04:00,92,9.2
2024-12-18 01:04:01,90,9.0
2024-12-18 01:04:02,113,11.3
2024-12-18 01:04:03,101,10.1
2024-12-18 01:04:04,72,7.2
2024-12-18 01:04:05,75,7.5
2024-12-18 01:04:06,101,10.1
2024-12-18 01:04:07,129,12.9
2024-12-18 01:04:08,52,5.2
2024-12-18 01:04:09,144,14.4
2024-12-18 01:04:10,58,5.8
2024-12-18 01:04:11,79,7.9
2024-12-18 01:04:12,77,7.7
2024-12-18 01:04:13,103,10.3
2024-12-18 01:04:14,119,11.9
2024-12-18 01:04:15,72,7.2
2024-12-18 01:04:16,147,14.7
2024-12-18 01:04:17,112,11.2
2024-12-18 01:04:18,157,15.7
2024-12-18 01:04:19,104,10.4
2024-12-18 01:04:20,120,12.0
2024-12-18 01:04:21,143,14.3
2024-12-18 01:04:22,135,13.5
2024-12-18 01:04:23,129,12.9
2024-12-18 01:04:24,101,10.1
2024-12-18 01:04:25,81,8.1
2024-12-18 01:04:26,110,11.0
2024-12-18 01:04:27,57,5.7
2024-12-18 01:04:28,126,12.6
2024-12-18 01:04:29,153,15.3
2024-12-18 01:04:30,142,14.2
2024-12-18 01:04:31,137,13.7
2024-12-18 01:04:32,157,15.7
2024-12-18 01:04:33,56,5.6
2024-12-18 01:04:34,57,5.7
2024-12-18 01:04:35,93,9.3
2024-12-18 01:04:36,125,12.5
2024-12-18 01:04:37,85,8.5
2024-12-18 01:04:38,157,15.7
2024-12-18 01:04:39,54,5.4
2024-12-18 01:04:40,83,8.3
2024-12-18 01:04:41,79,7.9
2024-12-18 01:04:42,142,14.2
2024-12-18 01:04:43,160,16.0
2024-12-18 01:04:44,130,13.0
2024-12-18 01:04:45,158,15.8
2024-12-18 01:04:46,145,14.5
2024-12-18 01:04:47,108,10.8
2024-12-18 01:04:48,53,5.3
2024-12-18 01:04:49,66,6.6
2024-12-18 01:04:50,145,14.5
2024-12-18 01:04:51,134,13.4
2024-12-18 01:04:52,143,14.3
2024-12-18 01:04:53,62,6.2
2024-12-18 01:04:54,136,13.6
2024-12-18 01:04:55,68,6.8
2024-12-18 01:04:56,88,8.8
2024-12-18 01:04:57,127,12.7
2024-12-18 01:04:58,132,13.2
2024-12-18 01:04:59,63,6.3
2024-12-18 01:05:00,152,15.2
2024-12-18 01:05:01,73,7.3
2024-12-18 01:05:02,59,5.9
2024-12-18 01:05:03,90,9.0
2024-12-18 01:05:04,137,13.7
2024-12-18 01:05:05,107,10.7
2024-12-18 01:05:06,58,5.8
2024-12-18 01:05:07,160,16.0
2024-12-18 01:05:08,147,14.7
2024-12-18 01:05:09,89,8.9
2024-12-18 01:05:10,136,13.6
2024-12-18 01:05:11,100,10.0
2024-12-18 01:05:12,147,14.7
2024-12-18 01:05:13,104,10.4
2024-12-18 01:05:14,125,12.5
2024-12-18 01:05:15,51,5.1
2024-12-18 01:05:16,145,14.5
2024-12-18 01:05:17,134,13.4
2024-12-18 01:05:18,147,14.7
2024-12-18 01:05:19,89,8.9
2024-12-18 01:05:20,154,15.4
2024-12-18 01:05:21,58,5.8
2024-12-18 01:05:22,117,11.7
2024-12-18 01:05:23,160,16.0
2024-12-18 01:05:24,121,12.1
2024-12-18 01:05:25,74,7.4
2024-12-18 01:05:26,126,12.6
2024-12-18 01:05:27,67,6.7
2024-12-18 01:05:28,157,15.7
2024-12-18 01:05:29,51,5.1
2024-12-18 01:05:30,146,14.6
2024-12-18 01:05:31,158,15.8
2024-12-18 01:05:32,130,13.0
2024-12-18 01:05:33,74,7.4
2024-12-18 01:05:34,116,11.6
2024-12-18 01:05:35,115,11.5
2024-12-18 01:05:36,68,6.8
2024-12-18 01:05:37,140,14.0
2024-12-18 01:05:38,130,13.0
2024-12-18 01:05:39,63,6.3
2024-12-18 01:05:40,81,8.1
2024-12-18 01:05:41,69,6.9
2024-12-18 01:05:42,85,8.5
2024-12-18 01:05:43,111,11.1
2024-12-18 01:05:44,143,14.3
2024-12-18 01:05:45,139,13.9
2024-12-18 01:05:46,111,11.1
2024-12-18 01:05:47,146,14.6
2024-12-18 01:05:48,160,16.0
2024-12-18 01:05:49,150,15.0
2024-12-18 01:05:50,59,5.9
2024-12-18 01:05:51,142,14.2
2024-12-18 01:05:52,90,9.0
2024-12-18 01:05:53,53,5.3
2024-12-18 01:05:54,159,15.9
2024-12-18 01:05:55,155,15.5
2024-12-18 01:05:56,131,13.1
2024-12-18 01:05:57,140,14.0
2024-12-18 01:05:58,94,9.4
2024-12-18 01:05:59,108,10.8
2024-12-18 01:06:00,127,12.7
2024-12-18 01:06:01,80,8.0
2024-12-18 01:06:02,152,15.2
2024-12-18 01:06:03,98,9.8
2024-12-18 01:06:04,122,12.2
2024-12-18 01:06:05,81,8.1
2024-12-18 01:06:06,157,15.7
2024-12-18 01:06:07,137,13.7
2024-12-18 01:06:08,142,14.2
2024-12-18 01:06:09,135,13.5
2024-12-18 01:06:10,139,13.9
2024-12-18 01:06:11,160,16.0
2024-12-18 01:06:12,141,14.1
2024-12-18 01:06:13,119,11.9
2024-12-18 01:06:14,51,5.1
2024-12-18 01:06:15,103,10.3
2024-12-18 01:06:16,141,14.1
2024-12-18 01:06:17,72,7.2
2024-12-18 01:06:18,76,7.6
2024-12-18 01:06:19,125,12.5
2024-12-18 01:06:20,92,9.2
2024-12-18 01:06:21,134,13.4
2024-12-18 01:06:22,58,5.8
2024-12-18 01:06:23,80,8.0
2024-12-18 01:06:24,138,13.8
2024-12-18 01:06:25,71,7.1
2024-12-18 01:06:26,79,7.9
2024-12-18 01:06:27,159,15.9
2024-12-18 01:06:28,88,8.8
2024-12-18 01:06:29,74,7.4
2024-12-18 01:06:30,144,14.4
2024-12-18 01:06:31,145,14.5
2024-12-18 01:06:32,71,7.1
2024-12-18 01:06:33,115,11.5
2024-12-18 01:06:34,72,7.2
2024-12-18 01:06:35,85,8.5
2024-12-18 01:06:36,120,12.0
2024-12-18 01:06:37,67,6.7
2024-12-18 01:06:38,126,12.6
2024-12-18 01:06:39,152,15.2
2024-12-18 01:06:40,76,7.6
2024-12-18 01:06:41,94,9.4
2024-12-18 01:06:42,109,10.9
2024-12-18 01:06:43,125,12.5
2024-12-18 01:06:44,154,15.4
2024-12-18 01:06:45,160,16.0
2024-12-18 01:06:46,89,8.9
2024-12-18 01:06:47,135,13.5
2024-12-18 01:06:48,149,14.9
2024-12-18 01:06:49,148,14.8
2024-12-18 01:06:50,50,5.0
2024-12-18 01:06:51,66,6.6
2024-12-18 01:06:52,68,6.8
2024-12-18 01:06:53,118,11.8
2024-12-18 01:06:54,66,6.6
2024-12-18 01:06:55,113,11.3
2024-12-18 01:06:56,59,5.9
2024-12-18 01:06:57,131,13.1
2024-12-18 01:06:58,83,8.3
2024-12-18 01:06:59,89,8.9
2024-12-18 01:07:00,88,8.8
2024-12-18 01:07:01,133,13.3
2024-12-18 01:07:02,103,10.3
2024-12-18 01:07:03,139,13.9
2024-12-18 01:07:04,83,8.3
2024-12-18 01:07:05,90,9.0
2024-12-18 01:07:06,53,5.3
2024-12-18 01:07:07,74,7.4
2024-12-18 01:07:08,91,9.1
2024-12-18 01:07:09,138,13.8
2024-12-18 01:07:10,140,14.0
2024-12-18 01:07:11,132,13.2
2024-12-18 01:07:12,132,13.2
2024-12-18 01:07:13,122,12.2
2024-12-18 01:07:14,108,10.8
2024-12-18 01:07:15,52,5.2
2024-12-18 01:07:16,105,10.5
2024-12-18 01:07:17,146,14.6
2024-12-18 01:07:18,68,6.8
2024-12-18 01:07:19,109,10.9
2024-12-18 01:07:20,120,12.0
2024-12-18 01:07:21,95,9.5
2024-12-18 01:07:22,98,9.8
2024-12-18 01:07:23,113,11.3
2024-12-18 01:07:24,143,14.3
2024-12-18 01:07:25,54,5.4
2024-12-18 01:07:26,80,8.0
2024-12-18 01:07:27,69,6.9
2024-12-18 01:07:28,101,10.1
2024-12-18 01:07:29,88,8.8
2024-12-18 01:07:30,58,5.8
2024-12-18 01:07:31,92,9.2
2024-12-18 01:07:32,89,8.9
2024-12-18 01:07:33,95,9.5
2024-12-18 01:07:34,134,13.4
2024-12-18 01:07:35,130,13.0
2024-12-18 01:07:36,72,7.2
2024-12-18 01:07:37,80,8.0
2024-12-18 01:07:38,73,7.3
2024-12-18 01:07:39,57,5.7
2024-12-18 01:07:40,92,9.2
2024-12-18 01:07:41,98,9.8
2024-12-18 01:07:42,134,13.4
2024-12-18 01:07:43,150,15.0
2024-12-18 01:07:44,101,10.1
2024-12-18 01:07:45,152,15.2
2024-12-18 01:07:46,83,8.3
2024-12-18 01:07:47,97,9.7
2024-12-18 01:07:48,103,10.3
2024-12-18 01:07:49,146,14.6
2024-12-18 01:07:50,119,11.9
2024-12-18 01:07:51,77,7.7
2024-12-18 01:07:52,143,14.3
2024-12-18 01:07:53,116,11.6
2024-12-18 01:07:54,144,14.4
2024-12-18 01:07:55,92,9.2
2024-12-18 01:07:56,57,5.7
2024-12-18 01:07:57,150,15.0
2024-12-18 01:07:58,99,9.9
2024-12-18 01:07:59,110,11.0
2024-12-18 01:08:00,98,9.8
2024-12-18 01:08:01,97,9.7
2024-12-18 01:08:02,133,13.3
2024-12-18 01:08:03,63,6.3
2024-12-18 01:08:04,136,13.6
2024-12-18 01:08:05,148,14.8
2024-12-18 01:08:06,83,8.3
2024-12-18 01:08:07,133,13.3
2024-12-18 01:08:08,145,14.5
2024-12-18 01:08:09,157,15.7
2024-12-18 01:08:10,90,9.0
2024-12-18 01:08:11,53,5.3
2024-12-18 01:08:12,116,11.6
2024-12-18 01:08:13,82,8.2
2024-12-18 01:08:14,146,14.6
2024-12-18 01:08:15,93,9.3
2024-12-18 01:08:16,59,5.9
2024-12-18 01:08:17,160,16.0
2024-12-18 01:08:18,98,9.8
2024-12-18 01:08:19,147,14.7
2024-12-18 01:08:20,78,7.8
2024-12-18 01:08:21,105,10.5
2024-12-18 01:08:22,79,7.9
2024-12-18 01:08:23,120,12.0
2024-12-18 01:08:24,157,15.7
2024-12-18 01:08:25,73,7.3
2024-12-18 01:08:26,100,10.0
2024-12-18 01:08:27,143,14.3
2024-12-18 01:08:28,127,12.7
2024-12-18 01:08:29,67,6.7
2024-12-18 01:08:30,150,15.0
2024-12-18 01:08:31,68,6.8
2024-12-18 01:08:32,154,15.4
2024-12-18 01:08:33,101,10.1
2024-12-18 01:08:34,158,15.8
2024-12-18 01:08:35,147,14.7
2024-12-18 01:08:36,59,5.9
2024-12-18 01:08:37,129,12.9
2024-12-18 01:08:38,65,6.5
2024-12-18 01:08:39,125,12.5
2024-12-18 01:08:40,85,8.5
2024-12-18 01:08:41,56,5.6
2024-12-18 01:08:42,149,14.9
2024-12-18 01:08:43,59,5.9
2024-12-18 01:08:44,90,9.0
2024-12-18 01:08:45,142,14.2
2024-12-18 01:08:46,137,13.7
2024-12-18 01:08:47,134,13.4
2024-12-18 01:08:48,150,15.0
2024-12-18 01:08:49,138,13.8
2024-12-18 01:08:50,79,7.9
2024-12-18 01:08:51,134,13.4
2024-12-18 01:08:52,120,12.0
2024-12-18 01:08:53,78,7.8
2024-12-18 01:08:54,57,5.7
2024-12-18 01:08:55,52,5.2
2024-12-18 01:08:56,53,5.3
2024-12-18 01:08:57,75,7.5
2024-12-18 01:08:58,75,7.5
2024-12-18 01:08:59,137,13.7
2024-12-18 01:09:00,73,7.3
2024-12-18 01:09:01,78,7.8
2024-12-18 01:09:02,128,12.8
2024-12-18 01:09:03,148,14.8
2024-12-18 01:09:04,111,11.1
2024-12-18 01:09:05,160,16.0
2024-12-18 01:09:06,89,8.9
2024-12-18 01:09:07,148,14.8
2024-12-18 01:09:08,76,7.6
2024-12-18 01:09:09,74,7.4
2024-12-18 01:09:10,68,6.8
2024-12-18 01:09:11,113,11.3
2024-12-18 01:09:12,85,8.5
2024-12-18 01:09:13,102,10.2
2024-12-18 01:09:14,62,6.2
2024-12-18 01:09:15,146,14.6
2024-12-18 01:09:16,62,6.2
2024-12-18 01:09:17,55,5.5
2024-12-18 01:09:18,92,9.2
2024-12-18 01:09:19,139,13.9
2024-12-18 01:09:20,105,10.5
2024-12-18 01:09:21,138,13.8
2024-12-18 01:09:22,53,5.3
2024-12-18 01:09:23,55,5.5
2024-12-18 01:09:24,143,14.3
2024-12-18 01:09:25,111,11.1
2024-12-18 01:09:26,150,15.0
2024-12-18 01:09:27,118,11.8
2024-12-18 01:09:28,60,6.0
2024-12-18 01:09:29,106,10.6
2024-12-18 01:09:30,145,14.5
2024-12-18 01:09:31,89,8.9
2024-12-18 01:09:32,105,10.5
2024-12-18 01:09:33,61,6.1
2024-12-18 01:09:34,141,14.1
2024-12-18 01:09:35,86,8.6
2024-12-18 01:09:36,96,9.6
2024-12-18 01:09:37,110,11.0
2024-12-18 01:09:38,69,6.9
2024-12-18 01:09:39,123,12.3
2024-12-18 01:09:40,59,5.9
2024-12-18 01:09:41,72,7.2
2024-12-18 01:09:42,100,10.0
2024-12-18 01:09:43,139,13.9
2024-12-18 01:09:44,129,12.9
2024-12-18 01:09:45,93,9.3
2024-12-18 01:09:46,101,10.1
2024-12-18 01:09:47,124,12.4
2024-12-18 01:09:48,121,12.1
2024-12-18 01:09:49,124,12.4
2024-12-18 01:09:50,136,13.6
2024-12-18 01:09:51,90,9.0
2024-12-18 01:09:52,128,12.8
2024-12-18 01:09:53,128,12.8
2024-12-18 01:09:54,74,7.4
2024-12-18 01:09:55,101,10.1
2024-12-18 01:09:56,52,5.2
2024-12-18 01:09:57,118,11.8
2024-12-18 01:09:58,59,5.9
2024-12-18 01:09:59,151,15.1
2024-12-18 01:10:00,142,14.2
2024-12-18 01:10:01,58,5.8
2024-12-18 01:10:02,97,9.7
2024-12-18 01:10:03,117,11.7
2024-12-18 01:10:04,88,8.8
2024-12-18 01:10:05,60,6.0
2024-12-18 01:10:06,94,9.4
2024-12-18 01:10:07,81,8.1
2024-12-18 01:10:08,149,14.9
2024-12-18 01:10:09,100,10.0
2024-12-18 01:10:10,55,5.5
2024-12-18 01:10:11,159,15.9
2024-12-18 01:10:12,145,14.5
2024-12-18 01:10:13,143,14.3
2024-12-18 01:10:14,158,15.8
2024-12-18 01:10:15,122,12.2
2024-12-18 01:10:16,52,5.2
2024-12-18 01:10:17,85,8.5
2024-12-18 01:10:18,148,14.8
2024-12-18 01:10:19,56,5.6
2024-12-18 01:10:20,105,10.5
2024-12-18 01:10:21,56,5.6
2024-12-18 01:10:22,159,15.9
2024-12-18 01:10:23,90,9.0
2024-12-18 01:10:24,142,14.2
2024-12-18 01:10:25,115,11.5
2024-12-18 01:10:26,124,12.4
2024-12-18 01:10:27,60,6.0
2024-12-18 01:10:28,141,14.1
2024-12-18 01:10:29,101,10.1
2024-12-18 01:10:30,60,6.0
2024-12-18 01:10:31,143,14.3
2024-12-18 01:10:32,59,5.9
2024-12-18 01:10:33,148,14.8
2024-12-18 01:10:34,93,9.3
2024-12-18 01:10:35,127,12.7
2024-12-18 01:10:36,92,9.2
2024-12-18 01:10:37,87,8.7
2024-12-18 01:10:38,132,13.2
2024-12-18 01:10:39,69,6.9
2024-12-18 01:10:40,157,15.7
2024-12-18 01:10:41,124,12.4
2024-12-18 01:10:42,143,14.3
2024-12-18 01:10:43,69,6.9
2024-12-18 01:10:44,50,5.0
2024-12-18 01:10:45,62,6.2
2024-12-18 01:10:46,101,10.1
2024-12-18 01:10:47,117,11.7
2024-12-18 01:10:48,160,16.0
2024-12-18 01:10:49,77,7.7
2024-12-18 01:10:50,63,6.3
2024-12-18 01:10:51,71,7.1
2024-12-18 01:10:52,144,14.4
2024-12-18 01:10:53,129,12.9
2024-12-18 01:10:54,143,14.3
2024-12-18 01:10:55,61,6.1
2024-12-18 01:10:56,72,7.2
2024-12-18 01:10:57,132,13.2
2024-12-18 01:10:58,113,11.3
2024-12-18 01:10:59,110,11.0
2024-12-18 01:11:00,133,13.3
2024-12-18 01:11:01,133,13.3
2024-12-18 01:11:02,66,6.6
2024-12-18 01:11:03,148,14.8
2024-12-18 01:11:04,75,7.5
2024-12-18 01:11:05,109,10.9
2024-12-18 01:11:06,128,12.8
2024-12-18 01:11:07,150,15.0
2024-12-18 01:11:08,124,12.4
2024-12-18 01:11:09,54,5.4
2024-12-18 01:11:10,132,13.2
2024-12-18 01:11:11,105,10.5
2024-12-18 01:11:12,93,9.3
2024-12-18 01:11:13,128,12.8
2024-12-18 01:11:14,69,6.9
2024-12-18 01:11:15,91,9.1
2024-12-18 01:11:16,75,7.5
2024-12-18 01:11:17,138,13.8
2024-12-18 01:11:18,68,6.8
2024-12-18 01:11:19,113,11.3
2024-12-18 01:11:20,66,6.6
2024-12-18 01:11:21,98,9.8
2024-12-18 01:11:22,125,12.5
2024-12-18 01:11:23,54,5.4
2024-12-18 01:11:24,56,5.6
2024-12-18 01:11:25,121,12.1
2024-12-18 01:11:26,50,5.0
2024-12-18 01:11:27,115,11.5
2024-12-18 01:11:28,102,10.2
2024-12-18 01:11:29,60,6.0
2024-12-18 01:11:30,129,12.9
2024-12-18 01:11:31,132,13.2
2024-12-18 01:11:32,51,5.1
2024-12-18 01:11:33,119,11.9
2024-12-18 01:11:34,57,5.7
2024-12-18 01:11:35,135,13.5
2024-12-18 01:11:36,108,10.8
2024-12-18 01:11:37,150,15.0
2024-12-18 01:11:38,157,15.7
2024-12-18 01:11:39,68,6.8
2024-12-18 01:11:40,62,6.2
2024-12-18 01:11:41,61,6.1
2024-12-18 01:11:42,78,7.8
2024-12-18 01:11:43,136,13.6
2024-12-18 01:11:44,116,11.6
2024-12-18 01:11:45,70,7.0
2024-12-18 01:11:46,50,5.0
2024-12-18 01:11:47,145,14.5
2024-12-18 01:11:48,129,12.9
2024-12-18 01:11:49,136,13.6
2024-12-18 01:11:50,121,12.1
2024-12-18 01:11:51,105,10.5
2024-12-18 01:11:52,116,11.6
2024-12-18 01:11:53,159,15.9
2024-12-18 01:11:54,60,6.0
2024-12-18 01:11:55,81,8.1
2024-12-18 01:11:56,155,15.5
2024-12-18 01:11:57,61,6.1
2024-12-18 01:11:58,76,7.6
2024-12-18 01:11:59,136,13.6
2024-12-18 01:12:00,150,15.0
2024-12-18 01:12:01,136,13.6
2024-12-18 01:12:02,140,14.0
2024-12-18 01:12:03,89,8.9
2024-12-18 01:12:04,125,12.5
2024-12-18 01:12:05,84,8.4
2024-12-18 01:12:06,144,14.4
2024-12-18 01:12:07,149,14.9
2024-12-18 01:12:08,70,7.0
2024-12-18 01:12:09,146,14.6
2024-12-18 01:12:10,123,12.3
2024-12-18 01:12:11,93,9.3
2024-12-18 01:12:12,115,11.5
2024-12-18 01:12:13,98,9.8
2024-12-18 01:12:14,100,10.0
2024-12-18 01:12:15,116,11.6
2024-12-18 01:12:16,52,5.2
2024-12-18 01:12:17,123,12.3
2024-12-18 01:12:18,66,6.6
2024-12-18 01:12:19,89,8.9
2024-12-18 01:12:20,100,10.0
2024-12-18 01:12:21,92,9.2
2024-12-18 01:12:22,78,7.8
2024-12-18 01:12:23,111,11.1
2024-12-18 01:12:24,74,7.4
2024-12-18 01:12:25,129,12.9
2024-12-18 01:12:26,55,5.5
2024-12-18 01:12:27,131,13.1
2024-12-18 01:12:28,97,9.7
2024-12-18 01:12:29,127,12.7
2024-12-18 01:12:30,150,15.0
2024-12-18 01:12:31,69,6.9
2024-12-18 01:12:32,83,8.3
2024-12-18 01:12:33,116,11.6
2024-12-18 01:12:34,105,10.5
2024-12-18 01:12:35,96,9.6
2024-12-18 01:12:36,138,13.8
2024-12-18 01:12:37,113,11.3
2024-12-18 01:12:38,102,10.2
2024-12-18 01:12:39,140,14.0
2024-12-18 01:12:40,125,12.5
2024-12-18 01:12:41,56,5.6
2024-12-18 01:12:42,85,8.5
2024-12-18 01:12:43,50,5.0
2024-12-18 01:12:44,131,13.1
2024-12-18 01:12:45,146,14.6
2024-12-18 01:12:46,62,6.2
2024-12-18 01:12:47,110,11.0
2024-12-18 01:12:48,82,8.2
2024-12-18 01:12:49,60,6.0
2024-12-18 01:12:50,126,12.6
2024-12-18 01:12:51,117,11.7
2024-12-18 01:12:52,111,11.1
2024-12-18 01:12:53,68,6.8
2024-12-18 01:12:54,106,10.6
2024-12-18 01:12:55,73,7.3
2024-12-18 01:12:56,65,6.5
2024-12-18 01:12:57,72,7.2
2024-12-18 01:12:58,103,10.3
2024-12-18 01:12:59,116,11.6
2024-12-18 01:13:00,64,6.4
2024-12-18 01:13:01,93,9.3
2024-12-18 01:13:02,52,5.2
2024-12-18 01:13:03,92,9.2
2024-12-18 01:13:04,151,15.1
2024-12-18 01:13:05,131,13.1
2024-12-18 01:13:06,155,15.5
2024-12-18 01:13:07,124,12.4
2024-12-18 01:13:08,60,6.0
2024-12-18 01:13:09,78,7.8
2024-12-18 01:13:10,160,16.0
2024-12-18 01:13:11,68,6.8
2024-12-18 01:13:12,105,10.5
2024-12-18 01:13:13,104,10.4
2024-12-18 01:13:14,56,5.6
2024-12-18 01:13:15,90,9.0
2024-12-18 01:13:16,73,7.3
2024-12-18 01:13:17,154,15.4
2024-12-18 01:13:18,103,10.3
2024-12-18 01:13:19,153,15.3
2024-12-18 01:13:20,157,15.7
2024-12-18 01:13:21,107,10.7
2024-12-18 01:13:22,67,6.7
2024-12-18 01:13:23,75,7.5
2024-12-18 01:13:24,128,12.8
2024-12-18 01:13:25,106,10.6
2024-12-18 01:13:26,63,6.3
2024-12-18 01:13:27,152,15.2
2024-12-18 01:13:28,70,7.0
2024-12-18 01:13:29,136,13.6
2024-12-18 01:13:30,122,12.2
2024-12-18 01:13:31,158,15.8
2024-12-18 01:13:32,87,8.7
2024-12-18 01:13:33,68,6.8
2024-12-18 01:13:34,150,15.0
2024-12-18 01:13:35,98,9.8
2024-12-18 01:13:36,100,10.0
2024-12-18 01:13:37,103,10.3
2024-12-18 01:13:38,140,14.0
2024-12-18 01:13:39,91,9.1
2024-12-18 01:13:40,124,12.4
2024-12-18 01:13:41,119,11.9
2024-12-18 01:13:42,148,14.8
2024-12-18 01:13:43,83,8.3
2024-12-18 01:13:44,106,10.6
2024-12-18 01:13:45,66,6.6
2024-12-18 01:13:46,71,7.1
2024-12-18 01:13:47,91,9.1
2024-12-18 01:13:48,93,9.3
2024-12-18 01:13:49,126,12.6
2024-12-18 01:13:50,118,11.8
2024-12-18 01:13:51,109,10.9
2024-12-18 01:13:52,128,12.8
2024-12-18 01:13:53,126,12.6
2024-12-18 01:13:54,142,14.2
2024-12-18 01:13:55,84,8.4
2024-12-18 01:13:56,147,14.7
2024-12-18 01:13:57,115,11.5
2024-12-18 01:13:58,146,14.6
2024-12-18 01:13:59,134,13.4
2024-12-18 01:14:00,135,13.5
2024-12-18 01:14:01,59,5.9
2024-12-18 01:14:02,52,5.2
2024-12-18 01:14:03,119,11.9
2024-12-18 01:14:04,51,5.1
2024-12-18 01:14:05,85,8.5
2024-12-18 01:14:06,74,7.4
2024-12-18 01:14:07,74,7.4
2024-12-18 01:14:08,103,10.3
2024-12-18 01:14:09,64,6.4
2024-12-18 01:14:10,62,6.2
2024-12-18 01:14:11,108,10.8
2024-12-18 01:14:12,83,8.3
2024-12-18 01:14:13,89,8.9
2024-12-18 01:14:14,127,12.7
2024-12-18 01:14:15,99,9.9
2024-12-18 01:14:16,147,14.7
2024-12-18 01:14:17,119,11.9
2024-12-18 01:14:18,124,12.4
2024-12-18 01:14:19,66,6.6
2024-12-18 01:14:20,106,10.6
2024-12-18 01:14:21,117,11.7
2024-12-18 01:14:22,97,9.7
2024-12-18 01:14:23,140,14.0
2024-12-18 01:14:24,89,8.9
2024-12-18 01:14:25,117,11.7
2024-12-18 01:14:26,72,7.2
2024-12-18 01:14:27,82,8.2
2024-12-18 01:14:28,132,13.2
2024-12-18 01:14:29,65,6.5
2024-12-18 01:14:30,143,14.3
2024-12-18 01:14:31,143,14.3
2024-12-18 01:14:32,142,14.2
2024-12-18 01:14:33,127,12.7
2024-12-18 01:14:34,157,15.7
2024-12-18 01:14:35,156,15.6
2024-12-18 01:14:36,145,14.5
2024-12-18 01:14:37,113,11.3
2024-12-18 01:14:38,72,7.2
2024-12-18 01:14:39,84,8.4
2024-12-18 01:14:40,59,5.9
2024-12-18 01:14:41,117,11.7
2024-12-18 01:14:42,117,11.7
2024-12-18 01:14:43,148,14.8
2024-12-18 01:14:44,63,6.3
2024-12-18 01:14:45,57,5.7
2024-12-18 01:14:46,61,6.1
2024-12-18 01:14:47,110,11.0
2024-12-18 01:14:48,135,13.5
